{
    "Title": "A multi-sine excitation signal optimization strategy for rapid measurement of battery impedance spectrum in time domain",
    "Authors": [
        "Zhigang Guo",
        "Qi Wang",
        "Wei Yang",
        "Minhao Hu",
        "Guojun Wang",
        "Di Lu",
        "Miao Bai",
        "Chao Lyu"
    ],
    "Date": "2023-01-12",
    "Institution": [
        "Harbin Institute of Technology",
        "Ltd"
    ],
    "City": [
        "Harbin"
    ],
    "Country": [
        "China"
    ],
    "Keywords": [
        "Current measurement",
        "Genetic algorithm",
        "Waveform",
        "Amplitude Frequency",
        "State of charge",
        "Excitation Frequency",
        "Mean Square Error",
        "Sinusoidal Signal",
        "Fast Fourier Transform",
        "Mutation Rate",
        "Electrochemical impedance spectroscopy",
        "Amplitude Of Component",
        "Batteries",
        "Multisine Excitation",
        "Fast Fourier transform",
        "Time measurement",
        "Amplitude optimization",
        "Impedance measurement",
        "Frequency Points",
        "Impedance",
        "Electrochemical Impedance Spectroscopy",
        "Excitation Amplitude",
        "Time Domain Measures",
        "Time Domain",
        "State Of Charge",
        "Optimal Strategy",
        "Frequency Domain Measures",
        "Battery charge measurement",
        "Battery Impedance",
        "Excitation Signal",
        "Fast Fourier",
        "Sinusoidal Components",
        "Voltage Response",
        "Phase optimization",
        "Amplitude Error",
        "Peak Value",
        "Excitatory Currents",
        "Accurate Measurement",
        "Fourier Transform",
        "Response Amplitude"
    ]
}