{
    "Title": "Key Factors of Production Robotization and its Impact on Labor Productivity",
    "Authors": [
        "Alla Kasych",
        "Valentyna Glukhova",
        "Nataliia Buhas",
        "Tetiana Nefedova"
    ],
    "Date": "2023-01-16",
    "Institution": [
        "Kremenchuk Mykhailo Ostrohradskyi National University",
        "Kyiv National University of Technologies and Design"
    ],
    "City": [
        "Kremenchuk",
        "Kyiv"
    ],
    "Country": [
        "Ukraine"
    ],
    "Keywords": [
        "Compound Annual Growth Rate",
        "Developed Countries",
        "Automation",
        "Average Growth Rate",
        "Companies",
        "Service robots",
        "key factors",
        "Labour Market",
        "Increase In The Number",
        "Price Of Labour",
        "robotization",
        "Field Of Robotics",
        "Average Growth",
        "European Countries",
        "Vast Majority Of Countries",
        "labor productivity",
        "Main Trends",
        "Labour Productivity Growth",
        "Manufacturing Industry",
        "South Korea",
        "Market Size",
        "Labor Costs",
        "Dollars",
        "Asian Countries",
        "Global Market",
        "Labour Productivity",
        "Electric potential",
        "Average Annual Rate",
        "Economic Development",
        "Automotive Industry",
        "Market research",
        "Productivity",
        "Global Economy",
        "economic advantages",
        "active automation",
        "Impact Of Processes",
        "Modern Conditions",
        "Increase In Labour Productivity",
        "Low Level Of Development",
        "Manufacturing industries"
    ]
}