{
    "Title": "Development and Evaluation of a Temperature Control Set-up for the Thermal Conductivity Measurement of Phase Change Materials",
    "Authors": [
        "Swathi Krishna Subhash",
        "William Felipe Chaverra Ordoñez",
        "Harald Hillebrecht",
        "Peter Woias",
        "Uwe Pelz"
    ],
    "Date": "2023-01-13",
    "Institution": [
        "Cluster of Excellence livMatS @ FIT – Freiburg Center for Interactive Materials and Bioinspired Technologies",
        "Department of Microsystems Engineering – IMTEK",
        "Department of Inorganic and Analytic Chemistry"
    ],
    "City": [
        "University of Freiburg"
    ],
    "Country": [
        "Germany"
    ],
    "Keywords": [
        "Thermoelectric Coolers",
        "Latent heat",
        "Latent Heat",
        "Heat Transfer",
        "Thermal Conductivity Of Materials",
        "3D Printing",
        "Temperature-dependent Thermal Conductivity",
        "Thermal Conductivity Measurements",
        "Thermal Conductivity Enhancement",
        "Conductivity measurement",
        "Phase measurement",
        "Peltier Temperature Controller",
        "Heat Exchanger",
        "Uncertainty",
        "Relative Uncertainty",
        "Temperature Sensor",
        "Temperature dependence",
        "Thermal Storage",
        "Copper Plate",
        "Thermal Conductivity Of Composites",
        "Thermal Energy",
        "Thermal Energy Storage",
        "Phase Change Materials",
        "Thermal conductivity",
        "Phase Change",
        "Resistance Temperature Detectors",
        "Thermal Conductivity",
        "Phase change materials",
        "Liquids",
        "Liquid State",
        "Melting Enthalpy",
        "Control Setup",
        "Temperature measurement",
        "Sensible Heat",
        "Thermoelectric generator",
        "Thermoelectric Generators",
        "Wheatstone Bridge"
    ]
}