{
    "Title": "Current-Mode CMOS Multifunctional Circuits for Analog Signal Processing",
    "Authors": [
        "Cosmin Radu Popa"
    ],
    "Date": "2023-01-09",
    "Institution": [
        "Romania"
    ],
    "City": [
        "Bucharest"
    ],
    "Country": [
        "Romania"
    ],
    "Keywords": [
        "Low voltage",
        "Multifunctional Circuits",
        "Signal processing",
        "Differential Amplifier",
        "Function Approximation",
        "Synthesizers",
        "functional core",
        "Taylor Expansion",
        "Simple Implementation",
        "CMOS Technology",
        "multifunctional structures",
        "Class Assignment",
        "accuracy",
        "Costs",
        "Applications In Many Areas",
        "analog signal processing",
        "Core Functions",
        "Exponent",
        "Block Diagram",
        "Power Consumption",
        "Monte Carlo methods",
        "Output Current",
        "Low-voltage Operation",
        "Silicon Area",
        "linearity",
        "Multitude Of Functions",
        "Silicon",
        "Circuit Function",
        "Exponential Function",
        "Power demand",
        "Analog Signal Processing",
        "Linear Amplifier",
        "Generality Of The Method"
    ]
}