{
    "Title": "Brake Blending Design Using Distributed and Shared X-in-the-loop Test Environment",
    "Authors": [
        "Valentin Ivanov",
        "Viktar Beliautsou",
        "Viktor Schreiber",
        "Marius Heydrich",
        "Elizaveta Gramstat",
        "Sebastian Gramstat"
    ],
    "Date": "2023-01-05",
    "Institution": [
        "Automotive Engineering Group TU Ilmenau",
        "Virtual Driving Testing EFS",
        "Development Foundation Brake AUDI AG"
    ],
    "City": [
        "Ingolstadt",
        "Ilmenau",
        "Gaimersheim"
    ],
    "Country": [
        "Germany"
    ],
    "Keywords": [
        "Stability Control",
        "X-in-the-loop",
        "Electronic Stability Control",
        "Test facilities",
        "User Datagram Protocol",
        "Virtual Private Network",
        "Wheel Slip",
        "electric vehicle",
        "Energy Efficiency",
        "Test Rig",
        "brake blending",
        "brake-by-wire",
        "Key Performance Indicators",
        "Data Exchange",
        "in-wheel motor",
        "Mapping Efficiency",
        "Round-trip Time",
        "Test Environment",
        "Test Bench",
        "Electrical Engineering",
        "Braking System",
        "Torque",
        "Test Platform",
        "Regenerative Braking",
        "Quality control",
        "Mechanical power transmission",
        "Electric Vehicles",
        "Velocity Region",
        "Friction",
        "Propulsion",
        "Electric potential",
        "Actuator"
    ]
}