{
    "Title": "Task Offloading with 5G Network Slicing for V2X Communications",
    "Authors": [
        "George Alkhoury",
        "Sara Berri",
        "Arsenia Chorti"
    ],
    "Date": "2023-01-11",
    "Institution": [
        "UMR 8051 CY Cergy Paris University"
    ],
    "City": [
        "ENSEA"
    ],
    "Country": [
        "CNRS"
    ],
    "Keywords": [
        "Network slicing",
        "V2X Communication",
        "Mobile Edge Computing",
        "Vehicular Edge Computing",
        "Vehicle-to-Everything Communications (V2X)",
        "Wireless Networks",
        "5G mobile communication",
        "Quality of service",
        "Linear Programming",
        "Roadside Units",
        "Heuristic Algorithm",
        "General Scenario",
        "Vehicular Networks",
        "Data Rate Requirements",
        "Task Offloading",
        "Physical Network",
        "Storage Capacity",
        "Acceptance Ratio",
        "Channel Bandwidth",
        "Solid modeling",
        "Resource Allocation",
        "Edge Computing",
        "Data Rate",
        "Resource management",
        "Service Quality",
        "Nearby Vehicles",
        "Non-orthogonal Multiple Access",
        "Road side unit",
        "Network Model",
        "Antenna Height",
        "5G Network Slicing",
        "V2V Communication",
        "Deep Q-learning",
        "Edge Server",
        "Simulation",
        "Network Slicing",
        "Virtual Network Functions",
        "Adaptive Scheme",
        "Demand Requirements"
    ]
}