{
    "Title": "Effects of Beam Misalignment on Heterogeneous Cellular Networks with Mm-Wave Small Cells",
    "Authors": [
        "Muhammad Saad Zia",
        "Douglas M. Blough",
        "Mary Ann Weitnauer"
    ],
    "Date": "2023-01-11",
    "Institution": [
        "Atlanta"
    ],
    "City": [
        "Georgia"
    ],
    "Country": [
        "USA"
    ],
    "Keywords": [
        "Omnidirectional Antenna",
        "Simulation",
        "Downlink",
        "Global communication",
        "Uniform Linear Array",
        "Bias Factor",
        "Rayleigh Fading",
        "Heterogeneous Network",
        "Signal-to-interference-plus-noise Ratio",
        "mmWave Small Cell",
        "Small-scale Fading",
        "rate coverage probability",
        "Pink Curve",
        "Presence Of Errors",
        "Maximum Gain",
        "Effect Of Error",
        "HetNet",
        "Line-of-sight propagation",
        "Heterogeneous networks",
        "Base Station",
        "Set Of Curves",
        "Bias Values",
        "Achievable Rate",
        "Alignment Errors",
        "Sub-6 GHz",
        "Cramer-Rao Lower Bound",
        "Beam alignment error",
        "Half-power Beamwidth",
        "Directional Antenna",
        "bias",
        "Base stations",
        "non line-of-sight",
        "Coverage Probability",
        "Perfect Alignment",
        "Antenna Array",
        "User Equipment",
        "Cellular networks",
        "Locations Of Base Stations",
        "Base Station Antennas",
        "Poisson Process",
        "Mm-wave Frequencies",
        "Beam Misalignment"
    ]
}