{
    "Title": "Classification of Covid-19 Vaccines tweets using Naïve Bayes Classification",
    "Authors": [
        "Jeethu Philip",
        "Venkata Nagaraju Thatha",
        "M. Harshini",
        "I.V.S.L Haritha",
        "Shruti Patil",
        "B. Veerasekhar Reddy"
    ],
    "Date": "2023-01-16",
    "Institution": [
        "MLR Institute of Technology"
    ],
    "City": [
        "Hyderabad"
    ],
    "Country": [
        "India"
    ],
    "Keywords": [
        "Multimedia Web sites",
        "Application Programming Interface",
        "Tweet Sentiment",
        "Conspiracy Theories",
        "Lemmatization",
        "COVID-19",
        "Unstructured Data",
        "Covaxin",
        "Covid-19",
        "Classification algorithms",
        "Neutral Sentiment",
        "Bayesian Classifier",
        "Learning Algorithms",
        "Social networking (online)",
        "Average Minimum",
        "Subjectivity",
        "Neutral Category",
        "Authentication",
        "Cloud Data",
        "COVID-19 Vaccine",
        "Hashtags",
        "Sentiment Analysis",
        "Social Media",
        "Social Networks",
        "Social Media Platforms",
        "Text Data",
        "Textual Information",
        "Blogs",
        "Vaccines",
        "Covishield.Pfizer.Naïve Bayes"
    ]
}