{
    "Title": "Omnidirectional Autonomous Aggressive Perching of Unmanned Aerial Vehicle using Reinforcement Learning Trajectory Generation and Control",
    "Authors": [
        "Yu-Ting Huang",
        "Chen-Huan Pi",
        "Stone Cheng"
    ],
    "Date": "2023-01-04",
    "Institution": [
        "National Yang Ming Chiao Tung University"
    ],
    "City": [
        "Hsinchu"
    ],
    "Country": [
        "Taiwan"
    ],
    "Keywords": [
        "Drag Force",
        "quadrotor",
        "Neural Network",
        "Reinforcement learning",
        "Underactuated Systems",
        "Micro Air Vehicles",
        "Uncertainty",
        "Relative Low Cost",
        "Body Frame",
        "Trajectory Planning",
        "Vertical Walls",
        "Trajectory tracking",
        "Angular Velocity",
        "Unmanned Aerial Vehicles",
        "Reinforcement Learning Policy",
        "Trajectory Tracking Control",
        "Reinforcement Learning Methods",
        "Rigid Body Dynamics",
        "State Space",
        "Trajectory planning",
        "Trajectory Generation",
        "Position Tracking",
        "Aggressive flight",
        "Reinforcement Learning Control",
        "Tracking Control",
        "Pitch Angle",
        "Euler Angles",
        "reinforcement learning",
        "Training",
        "Real-world Experiments",
        "Tracking Results",
        "Reward Function",
        "Computation Time",
        "Markov Decision Process",
        "Policy Network",
        "Stability analysis",
        "Trajectory",
        "Control Structure",
        "Landing Point"
    ]
}