{
    "Title": "Single-Snapshot Localization for Near-Field RIS Model Using Atomic Norm Minimization",
    "Authors": [
        "Omar Rinchi",
        "Ahmed Elzanaty",
        "Ahmad Alsharoa"
    ],
    "Date": "2023-01-11",
    "Institution": [
        "University of Surrey",
        "Rolla"
    ],
    "City": [
        "MO",
        "Guildford"
    ],
    "Country": [
        "United Kingdom",
        "USA"
    ],
    "Keywords": [
        "Localization Error",
        "Wireless communication",
        "Semidefinite Programming",
        "Atomic Norm",
        "Reconfigurable intelligent surfaces",
        "Reconfigurable Intelligent Surface",
        "Dual Problem",
        "Iterative Solution",
        "Conjugate Transpose",
        "atomic norm minimization",
        "Lagrange Multiplier",
        "Cramer-Rao Lower Bound",
        "Strong Duality",
        "Location awareness",
        "Wireless sensor networks",
        "Path Loss",
        "wireless localization",
        "Quantization Error",
        "Local Strategies",
        "Exhaustive Search",
        "Localization Accuracy",
        "semidefinite programming (SDP)",
        "Objective Function",
        "End For8",
        "Programming",
        "Angle Of Departure",
        "Numerical models",
        "User Equipment",
        "Reconfigurable Intelligent Surface (RIS)",
        "near-field",
        "Particle Swarm Optimization",
        "Angle Of Arrival",
        "Superresolution",
        "Massive Multiple-input Multiple-output",
        "Optimization Algorithm",
        "Acceleration Coefficients",
        "Atomic Norm Minimization",
        "Carrier Frequency",
        "Diagonal Matrix",
        "Infimum",
        "Uniform Linear Array",
        "Additive Noise"
    ]
}