{
    "Title": "Densely Packed, Additively Manufactured, In-Plane Gated Carbon Nanotube Field Emission Electron Sources",
    "Authors": [
        "Alex Kachkine",
        "Luis Fernando Velásquez-García"
    ],
    "Date": "2023-01-13",
    "Institution": [
        "Microsystems Technology Laboratories",
        "Mechanical Engineering Department"
    ],
    "City": [
        "Massachusetts Institute of Technology"
    ],
    "Country": [
        "USA"
    ],
    "Keywords": [
        "Electron Impact",
        "Spirals",
        "Ink Preparation",
        "direct ink writing",
        "Optical Alignment",
        "3D Printing",
        "Ink",
        "Voltage",
        "Electron Source",
        "Multi-walled Carbon Nanotubes",
        "3D-printed MEMS and NEMS",
        "Low Earth Orbit",
        "Field Emission Current",
        "Logic gates",
        "Low Voltage",
        "Carbon Nanotubes Content",
        "field emission",
        "Printed Circuit Board",
        "Gate Electrode",
        "electric space propulsion",
        "Writing",
        "Field Emission",
        "Carbon nanotubes",
        "Propellant",
        "Additive Manufacturing",
        "Field Emission Electron Source",
        "mass spectrometry",
        "Nozzle Clogging",
        "carbon nanotubes",
        "Large Current Density",
        "Printed circuits",
        "Ethyl Cellulose"
    ]
}