{
    "Title": "Point-Cloud Mapping by Helmet-Mounted LiDAR Based on NDT SLAM",
    "Authors": [
        "Akihiko Yoshida",
        "Ibuki Yoshida",
        "Masafumi Hashimoto",
        "Kazuhiko Takahashi"
    ],
    "Date": "2023-01-05",
    "Institution": [
        "Doshisha University"
    ],
    "City": [
        "Kyotanabe"
    ],
    "Country": [
        "Japan"
    ],
    "Keywords": [
        "distortion correction",
        "Kalman Gain",
        "Laser radar",
        "Scan Data",
        "Pitch Angle",
        "Distortion Correction",
        "Head",
        "Nonholonomic Constraints",
        "World Coordinate System",
        "Simultaneous Localization And Mapping",
        "Translational Velocity",
        "3D Position",
        "Topographic Maps",
        "Roads",
        "Pedestrian",
        "Roll Angle",
        "Road Environment",
        "NDT-based SLAM",
        "Point Cloud Map",
        "Pose Changes",
        "Angular Velocity",
        "Data Distortion",
        "Normal Map",
        "Motion Model",
        "Three-dimensional displays",
        "Simultaneous localization and mapping",
        "Light Detection",
        "Inertial navigation",
        "Observation Matrix",
        "Measurement units",
        "Extended Kalman Filter",
        "smart helmet",
        "Observation Period",
        "Error Covariance",
        "micro mobility",
        "Occupancy Grid",
        "helmet-mounted LiDAR",
        "Inertial Measurement Unit",
        "Yaw Angle",
        "Rolling Velocity",
        "Grid Map"
    ]
}