{
    "Title": "Experiment to Investigate Awareness of Tastes for Users in Interactive Evolutionary Computation",
    "Authors": [
        "Rina Obata",
        "Kei Ohnishi",
        "Makoto Fukumoto",
        "Miho Ohsaki"
    ],
    "Date": "2023-01-04",
    "Institution": [
        "Doshisha University",
        "Kyushu Institute of Technology",
        "Fukuoka Institute of Technology"
    ],
    "City": [
        "Iizuka",
        "Kyotanabe",
        "Fukuoka"
    ],
    "Country": [
        "Japan"
    ],
    "Keywords": [
        "IEC",
        "Task Execution",
        "sequential task execution",
        "Human Subjects",
        "Evolutionary Computation",
        "Population Data",
        "Higher Fitness",
        "Identification Of Links",
        "IEC Standards",
        "Evaluation System",
        "Interactive Genetic Algorithms",
        "taste",
        "Human Users",
        "Sampling Bias",
        "Analysis Of The Experimental Results",
        "Evolutionary computation",
        "Task analysis",
        "awareness",
        "Feature extraction",
        "Candidate Population",
        "Sequential Execution",
        "Questionnaire Results",
        "Good Compatibility",
        "Time You",
        "interactive evolutionary computation",
        "Crossover Operator",
        "Evolutionary Algorithms",
        "Pairs Of Loci",
        "mutual information",
        "Mutual Information",
        "Candidate Solutions",
        "Integer Values",
        "Standards"
    ]
}