{
    "Title": "Stochastic Unit Commitment Model Considering the Impact of Carbon Emissions Trading",
    "Authors": [
        "Xin Bai",
        "Xinran He",
        "Yuge Sun",
        "Li Zhang",
        "Suibin Zhang",
        "Tao Ding"
    ],
    "Date": "2023-01-11",
    "Institution": [
        "Northwest Branch of State Grid Corporation of China",
        "School of Electrical Engineering Xi'an Jiaotong University"
    ],
    "City": [
        "Xi'an"
    ],
    "Country": [
        "China"
    ],
    "Keywords": [
        "Two-stage Stochastic Model",
        "Carbon emissions trading (CET)",
        "Simulation",
        "Total Carbon",
        "Stochastic Unit Commitment Model",
        "Fossil Energy",
        "Carbon Price",
        "Stochastic Optimization",
        "Uncertainty",
        "Unit Commitment",
        "Renewable energy sources",
        "Energy Consumption",
        "Renewable Energy",
        "two-stage stochastic programming",
        "Robust Optimization",
        "carbon price",
        "Greenhouse Gas",
        "Objective Function",
        "Thermal Units",
        "Emissions trading",
        "Carbon Emission Reduction",
        "Emission Reduction",
        "Stochastic Unit Commitment",
        "Renewable Energy Consumption",
        "Power System",
        "Carbon dioxide",
        "Trading Market",
        "Power Generation",
        "Stochastic processes",
        "unit commitment",
        "Stochastic Model",
        "Renewable Energy Resources",
        "Low-carbon",
        "Particle Swarm Optimization",
        "Total Carbon Emissions",
        "Operational Costs",
        "Unit Commitment Model",
        "Two-stage Model",
        "Asia",
        "Emissions Trading",
        "Total Cost"
    ]
}