{
    "Title": "Tool Monitoring System Using Vibration and Current Signals",
    "Authors": [
        "Zhennan Wei",
        "Zhenyu Qiu",
        "Qian Huang",
        "Yundi Chu"
    ],
    "Date": "2023-01-09",
    "Institution": [
        "Ltd.",
        "Hohai University",
        "Central South University"
    ],
    "City": [
        "Nanjing",
        "Wuxi",
        "Changsha"
    ],
    "Country": [
        "China"
    ],
    "Keywords": [
        "Characteristic Signals",
        "Time Domain",
        "Production",
        "Visualization",
        "Tool Wear",
        "Fourier Transform",
        "signal processing technology",
        "Simulation Results",
        "Signal Processing",
        "Signal Analysis",
        "Truncation Method",
        "Real-valued",
        "BP neural network",
        "Time-domain Features",
        "Vibrations",
        "Back Propagation Neural Network",
        "Process control",
        "SD Card",
        "Cortex_",
        "Vibration Signals",
        "Degree Of Wear",
        "Signal processing algorithms",
        "Costs",
        "Artificial Neural Network",
        "Discrete Fourier Transform",
        "Multi-sensor Fusion",
        "Invalid Data",
        "Frequency Domain",
        "Abnormal Values",
        "Improve Production Efficiency",
        "Power Spectrum",
        "Wear Conditions",
        "A15",
        "Executable File",
        "CNC Machine",
        "Artificial neural networks",
        "Tool wear detection",
        "Fast Fourier Transform",
        "Cast Iron",
        "Neural Network",
        "Eigenvectors",
        "Fault Diagnosis"
    ]
}