{
    "Title": "An Efficient Wireless Propagation Loss Prediction Model Based on 3-D Terrain Features Extracted by Deep Learning",
    "Authors": [
        "Yiwen Chen",
        "Tianqi Xiang",
        "Xin Zhang"
    ],
    "Date": null,
    "Institution": [
        "Beijing University of Posts and Telecommunications"
    ],
    "City": [
        "Beijing"
    ],
    "Country": [
        "China"
    ],
    "Keywords": [
        "Ray Tracing",
        "Buildings",
        "Convolutional Layers",
        "Deep Learning",
        "Learning Rate Decay",
        "Three-dimensional displays",
        "Propagation losses",
        "Number Of Rays",
        "path loss prediction",
        "Number Of Buildings",
        "Convolutional neural network (CNN)",
        "Observation Points",
        "high-efficiency method",
        "Distribution Of Buildings",
        "Convolution Kernel",
        "Loss Value",
        "Prediction Accuracy",
        "Time Traces",
        "Convolutional Neural Network Prediction",
        "Computational Time Cost",
        "Blocking Effect",
        "Costs",
        "Height Distribution",
        "ray tracing",
        "Time Cost",
        "Ray tracing",
        "Dots In Fig",
        "Road Map",
        "Path Loss",
        "Feature extraction",
        "Processing Unit",
        "Convolutional Neural Network",
        "Building Height",
        "Spherical Image",
        "Neural Network",
        "Convolutional neural networks",
        "Propagation Mode"
    ]
}