{
    "Title": "Investigating Image Augmentation for Classification of Chest X-Ray Images",
    "Authors": [
        "Wadha Almattar",
        "Atheer Algherairy"
    ],
    "Date": "2023-01-13",
    "Institution": [
        "KFUPM",
        "Imam Abdulrahman Bin Faisal University"
    ],
    "City": [
        "Dammam",
        "Dhahran"
    ],
    "Country": [
        "Saudi Arabia"
    ],
    "Keywords": [
        "Computer vision",
        "Chest X-ray",
        "Augmentation Methods",
        "Deep Learning",
        "Binary Classification Task",
        "Vertical Shift",
        "Image Augmentation",
        "Transfer Learning",
        "Augmentation Techniques",
        "Covid-19",
        "Training data",
        "Training",
        "Horizontal Flip",
        "Data Augmentation",
        "Type Of Augmentation",
        "Data Augmentation Techniques",
        "Image Classification",
        "Classification Task",
        "Data models",
        "Convolutional neural networks",
        "Transfer Learning Model",
        "Convolutional Neural Network",
        "Binary Classification",
        "Chest X-ray Images",
        "Medical Imaging",
        "Model Performance",
        "Learning Models",
        "COVID-19 Pneumonia",
        "Convolutional Neural Network Model",
        "Neural Network",
        "CNN-based Models",
        "COVID-19 Cases",
        "Main Dataset",
        "COVID-19",
        "Deep Learning Models",
        "ImageNet",
        "AlexNet",
        "Computational modeling",
        "Deep-Learning"
    ]
}