{
    "Title": "Night Vision Enhancement for License Plate Recognition based on Deep Learning",
    "Authors": [
        "Kaixin Wang",
        "Linhuang Wu",
        "Shihao Zhang",
        "Renfang Wen"
    ],
    "Date": "2023-01-05",
    "Institution": [
        "Fuzhou University"
    ],
    "City": [
        "Fuzhou"
    ],
    "Country": [
        "China"
    ],
    "Keywords": [
        "Input Image",
        "Lighting",
        "Image color analysis",
        "Color Distortion",
        "Convolutional Neural Network",
        "Stochastic Gradient Descent",
        "Image recognition",
        "Deep Learning",
        "Roads",
        "Receptive Field",
        "Simulated Datasets",
        "Loss Function",
        "Poor Conditions",
        "Recursive Network",
        "Character recognition",
        "Traffic Management",
        "Training Dataset",
        "Total Loss Function",
        "Validation Dataset",
        "Total Loss",
        "Important Role In Management",
        "license plate recognition",
        "Distortion",
        "the character sequence recognition",
        "Luminance Values",
        "Convolution Kernel",
        "Enhancement Algorithm",
        "Night vision",
        "deep learning",
        "Perspective Transformation",
        "Image Properties",
        "Real Scenes",
        "Convolution Kernel Size",
        "License Plate Recognition",
        "Convolutional Recurrent Neural Network",
        "night vision enhancement",
        "Learning Rate",
        "Night Vision",
        "Set Of Functions",
        "License Plate",
        "Poor Lighting Conditions"
    ]
}