{
    "Title": "Fast Sampling of Synthetic Apertures in Short Range THz Imaging Using Travelling Salesman Approach",
    "Authors": [
        "Jonas Schorlemer",
        "Aman Batra",
        "Thomas Kaiser",
        "Diana Göhringer",
        "Ilona Rolfes",
        "Jan Barowski"
    ],
    "Date": "2023-01-09",
    "Institution": [
        "Ruhr University Bochum",
        "Technische Universität Dresden",
        "University of Duisburg-Essen"
    ],
    "City": [
        "Dresden",
        "Bochum",
        "Duisburg"
    ],
    "Country": [
        "Germany"
    ],
    "Keywords": [
        "Random Sampling",
        "Radar Sensor",
        "Range Compression",
        "Radar signal processing",
        "Nearest Neighbor Algorithm",
        "Trajectory",
        "Antenna measurements",
        "Chirp Signal",
        "Point Target",
        "Time measurement",
        "Synthetic Aperture Radar",
        "Traveling Salesman Problem",
        "Vertices",
        "Microwave imaging",
        "Synthetic Aperture",
        "Task analysis",
        "Round-trip Time",
        "Motion Detection",
        "Antenna Position",
        "Velocity measurement",
        "Large Aperture",
        "Microwave measurement",
        "Frequency Modulated Continuous Wave",
        "Nyquist Criterion",
        "True Measure",
        "Terahertz Imaging",
        "Signal processing algorithms",
        "Synthetic aperture radar",
        "Noise Floor"
    ]
}