{
    "Title": "Geometry-Based Phase and Time Synchronization for Multi-Antenna Channel Measurements",
    "Authors": [
        "Florian Euchner",
        "Phillip Stephan",
        "Marc Gauger",
        "Stephan Ten Brink"
    ],
    "Date": "2023-01-12",
    "Institution": [
        "University of Stuttgart"
    ],
    "City": [
        "Stuttgart"
    ],
    "Country": [
        "Germany"
    ],
    "Keywords": [
        "Phase Center",
        "Orthogonal Frequency Division Multiplexing",
        "Low Signal-to-noise Ratio",
        "Antennal",
        "Residual Error",
        "Machine learning",
        "Channel Measurements",
        "Receiver Antenna",
        "Array Processing",
        "Time Synchronization",
        "Phased arrays",
        "Time measurement",
        "Iterative Algorithm",
        "Channel Coefficients",
        "Artificial Noise",
        "Phase measurement",
        "Antenna Model",
        "Least-squares",
        "Time Instants",
        "Frequency Synchronization",
        "Offset Estimation",
        "Phase Offset",
        "Start Of Phase",
        "Antenna Array",
        "Transceivers",
        "Scattering",
        "Calibration Time",
        "Phase Rotation",
        "Mutual Coupling",
        "Antenna Position",
        "Receiving antennas",
        "Phase Synchronization",
        "Synchronization",
        "Gain Error",
        "Calibration Phase",
        "Coordinate Descent",
        "Machine learning algorithms",
        "Massive Multiple-input Multiple-output",
        "Massive MIMO",
        "Time Division Duplex"
    ]
}