{
    "Title": "A New Variable Step-Size Levenberg-Marquardt Algorithm for Industrial Robot Calibration",
    "Authors": [
        "Zhibin Li",
        "Shuai Li",
        "Hao Wu"
    ],
    "Date": "2023-01-12",
    "Institution": [
        "University of Chinese Academy of Sciences",
        "Swansea University",
        "Southwest University"
    ],
    "City": [
        "Chongqing",
        "Swansea"
    ],
    "Country": [
        "China",
        "UK"
    ],
    "Keywords": [
        "Service robots",
        "New Variables",
        "Ability Of The Algorithm",
        "Root Mean Square Error",
        "Unscented Kalman Filter",
        "Machining",
        "Position Error",
        "Calibration Process",
        "Multilayer Perceptron Neural Network",
        "Variable Step-size Levenberg-Marquardt",
        "Kalman Filter",
        "Coordinate System",
        "Transformation Matrix",
        "Kalman Filter Algorithm",
        "Experimental Verification",
        "Noise Issues",
        "Levenberg-Marquardt Algorithm",
        "Artificial Neural Network",
        "Industrial Robots",
        "Robot Calibration",
        "Variable Step Size",
        "Comparative Experiments",
        "Robot sensing systems",
        "Calibration",
        "Objective Function",
        "Calibration Method",
        "Differences In Parameters",
        "Evaluation Rules",
        "Neural networks",
        "End-effector Position",
        "Kinematic Parameters",
        "Extended Kalman Filter",
        "Measurement Points",
        "Nominal Length",
        "Computational Efficiency",
        "Production",
        "Welding",
        "Local Optimum",
        "Absolute Positioning Accuracy"
    ]
}