{
    "Title": "A Compact SPDT Switch Amplifier with High ON/OFF Ratio and Variable Gain for 5G Millimeter-wave Applications",
    "Authors": [
        "Tatsuo Kubo",
        "Yo Yamaguchi",
        "Yuma Okuyama",
        "Shinogu Takeda",
        "Ning Guan"
    ],
    "Date": "2023-01-09",
    "Institution": [
        "Sakura-shi"
    ],
    "City": [
        "Chiba"
    ],
    "Country": [
        "Japan"
    ],
    "Keywords": [
        "Variable Gain",
        "Matching Circuit",
        "Intermediate Frequency Signal",
        "Output Power",
        "millimeter-wave",
        "Switches",
        "amplifier",
        "BiCMOS integrated circuits",
        "SPDT switch",
        "Microwave technology",
        "Antenna Array",
        "OFF State",
        "Microwave integrated circuits",
        "Local Oscillator Signal",
        "5G",
        "Power amplifiers",
        "Gain",
        "LO signal",
        "Millimeter wave technology",
        "SiGe BiCMOS",
        "Single-pole Double-throw Switch",
        "Frequency Range",
        "Input Power"
    ]
}