{
    "Title": "Realization of Reconfigurable Intelligent Surface-Based Index Modulation Transmission",
    "Authors": [
        "Jia Liu",
        "Wankai Tang",
        "Xiangyu Chen",
        "Jun Chen Ke",
        "Shi Jin",
        "Fu-Chun Zheng",
        "Qiang Cheng",
        "Tie Jun Cui"
    ],
    "Date": "2023-01-11",
    "Institution": [
        "Harbin Institute of Technology (Shenzhen)",
        "Southeast University"
    ],
    "City": [
        "Nanjing",
        "Shenzhen"
    ],
    "Country": [
        "China"
    ],
    "Keywords": [
        "Frame Structure",
        "Multiple-input Multiple-output Systems",
        "Converter Module",
        "Quadrature Amplitude Modulation",
        "Modulation Index",
        "Prototype System",
        "Binary Index",
        "index modulation",
        "Maximum Likelihood Detector",
        "6G mobile communication",
        "Transmitting antennas",
        "Radiofrequency Generator",
        "Hardware Architecture",
        "Transmission System",
        "Wireless communication",
        "Real-time systems",
        "Constellation Points",
        "Analog-to-digital Converter",
        "prototype",
        "Cyclic Shift",
        "Reconfigurable Intelligent Surface",
        "Feed Antenna",
        "Transmission Scheme",
        "Multiple-input Multiple-output",
        "RIS",
        "Wireless Communication Systems",
        "Prototypes",
        "Quantization Levels",
        "Symbol Rate",
        "Reliable Transmission",
        "External Voltage",
        "Phase Shift",
        "Radio Frequency Chains",
        "Bitrate",
        "Time Slot",
        "Electromagnetic Wave",
        "Green products",
        "Nonlinear Modulation",
        "Digital Modulation",
        "6G",
        "Reconfigurable intelligent surfaces"
    ]
}