{
    "Title": "Depth Completion using Convolution Stage, Infinity Laplacian, and Positive Definite Metric Operator",
    "Authors": [
        "Vanel Lazcano",
        "Felipe Calderero"
    ],
    "Date": "2023-01-04",
    "Institution": [
        "Física y Estadística Universidad Mayor",
        "VP of Data @ Ladorian — Nuclio Digital School"
    ],
    "City": [
        "Madrid",
        "Santiago"
    ],
    "Country": [
        "Spain",
        "Chile"
    ],
    "Keywords": [
        "Video Games",
        "Discrete Grid",
        "Deep Learning",
        "3D Reconstruction",
        "Balancing Term",
        "Depth Values",
        "Three-dimensional displays",
        "Light Detection And Ranging",
        "Training Set",
        "Neighboring Values",
        "Manifolds",
        "Convolution Stage",
        "Measurement",
        "depth map completion",
        "Depth Map",
        "Infinity Laplacian",
        "Interpolation Model",
        "Depth Completion",
        "Depth Images",
        "Interpolation",
        "Manifold",
        "Image Gradient",
        "Positive Operators",
        "Image Domain",
        "Stage Of Work",
        "Pre-filter",
        "Laplace equations",
        "Color Features",
        "Deep learning",
        "Video games",
        "Gabor Filters",
        "Depth Data",
        "Color Images"
    ]
}