{
    "Title": "Structuring Cyber-Physical Systems for Distributed Control with IEC 61499 Standard",
    "Authors": [
        "Ernesto Monroy Cruz",
        "Luis Rodolfo García Carrillo",
        "Luis Alberto Cruz Salazar"
    ],
    "Date": null,
    "Institution": [
        "TecNM Campus Atitalaquia",
        "Technical University of Munich",
        "Universidad Antonio Nariño",
        "Las Cruces"
    ],
    "City": [
        "NM",
        "Cartagena",
        "Munich",
        "Hidalgo"
    ],
    "Country": [
        "USA",
        "México",
        "Colombia",
        "Germany"
    ],
    "Keywords": [
        "Software",
        "IEC 61499",
        "Distributed control",
        "Standards",
        "IEC Standards",
        "Object oriented modeling",
        "Cyber-Physical System",
        "Function Block",
        "Automation",
        "Industrial automation",
        "Computer architecture",
        "Manufacturing"
    ]
}