{
    "Title": "Determining the Zero-Temperature-Coefficient Point From Device Simulation to Circuit for Improving Temperature Variation Immunity",
    "Authors": [
        "Wangyong Chen",
        "Mingyue Zheng",
        "Yaoyang Lyu",
        "Linlin Cai"
    ],
    "Date": null,
    "Institution": [
        "Sun Yat-sen University"
    ],
    "City": [
        "Guangzhou"
    ],
    "Country": [
        "China"
    ],
    "Keywords": [
        "Guard Band",
        "Critical Path",
        "nanosheet (NS)",
        "Integrated circuit modeling",
        "Digital circuits",
        "Digital Circuits",
        "Effective current",
        "Voltage",
        "Trajectory",
        "Inductive Load",
        "Target Path",
        "Propagation Delay",
        "TCAD Simulation",
        "Inverter",
        "Delays",
        "temperature immunity",
        "self-heating",
        "Negative Temperature",
        "Compensatory Effect",
        "Gallium arsenide",
        "Temporal Variation",
        "Operating Conditions",
        "Thermal Conductivity",
        "Device Simulation",
        "Boolean Logic",
        "Changes In Ambient Temperature",
        "Integrated Circuit Design",
        "Result Of Reduction",
        "zero-temperature delay (ZTD)",
        "Drain Current",
        "Temperature Coefficient",
        "Standards"
    ]
}