{
    "Title": "Construction of Ocean Information Network with All Time, Space and Elements",
    "Authors": [
        "Zhiqiang Xu"
    ],
    "Date": "2023-01-18",
    "Institution": [
        "Qingdao"
    ],
    "City": [
        "Shandong"
    ],
    "Country": [
        "China"
    ],
    "Keywords": [
        "Key Technology",
        "transmission",
        "Buildings",
        "sea",
        "Heterogeneous Network",
        "integration",
        "Undersea",
        "Navigation",
        "Space vehicles",
        "Underwater System",
        "Broadband Internet",
        "Types Of Platforms",
        "Underwater vehicles",
        "sky and submarine",
        "Information Fusion",
        "Communication Systems",
        "Sea Area",
        "Satellite Communication",
        "Unmanned Aerial Vehicles",
        "Unmanned Underwater Vehicles",
        "Fusion Applications",
        "Information Transmission",
        "Communication Resources",
        "Marine Environment",
        "Information System",
        "all-weather",
        "Heterogeneous Resources",
        "integration of shore",
        "Communication Network",
        "Submarine",
        "Admission Control",
        "Marine Systems",
        "Informal Networks",
        "Communication networks",
        "Telecommunications",
        "Mobile Network",
        "Application Server",
        "Base Station",
        "perception",
        "all elements",
        "Three-dimensional Network",
        "all sea area",
        "air",
        "Network Resources",
        "Sea surface",
        "Business Requirements",
        "Computer architecture"
    ]
}