{
    "Title": "Constructing High Radix Quotient Digit Selection Tables for SRT Division and Square Root",
    "Authors": [
        "Zixuan Liu",
        "Xiaoyu Song",
        "Zhuowei Wang",
        "Yan Wang",
        "Jian-Tao Zhou"
    ],
    "Date": null,
    "Institution": [
        "Hohhot",
        "Portland",
        "Guangdong University of Technology"
    ],
    "City": [
        "Inner Mongolia",
        "Guangzhou",
        "OR"
    ],
    "Country": [
        "China",
        "USA"
    ],
    "Keywords": [
        "Redundancy",
        "Computer science",
        "Quotient Values",
        "Upper Bound",
        "quotient digit selection table",
        "Fourth Root",
        "Inverse Square Root",
        "Error Bounds",
        "Upper bound",
        "Square Root",
        "High radix",
        "Linear Function",
        "Subintervals",
        "Maximum And Minimum",
        "Positive Integer",
        "redundancy",
        "SRT square root",
        "SRT division",
        "Software",
        "Higher Radix",
        "Algebraic Method",
        "Step Function",
        "Microprocessors",
        "Indexes",
        "Symbols",
        "Divisor"
    ]
}