{
    "Title": "Impact of Absorption, Attention, Perceived Enthusiasm of Customer Satisfaction On Electronic Video on Demand",
    "Authors": [
        "Fajar Julius Sorgang Lobuan Manurung",
        "Muhammad Aufar Alfarisi",
        "Cahya Resqia Dewi",
        "Yudi Fernando",
        "Ridho Bramulya Ikhsan"
    ],
    "Date": "2023-01-13",
    "Institution": [
        "Bina Nusantara University"
    ],
    "City": [
        "Jakarta"
    ],
    "Country": [
        "Indonesia"
    ],
    "Keywords": [
        "Composite Reliability",
        "Level Of Attention",
        "absorption",
        "Customer satisfaction",
        "Customer Involvement",
        "attention",
        "Business",
        "customer satisfaction",
        "Influence Of Absorption",
        "Customer Expectations",
        "User Engagement",
        "Customer Level",
        "Electronic Video",
        "perceived enthusiasm",
        "Video on demand",
        "Understanding Of Customers",
        "Impact Of Absorption",
        "Competitive Business Environment",
        "Cronbach’s Alpha",
        "video on demand",
        "Information systems",
        "Absorption",
        "Path Coefficients",
        "Social Media Platforms",
        "Information Systems Design",
        "Customer Orientation",
        "Customer Requirements"
    ]
}