{
    "Title": "Defect identification of the synchronous pulley based on the mathematical morphology",
    "Authors": [
        "Zheng Bin",
        "Wang Cong",
        "Long Xiaoxia"
    ],
    "Date": "2023-01-26",
    "Institution": [
        "Panzhihua University"
    ],
    "City": [
        "Panzhihua"
    ],
    "Country": [
        "Sichuan"
    ],
    "Keywords": [
        "Median Filter",
        "Image Preprocessing",
        "Image Change",
        "Rectangular Element",
        "Open Operation",
        "Denoising",
        "Digital Signal",
        "Pulleys",
        "Image Analysis",
        "mathematical morphology",
        "Inspection",
        "Morphological Processing",
        "Stability analysis",
        "HALCON",
        "Image Level",
        "Image Processing",
        "Image Pixels",
        "Grayscale",
        "Surface morphology",
        "defect identification",
        "Image Acquisition",
        "Machine Vision",
        "Threshold Segmentation",
        "Actual Operation",
        "Object Distance",
        "Image Processing Program",
        "Software",
        "Feature extraction",
        "Histogram Features",
        "image processing",
        "Morphology",
        "synchronous pulley",
        "Digital Images",
        "Production Line",
        "Light Source",
        "Focal Length",
        "Mathematical Morphology",
        "Gray Histogram"
    ]
}