{
    "Title": "Environmental sound classification of western black-crowned gibbon habitat based on spectral subtraction and VGG16",
    "Authors": [
        "Xiaotao Zhou",
        "Kunrong Hu",
        "Zhenhua Guan"
    ],
    "Date": "2023-01-26",
    "Institution": [
        "Kunming"
    ],
    "City": [
        "Yunan Province"
    ],
    "Country": [
        "China"
    ],
    "Keywords": [
        "Validation Set",
        "Noise reduction",
        "Interference",
        "Spectral Subtraction",
        "Subtraction Of Spectra",
        "Biological system modeling",
        "Mel Frequency",
        "western black-crowned gibbon",
        "Accuracy Of Model",
        "Specific Formula",
        "Training",
        "Environmentally Friendly",
        "Block Structure",
        "Training Set",
        "Pooling Layer",
        "Dropout Layer",
        "Data models",
        "VGG16",
        "Convolutional Neural Network",
        "Spectral Noise",
        "Deep Neural Network",
        "Regular Layer",
        "Noisy Background",
        "Feature extraction",
        "spectral subtraction",
        "Ambient Noise Levels",
        "mel's inverse spectral coefficient",
        "Audio Input",
        "Denoising",
        "ambient tones",
        "Deep Learning-based Approaches",
        "Sound Detection",
        "Audio Clips",
        "Songbirds",
        "Environmental Sound Classification",
        "Sound Data",
        "Stability analysis"
    ]
}