{
    "Title": "Blockchain Based Methodology for Zero Trust Modeling and Quantification for 5G Networks",
    "Authors": [
        "Safwan Elmadani",
        "Salim Hariri",
        "Sicong Shao"
    ],
    "Date": "2023-01-20",
    "Institution": [
        "The University of Arizona"
    ],
    "City": [
        "Tucson"
    ],
    "Country": [
        "Arizona"
    ],
    "Keywords": [
        "Input Representation",
        "Network slicing",
        "Root Mean Square Error",
        "Anomaly Score",
        "Application Behavior",
        "Trust Value",
        "Mean Square Error",
        "Smart-contracts",
        "5G mobile communication",
        "Smart Contracts",
        "Network Infrastructure",
        "Provision Of Resources",
        "Commercial Off-the-shelf",
        "Ultra-reliable Low-latency Communications",
        "Statistical Features",
        "5G",
        "Blockchain",
        "Network Flow",
        "Mobile Network",
        "Continuous Monitoring",
        "SDN",
        "Radio Access Network",
        "Trust Model",
        "Physical Infrastructure",
        "Core Architecture",
        "Transition Patterns",
        "Zero Trust",
        "5G Networks",
        "Neural Network",
        "Indirect Evidence",
        "Software",
        "Blockchains",
        "Direct Evidence",
        "Observation Period",
        "Network Slice",
        "Zero-Trust",
        "NFV",
        "Autoencoder",
        "Network Slicing",
        "Virtual Network Functions",
        "Smart Use",
        "Threat modeling",
        "Smart contracts",
        "Security Requirements"
    ]
}