{
    "Title": "Experimental Investigation of Partial Discharge Inception Characteristics on Polymeric Insulating Surfaces under Positive Ramp High Voltages",
    "Authors": [
        "N.C. Karanikiotis",
        "P.N. Mikropoulos",
        "P.K. Samaras",
        "T.E. Tsovilis"
    ],
    "Date": "2023-01-18",
    "Institution": [
        "Aristotle University of Thessaloniki"
    ],
    "City": [
        "Thessaloniki"
    ],
    "Country": [
        "Greece"
    ],
    "Keywords": [
        "Current measurement",
        "Distribution Gap",
        "Discharge Inception",
        "Spherical Surface",
        "Experimental Arrangement",
        "Electrode Placement",
        "Electric Field Distribution",
        "High-voltage techniques",
        "Polymers",
        "Positive Ramp",
        "Rate Of Rise",
        "Electric Field Strength",
        "Perfect Contact",
        "Voltage measurement",
        "Positive Voltage",
        "Surface States",
        "Sphere Of Radius",
        "Poor Contact",
        "Dielectric Constant",
        "Insulation System",
        "Application Of Voltage",
        "Radius Ratio",
        "Partial discharges",
        "Air Gap",
        "Surface discharges",
        "Partial Discharge",
        "Surface charging"
    ]
}