{
    "Title": "Research on the Algorithm of Situational Element Extraction of Internet of Vehicles Security based on Optimized-FOA-PNN",
    "Authors": [
        "Xuan Chen",
        "Fei Li"
    ],
    "Date": "2023-01-20",
    "Institution": [
        "Chengdu University of Information Technology"
    ],
    "City": [
        "Chengdu"
    ],
    "Country": [
        "China"
    ],
    "Keywords": [
        "Convergence Speed Of The Algorithm",
        "Local Minima",
        "Classification Accuracy",
        "Dynamic Adjustment",
        "Global Search",
        "Extraction Accuracy",
        "Security Risks",
        "Odor Concentration",
        "Internet of Vehicles",
        "Faster Convergence Speed",
        "Data mining",
        "Decision Tree",
        "Probabilistic logic",
        "Fruit Fly",
        "Local Search",
        "Data Packets",
        "Optimization",
        "Situational Awareness",
        "Security Situation",
        "Artificial Neural Network",
        "situational element extraction",
        "Back Propagation Neural Network",
        "High Speed",
        "Neural Network",
        "Convergence Accuracy",
        "Neural networks",
        "Optimization Algorithm",
        "Vehicle dynamics",
        "Step Size",
        "Experiments In This Paper",
        "Convergence Rate",
        "Heuristic algorithms",
        "Random Forest",
        "Global Perspective",
        "Fly Optimization Algorithm",
        "Smoothing Factor",
        "Internet Of Vehicles",
        "Radial Basis Function",
        "Probabilistic Neural Network",
        "Stability analysis"
    ]
}