{
    "Title": "An Analysis of Multipath TCP Security Vulnerabilities: A Research Study",
    "Authors": [
        "Fatima Shafique",
        "Shayan Fatima",
        "Faheem Yar Khuhawar",
        "Zulfiqar Ali Arain"
    ],
    "Date": "2023-01-23",
    "Institution": [
        "Mehran University of Engineering & Technology"
    ],
    "City": [
        "Jamshoro"
    ],
    "Country": [
        "Pakistan"
    ],
    "Keywords": [
        "Redundancy",
        "Multiple Paths",
        "Smart cities",
        "Key Security",
        "Vulnerability Assessment",
        "Fault tolerant systems",
        "Transmission Control Protocol",
        "Denial Of Service",
        "Session Key",
        "Public Key",
        "Security Vulnerabilities",
        "Key Exchange",
        "Plaintext",
        "Types Of Attacks",
        "TCP",
        "Security Concern",
        "Security",
        "Network Interface",
        "Man-in-the-middle",
        "Secret Key",
        "TCPIP",
        "Throughput",
        "Hash Function",
        "Vulnera-bilities",
        "Security Scheme",
        "Multipath TCP",
        "Protocols",
        "SCTP",
        "Transport Layer"
    ]
}