{
    "Title": "Load Balancing Optimization in Software-Defined Wide Area Networking (SD-WAN) using Deep Reinforcement Learning",
    "Authors": [
        "Mohamed Amine Ouamri",
        "Gordana Barb",
        "Daljeet Singh",
        "Florin Alexa"
    ],
    "Date": "2023-01-16",
    "Institution": [
        "Grenoble Alpes university",
        "Lovely Professional University",
        "Politehnica University Timisoara"
    ],
    "City": [
        "Timisoara",
        "Grenoble",
        "Phagwara"
    ],
    "Country": [
        "Romania",
        "India",
        "France"
    ],
    "Keywords": [
        "Deterministic Policy Gradient",
        "MADQN",
        "artificial intelligence",
        "Deep Learning",
        "CPE",
        "SD-WAN",
        "Multi-agent",
        "Reward Function",
        "Broadband Internet",
        "Wide area networks",
        "Costs",
        "Policy Gradient",
        "Process control",
        "Deep Reinforcement Learning",
        "Actor Network",
        "Response Time",
        "Headquarters",
        "Load management",
        "Reinforcement learning",
        "Wide Area Network",
        "Branch Site",
        "Optimal Policy",
        "Single Control",
        "Latency Constraints",
        "Deep Q-network",
        "Deep learning",
        "Migration Cost",
        "Neural Network",
        "Limited Processing Capacity",
        "Load Balancing",
        "Simulation",
        "Quality Of Experience",
        "Control Plane",
        "Processing Capacity"
    ]
}