{
    "Title": "An ECG Classification Method Based on Feature Fusion Model",
    "Authors": [
        "Guan Wencong",
        "Juhar Mohammed Assefa",
        "Fitsum Hailu Assefa",
        "Sun Ming"
    ],
    "Date": "2023-01-19",
    "Institution": [
        "University of Electronic Science and Technology of China"
    ],
    "City": [
        "Chengdu"
    ],
    "Country": [
        "China"
    ],
    "Keywords": [
        "Electrocardiogram Signals",
        "Information processing",
        "Deep Learning",
        "Medical Field",
        "Kinds Of Features",
        "Absence Of Class",
        "Electrocardiogram(ECG) classification",
        "Absence Of Data",
        "Squeeze-and-Excitation",
        "Feature Fusion",
        "Residual neural network",
        "Shortcut Connection",
        "Atrial Fibrillation",
        "Shallow Features",
        "Electrocardiogram Classification",
        "Deep Feature Extraction",
        "Fuses",
        "Convolutional Neural Network",
        "Time-domain Features",
        "Frequency Domain Features",
        "Feature extraction",
        "Electrocardiography",
        "Diagnosis Task",
        "Deep learning",
        "Deep Features",
        "Neural Network",
        "Diagnosis Of Cardiovascular Disease",
        "Neural networks",
        "Media",
        "Deep Learning Models",
        "Frequency-domain analysis",
        "Recurrent Neural Network",
        "Feature Fusion Model",
        "Feature fusion",
        "Quality Of Representations"
    ]
}