{
    "Title": "Influence of Pressure on the PD and Induced Aging Behavior of Polyimide Insulation Under Repetitive Pulse Voltage",
    "Authors": [
        "Changjiang Zheng",
        "Qian Wang",
        "Zhan Shen",
        "Claus Leth Bak",
        "Filipe Faria Da Silva",
        "Huai Wang"
    ],
    "Date": null,
    "Institution": [
        "Wuhan University of Technology",
        "Aalborg Universitet Energiteknik",
        "Southeast University"
    ],
    "City": [
        "Wuhan",
        "Nanjing",
        "Aalborg"
    ],
    "Country": [
        "Denmark",
        "China"
    ],
    "Keywords": [
        "Low-pressure Range",
        "Chemical Reactions",
        "Non-uniform Field",
        "Space Charge",
        "Reduced Pressure",
        "Oil insulation",
        "Electric Field Distribution",
        "Voltage Magnitude",
        "Discharges (electric)",
        "Low-pressure Conditions",
        "Pressure Drop",
        "Voltage Pulses",
        "Electric Field Strength",
        "Endurance",
        "Number Of Molecules",
        "Atmospheric Pressure",
        "Voltage Values",
        "Influence Of Pressure",
        "Time Lag",
        "Electron Avalanche",
        "Pulse Width",
        "low pressure",
        "Polyimide Film",
        "polyimide",
        "Partial discharges",
        "Contact Point",
        "medium frequency transformer",
        "Power transformer insulation",
        "Decrease In Pressure",
        "Electric fields",
        "Uniform Electric Field",
        "Partial Discharge",
        "Power Electronics",
        "Sinusoidal Voltage",
        "Insulation aging",
        "partial discharge (PD)",
        "Aging Process",
        "Rise Time",
        "Windings",
        "Test System",
        "Aging"
    ]
}