{
    "Title": "Development of 2.5-Dimensional Hazard Map",
    "Authors": [
        "Kazuma Yoshimura",
        "Takumi Kaneko",
        "Yoshinori Fujisawa"
    ],
    "Date": "2023-01-18",
    "Institution": [
        "National Institute of Technology"
    ],
    "City": [
        "Nagano"
    ],
    "Country": [
        "Japan"
    ],
    "Keywords": [
        "Visually Impaired People",
        "Hazard Maps",
        "Pixel Index",
        "Triangular",
        "3D Method",
        "apps",
        "Pixel Color",
        "Coordinate Data",
        "Hazards",
        "Visual Impairment",
        "Flood Hazard Map",
        "3D Data",
        "Web",
        "Floods",
        "Grayscale Images",
        "Railway Line",
        "Binary Format",
        "Inundation Area",
        "Circumcircle",
        "Map Symbols",
        "Consumer electronics",
        "Web Application",
        "Disaster Prevention"
    ]
}