{
    "Title": "Identification of Scientific Texts with Similar Argumentation Complexity",
    "Authors": [
        "Ivan Pimenov",
        "Natalia Salomatina"
    ],
    "Date": "2023-01-23",
    "Institution": [
        "Sobolev Institute of Mathematics",
        "Novosibirsk State University"
    ],
    "City": [
        "Novosibirsk"
    ],
    "Country": [
        "Russia"
    ],
    "Keywords": [
        "Similar Complexity",
        "Dictionaries",
        "Annotations",
        "Centroid",
        "Causal Analysis",
        "Russian Language",
        "Clustering Algorithm",
        "scientific texts",
        "Analytical models",
        "Functional Blocks",
        "Text Complexity",
        "Argument Structure",
        "functionally similar argumentation schemes",
        "Feature Values",
        "Patterns Of Variation",
        "Linguistics",
        "Spectral Algorithm",
        "Textual Patterns",
        "Persuasive",
        "Separate Strategies",
        "Differences In Emotions",
        "Graph Properties",
        "Scientific Texts",
        "Frequent Pattern",
        "Computational modeling",
        "Directed graphs",
        "Subject Areas",
        "Leaf Node",
        "argumentation patterns",
        "Walton’s argumentation schemes",
        "argumentation graphs",
        "Clustering algorithms",
        "Deictic",
        "Information Technology",
        "clustering methods",
        "Number Of Arguments",
        "Average Path Length"
    ]
}