{
    "Title": "KPSO: K-Mean and PSO based clustering algorithm for Wireless Sensor Network",
    "Authors": [
        "Savita Jadhav",
        "Sangeeta Jadhav"
    ],
    "Date": "2023-01-16",
    "Institution": [
        "Dr. D. Y. Patil Institute of Technology",
        "Army Institute of Technology"
    ],
    "City": [
        "Pune"
    ],
    "Country": [
        "India"
    ],
    "Keywords": [
        "Wireless Sensor Networks",
        "Energy Consumption",
        "Automation",
        "Energy consumption",
        "Improve Energy Efficiency",
        "Energy efficiency",
        "Particle Position",
        "Sink Node",
        "Cluster Head",
        "Means Clustering",
        "data aggregation",
        "Clustering Techniques",
        "Wireless sensor networks",
        "Base stations",
        "Data Transmission",
        "K-means Algorithm",
        "network performance",
        "Extensive Simulation Results",
        "Network Lifetime",
        "Sensor Networks",
        "Particle Swarm Optimization",
        "WSN",
        "Clustering algorithms",
        "Clustering Algorithm",
        "Base Station",
        "Clustering",
        "Cluster Formation",
        "Data aggregation",
        "Centroid",
        "Local Fitting",
        "Global Fit"
    ]
}