{
    "Title": "Performance analysis of the optical properties of ZnO-MnO nanocomposites fabricated using a low cost technique",
    "Authors": [
        "Jada Kalyan",
        "S. Roji Marjorie",
        "S. Jaanaa Rubavathy"
    ],
    "Date": "2023-01-30",
    "Institution": [
        "Chennai",
        "Saveetha University"
    ],
    "City": [
        "Chennai",
        "Tamilnadu"
    ],
    "Country": [
        "India"
    ],
    "Keywords": [
        "Changes In Transmission",
        "Optical device fabrication",
        "Pure Zinc Oxide",
        "Elsevier",
        "Spectroscopy",
        "Web Of Science",
        "Pure Oxide",
        "UV-visible",
        "Absorbance",
        "Manganese Oxide",
        "NaOH Solution",
        "Band Gap Energy",
        "Transmittance",
        "Costs",
        "Photonic band gap",
        "Magnetic Stirring",
        "Nanocomposites",
        "Pure Film",
        "Zinc Oxide Thin Films",
        "Transmittance Values",
        "Chromic Acid",
        "Supercapacitors",
        "Storage Devices",
        "Thin Films",
        "Sample Size Calculation",
        "Pure ZnO",
        "Oxide Nanocomposites",
        "Doping",
        "Oxide Thin Films",
        "Zinc Oxide",
        "Zinc oxide",
        "Nanotechnology",
        "Practical Techniques",
        "Optical Properties Of Nanoparticles",
        "Lower Concentrations",
        "Zinc Oxide Nanoparticles",
        "Photocatalytic",
        "Dip coating",
        "Innovative low cost dip coating technique",
        "Conductivity",
        "Low-cost Technique",
        "Electrode Materials",
        "Secondary Cell"
    ]
}