{
    "Title": "A Brightness Temperature Reconstruction Method Based on Tikhonov Regularization for Mirrored Aperture Synthesis",
    "Authors": [
        "Haofeng Dou",
        "Hao Li",
        "Yuanchao Wu",
        "Yinan Li",
        "Guangnan Song",
        "Rongchuan Lv",
        "Qingxia Li",
        "Zhenyu Lei"
    ],
    "Date": "2023-02-08",
    "Institution": [
        "China Academy of Space Technology(Xi an)",
        "Huazhong University of Science Technology and Technology"
    ],
    "City": [
        "Wuhan",
        "Xi an"
    ],
    "Country": [
        "China"
    ],
    "Keywords": [
        "Transformation Matrix",
        "Distortion",
        "Tikhonov regularization",
        "Aperture Synthesis",
        "Apertures",
        "Baseline Number",
        "Regularization Method",
        "Corner Points",
        "Transformation Equation",
        "Inverse Problem",
        "Antenna Array",
        "Optimal Regularization Parameter",
        "Weight Decay",
        "Brightness Temperature",
        "Radar",
        "Radar imaging",
        "Reconstruction algorithms",
        "Measurement errors",
        "Rectangular Array",
        "Regularization Parameter",
        "Inverse problems",
        "mirrored aperture synthesis"
    ]
}