{
    "Title": "Clutter Suppression Method of Inter-Pulse Frequency Agility Based on Zero Point Constraint",
    "Authors": [
        "Jiang Jie",
        "Gao Bo",
        "Su Junhai",
        "Li Yingjun"
    ],
    "Date": "2023-02-08",
    "Institution": [
        "Xi'an Research Institute of Navigation Technology"
    ],
    "City": [
        "Xi'an"
    ],
    "Country": [
        "China"
    ],
    "Keywords": [
        "Data Matrix",
        "Target Velocity",
        "Spectral Search",
        "Object detection",
        "Radar Waveform",
        "Fast Fourier Transform",
        "Radar System",
        "True Distance",
        "Repeaters",
        "Coherent Processing",
        "Jamming",
        "Clutter",
        "Target Speed",
        "Clutter Suppression",
        "Real Distance",
        "Coherent Integration",
        "Zero Point",
        "Rapid Development Of Technology",
        "Frequency Hopping",
        "Clutter Suppression Method",
        "Target Parameters",
        "Echo Data",
        "Echo Signal",
        "Peak Search",
        "Ground Clutter",
        "Hardware",
        "Radar clutter",
        "Radar detection",
        "Zero Point Constraint",
        "Radar Signal",
        "Search Range",
        "Electromagnetic Environment",
        "Electronic Warfare",
        "Unit Distance",
        "Optimal Filter",
        "Experimental Scene",
        "Pulsed Doppler",
        "Inter-pulse Frequency Agility",
        "Signal Model"
    ]
}