{
    "Title": "FedProb: An Aggregation Method Based on Feature Probability Distribution for Federated Learning on Non-IID Data",
    "Authors": [
        "Do-Van Nguyen",
        "Anh-Khoa Tran",
        "Koji Zettsu"
    ],
    "Date": "2023-01-26",
    "Institution": [
        "National Institute of Information and Communications Technology (NICT)"
    ],
    "City": [
        "Tokyo"
    ],
    "Country": [
        "Japan"
    ],
    "Keywords": [
        "Robustness",
        "Local Distribution",
        "Real-world Applications",
        "Federated Learning",
        "Non-independent And Identically Distributed",
        "Functional Framework",
        "Label Distribution",
        "Optimal Model",
        "Aggregation Function",
        "Kullback-Leibler",
        "Optimal Function",
        "Average Aggregation",
        "Data Distribution",
        "Local Training",
        "Internet Of Things",
        "Global Distribution",
        "Smart Systems",
        "Skewed Data Distribution",
        "Probability distribution",
        "Training Round",
        "Data privacy",
        "Training",
        "Feature Distribution Skew",
        "Aggregation Method",
        "Non-IID Data",
        "Step Of The Framework",
        "Federated Learning Framework",
        "Deep Neural Network",
        "Federated learning",
        "Global Model",
        "Distribution Characteristics",
        "Number Of Parties",
        "Probability Distribution Based Aggregation",
        "Distributed databases",
        "Training Curves",
        "Big Data",
        "Model Aggregation",
        "Stochastic Gradient Descent",
        "Federated Learning Algorithm",
        "Local Data"
    ]
}