{
    "Title": "A Package on Package Assembly Method of SiP Microwave Module based on Heteroid BGA Devices",
    "Authors": [
        "Ruhao Sun",
        "Cheng Wang",
        "Wei Wei",
        "Lu Xie",
        "Bingcheng Mao"
    ],
    "Date": "2023-01-30",
    "Institution": [
        "Yangzhou"
    ],
    "City": [
        "Jiangsu Province"
    ],
    "Country": [
        "China"
    ],
    "Keywords": [
        "Microwave integrated circuits",
        "system in package",
        "Ball Grid Array",
        "Ceramic Substrate",
        "Metals",
        "Assembly Process",
        "Packaging Technology",
        "Package on package",
        "Process Flow",
        "Microwave devices",
        "System Software",
        "Microwave Modulation",
        "Heterogeneous Integration",
        "Eutectic Mixture",
        "Multi-core",
        "Temperature Gradient",
        "ball grid array",
        "Microwave theory and techniques",
        "Millimeter wave technology",
        "Toughness",
        "Stacking",
        "Shear Test",
        "System-in-package",
        "Temperature Parameters"
    ]
}