{
    "Title": "Performance Analysis of NOMA-Based Hybrid Satellite-Terrestrial Relay Networks With CCI",
    "Authors": [
        "Rong Chai",
        "Lei Liu",
        "Fei Zou",
        "Jinhong Li",
        "Qianbin Chen"
    ],
    "Date": null,
    "Institution": [
        "Chongqing University of Posts and Telecommunications"
    ],
    "City": [
        "Chongqing"
    ],
    "Country": [
        "China"
    ],
    "Keywords": [
        "Orbital Character",
        "Resource management",
        "Non-orthogonal Multiple Access",
        "Satellite broadcasting",
        "Co-channel Interference",
        "Quadrature Phase Shift Keying",
        "Decoding",
        "Hybrid satellite-terrestrial relay network",
        "Simulation Results",
        "Ground Station",
        "Symbol Error Rate",
        "Satellite System",
        "Power Allocation Scheme",
        "non-orthogonal multiple access",
        "Confluent Hypergeometric Function",
        "average symbol error rate",
        "Satellites",
        "Shadowing Effect",
        "Non-orthogonal Multiple Access Scheme",
        "Hybrid Satellite-terrestrial Relay Network",
        "Transmission Performance",
        "Optimal Power Allocation",
        "Probability Of Events",
        "Transmission Characteristics",
        "Outage Probability",
        "Satellite Signals",
        "Optimal Allocation",
        "outage probability",
        "Receivers",
        "System Performance",
        "mean energy efficiency",
        "Bottom Of Page",
        "Successive Interference Cancellation",
        "Interference",
        "Base Station",
        "Multiple Access",
        "NOMA",
        "Moment Generating Function",
        "Small Base Stations",
        "Numerical models",
        "Relay Nodes"
    ]
}