{
    "Title": "A SOC estimation method based on Improved Fuzzy Broad Learning System",
    "Authors": [
        "Junhao Chen",
        "Chunxi Li",
        "Xiang Li",
        "Quanbo Ge"
    ],
    "Date": "2023-01-30",
    "Institution": [
        "Shanghai Maritime University",
        "Yellow River Conservancy Technical Institute",
        "Nanjing University of Information Science and Technology"
    ],
    "City": [
        "Henan",
        "Shanghai",
        "Nanjing"
    ],
    "Country": [
        "China"
    ],
    "Keywords": [
        "Broad Learning System",
        "Cluster Centers",
        "Learning System",
        "Sine cosine theory",
        "Automation",
        "Electric Vehicles",
        "Fuzzy Set",
        "SOC",
        "Optimal Weight",
        "Root Mean Square Error",
        "Membership Function",
        "SOC Estimation",
        "Fuzzy System",
        "Single Battery",
        "Fuzzy Rules",
        "FBLS",
        "GOA",
        "Mean Absolute Error",
        "Broad Learning",
        "Optimization",
        "Recurrent Neural Network",
        "Fuzzy Broad Learning System",
        "K-means",
        "Global Optimization",
        "Optimization Algorithm",
        "Clustering algorithms",
        "K-means Algorithm",
        "Convergence",
        "Equivalent Circuit",
        "Convergence Rate",
        "Neural Network",
        "Estimation",
        "Learning systems"
    ]
}