{
    "Title": "Decentralized Storage for Big Data in Healthcare between Reality and Ambition: IPFS and Sia",
    "Authors": [
        "Ghassan Al-Sumaidaee",
        "Rami Alkhudary",
        "Zeljko Zilic"
    ],
    "Date": "2023-01-26",
    "Institution": [
        "McGill University",
        "Université Paris-Panthéon-Assas"
    ],
    "City": [
        "Paris",
        "Montreal"
    ],
    "Country": [
        "Canada",
        "France"
    ],
    "Keywords": [
        "Digital Transformation",
        "Data Owner",
        "Central Server",
        "File System",
        "Sia",
        "IPFS",
        "Blockchain",
        "Data Storage",
        "Storage Space",
        "Big Data",
        "Medical Facilities",
        "Cloud Computing",
        "Medical services",
        "Information exchange",
        "Healthcare Big Data",
        "Blockchains",
        "Blockchain System",
        "Metadata",
        "Storage Platform",
        "Public Blockchain",
        "Information systems",
        "InterPlanetary File System",
        "Servers"
    ]
}