{
    "Title": "Analysis and Stabilization of Signal Reflections in Gate-to-Gate Connections for AQFP Circuits",
    "Authors": [
        "Michael A. Johnston",
        "Christopher L. Ayala",
        "Tomoyuki Tanaka",
        "Nobuyuki Yoshikawa"
    ],
    "Date": null,
    "Institution": [
        "Yokohama National University"
    ],
    "City": [
        "Yokohama"
    ],
    "Country": [
        "Japan"
    ],
    "Keywords": [
        "Phase Velocity",
        "Smith Chart",
        "Propagation Delay",
        "Electrically Short",
        "Bitstream",
        "Input Current",
        "Logic gates",
        "Reflection Signal",
        "Series Inductance",
        "Rise Time",
        "Output Current",
        "Signal integrity",
        "Increase In Length",
        "Voltage Standing Wave Ratio",
        "Superconductivity",
        "Reflective Analysis",
        "Power transmission lines",
        "Matching Network",
        "Impedance Transformer",
        "Bit Error",
        "Standards",
        "Impedance Network",
        "Life Cycle Assessment",
        "Junctions",
        "Energy Efficiency",
        "quantum flux parametron (QFP)",
        "signal integrity",
        "Transmission Line",
        "Reflection",
        "Adiabatic logic",
        "Transmission Line Model",
        "Impedance",
        "matching network",
        "Josephson Junctions",
        "Energy Consumption",
        "Equivalent Circuit",
        "transmission line",
        "Data Transmission",
        "Integration Of Signals",
        "Network Design",
        "Adiabatic"
    ]
}