{
    "Title": "Design and Analysis of ITAE Tuned Robust PID Controller for Brushed DC Motor",
    "Authors": [
        "Sharon. P. Simon",
        "Lillie Dewan",
        "M. P. R. Prasad"
    ],
    "Date": "2023-01-31",
    "Institution": [
        "Kurukshetra"
    ],
    "City": [
        "Haryana"
    ],
    "Country": [
        "India"
    ],
    "Keywords": [
        "Transfer functions",
        "Integral Time Absolute Error",
        "Robust Design",
        "Control Design",
        "Robust control",
        "DC motors",
        "Velocity control",
        "Permanent Magnet",
        "Magnetic Field",
        "Motor Parameters",
        "ITAE",
        "Robust PID Controller",
        "Input Output",
        "Robust PID",
        "Speed Control",
        "Robust Control",
        "PI control",
        "Characteristic Equation",
        "Block Diagram",
        "Uncertainty",
        "Tuning Method",
        "Transfer Function Matrix",
        "Settling Time",
        "Robust Control Design",
        "Robust",
        "Transfer Function Of System",
        "Control Techniques",
        "PID",
        "Fundamental Frequency",
        "Step Change",
        "Uncertain systems",
        "LFT",
        "Proportional-integral-derivative",
        "P Matrix",
        "Transfer Function",
        "Performance Indicators",
        "Permanent Magnet Synchronous Motor",
        "Brushed DC Motor",
        "DC Motor"
    ]
}