{
    "Title": "Path Planning and Tracking Control Method Based on Bessel Curve",
    "Authors": [
        "Zhiben Zhang",
        "Changsheng Ai",
        "Song Li",
        "Yifei Xue",
        "Gangchang Ren",
        "Qian Zhang"
    ],
    "Date": "2023-01-27",
    "Institution": [
        "School of Intelligent Engineering Yantai Institute of Science and Technology Yantai",
        "School of Mechanical Engineering University of Jinan Jinan",
        "School of Mechanical Engineering University of Jinan",
        "Jinan Blue Ant Technology Co."
    ],
    "City": [
        "Shandong Province"
    ],
    "Country": [
        "China"
    ],
    "Keywords": [
        "Tracking Control Method",
        "Front Wheel",
        "Path Planning",
        "Manufacturing",
        "Trajectory",
        "Planning Methods",
        "Path Planning Method",
        "Turning",
        "Autonomous Vehicles",
        "Current Point",
        "Roads",
        "Mechanical engineering",
        "Local Path",
        "Process control",
        "Path Tracking Control",
        "Path Tracking",
        "Mapping Model",
        "Path planning",
        "Track Model",
        "Smooth Line",
        "Path tracking",
        "Kinematics",
        "Continuous Curve",
        "Angle Of The Vehicle",
        "Driverless vehicle",
        "Positioning System",
        "Actual Route",
        "Bezier Curve"
    ]
}