{
    "Title": "Reduction of training computation by network optimization of Integration Neural Network approximator",
    "Authors": [
        "Yoshiharu Iwata",
        "Hidefumi Wakamatsu"
    ],
    "Date": "2023-02-15",
    "Institution": [
        "Suita"
    ],
    "City": [
        "Osaka"
    ],
    "Country": [
        "Japan"
    ],
    "Keywords": [
        "Machine learning",
        "Finite Element Method",
        "Multiple Regression Analysis",
        "Approximation Theorem",
        "Knowledge engineering",
        "Final Layer",
        "Training Data",
        "Black Dots",
        "Input Values",
        "Optimal Learning",
        "Stopping Condition",
        "Training data",
        "Conditional Value",
        "Number Of Training Data",
        "Training",
        "Activation Function",
        "Early Stopping",
        "Hyperparameters",
        "Data models",
        "Hybrid Neural Network",
        "Machine Learning",
        "Nonlinear Estimation",
        "Proper Learning",
        "Final Output Layer",
        "Nodes In Layer",
        "Linear Activation Function",
        "Neural Network",
        "Intermediate Layer",
        "Neural networks",
        "Nonlinear Part",
        "Neural Network Approximation",
        "System integration",
        "Accurate Estimation",
        "Neural Network Structure",
        "Deductive"
    ]
}