{
    "Title": "Integrated Impact of high percentage Distributed Photovoltaic on Power Grid",
    "Authors": [
        "Xu Zhang",
        "Huaidong Yan",
        "Jingjing Bai",
        "Sha Jun"
    ],
    "Date": "2023-02-10",
    "Institution": [
        "Nari Group Corporation/State Grid Electric Power Research Institute",
        "Ltd"
    ],
    "City": [
        "Yancheng",
        "Nanjing"
    ],
    "Country": [
        "China"
    ],
    "Keywords": [
        "Node Voltage",
        "Local Availability",
        "Distribution Network",
        "Photovoltaic Power Generation",
        "Voltage Quality",
        "Power System",
        "Power system stability",
        "Power Factor",
        "Power Loss",
        "Distribution Lines",
        "Power quality",
        "Stability analysis",
        "Distribution Grid",
        "Tidal Currents",
        "Power Grid",
        "Reliability engineering",
        "Photovoltaic System",
        "Power grids",
        "Distribution System",
        "Network Quality",
        "Penetration Rate",
        "Voltage Difference",
        "Impact Of Percentage",
        "Power Quality",
        "Feed Line",
        "power quality",
        "high percentage",
        "medium and low voltage distribution network",
        "Impact Of Position",
        "distributed photovoltaic power",
        "Power Generation",
        "Photovoltaic systems",
        "Analysis Of The Impact",
        "Adjacent Nodes",
        "Photovoltaic Power",
        "Voltage Distribution",
        "Distribution networks",
        "Network Loss",
        "Operation Mode",
        "Allowable Range",
        "Radial Network"
    ]
}