{
    "Title": "DSP-Packing: Squeezing Low-precision Arithmetic into FPGA DSP Blocks",
    "Authors": [
        "Jan Sommer",
        "M. Akif Özkan",
        "Oliver Keszocze",
        "Jürgen Teich"
    ],
    "Date": "2023-02-13",
    "Institution": [
        "Friedrich-Alexander-Universitat Erlangen-Nürnberg"
    ],
    "City": [
        "Erlangen"
    ],
    "Country": [
        "Germany"
    ],
    "Keywords": [
        "Small Width",
        "Scarce Resources",
        "Logic gates",
        "Low-precision Arithmetic",
        "Full Correction",
        "Negative Infinity",
        "Least Significant Bit",
        "Hardware Overhead",
        "Input Combinations",
        "Bit-width",
        "Digital Signal Processing",
        "Pack Scheme",
        "Digital Signal Processing (DSP)",
        "Signal processing algorithms",
        "Mean Absolute Error",
        "Remainder Of This Paper",
        "Image Machine",
        "Cylindrical",
        "Most Significant Bit",
        "Array signal processing",
        "Hardware",
        "Sign Bit",
        "Approximate Computing",
        "Energy Efficiency",
        "Approximate Computation",
        "Digital signal processing",
        "Runtime",
        "Outer Product",
        "Lookup Table",
        "Processing Domain",
        "Digital signal processors",
        "Field-Programmable Gate Array (FPGA)",
        "Convolutional Neural Network",
        "Machine Learning Domain",
        "Feasibility Constraints",
        "Decimal Point",
        "Spiking Neural Networks"
    ]
}