{
    "Title": "Decentralized Energy Trading Model with Smart Grids and Blockchain",
    "Authors": [
        "Jaymin Dafda",
        "Shriniwas Patil",
        "Keyur Parmar"
    ],
    "Date": "2023-02-16",
    "Institution": [
        "S.V. National Institute of Technology"
    ],
    "City": [
        "Surat"
    ],
    "Country": [
        "India"
    ],
    "Keywords": [
        "Enhance Energy Efficiency",
        "Trading System",
        "Smart grid",
        "Power Generation",
        "Intelligence Agencies",
        "Smart grids",
        "Supply And Demand",
        "Public Key",
        "Smart Contracts",
        "Unit Energy",
        "Energy resources",
        "Smart Grid",
        "Smart Meters",
        "Energy Generation",
        "Renewable energy sources",
        "Distribution System Operator",
        "Price governance",
        "Share Of Energy",
        "Blockchain",
        "Load management",
        "Power Consumption",
        "Market Supply",
        "Distribution Network",
        "Smart meters",
        "Energy Storage Systems",
        "Energy trading",
        "Load balancing",
        "Energy Demand",
        "Formal Trade",
        "Trade Center",
        "Micro-grid",
        "Blockchains",
        "Energy utilization",
        "Renewable Sources",
        "Single Point Of Failure",
        "Central System",
        "Load Balancing",
        "Distributed Ledger",
        "Energy Trading",
        "Renewable Energy",
        "International Energy Agency",
        "Privacy",
        "Renewable Energy Sources",
        "Blockchain Network"
    ]
}