{
    "Title": "Just-Enough Strategy for Accurate Clock Jitter Measurement Using A Cyclic Time-to-Digital Converter",
    "Authors": [
        "Yung-Chuan Su",
        "Shi-Yu Huang"
    ],
    "Date": "2023-02-07",
    "Institution": [
        "Electrical Engineering Department"
    ],
    "City": [
        "National Tsing Hua University"
    ],
    "Country": [
        "Taiwan"
    ],
    "Keywords": [
        "Pulse Signal",
        "Size measurement",
        "Output Signal",
        "Signal Frequency",
        "Jitter Measurement",
        "Phase-locked Loop",
        "Input Samples",
        "Output Code",
        "CMOS process",
        "Time-to-Digital Converter",
        "Uncertainty",
        "Simulation",
        "Clock Signal",
        "Time Resolution",
        "Clock Cycles",
        "OpenFlow",
        "Input Clock",
        "Clock Period",
        "Pulse Width",
        "Measurement uncertainty",
        "TDC",
        "Standards",
        "Clock Frequency",
        "Input Signal",
        "Cyclic TDC",
        "Time-to-digital Converter",
        "Output Of Block",
        "Measurement Uncertainty",
        "Jitter",
        "Measurement Range",
        "Travel Length"
    ]
}