{
    "Title": "ABCD Parameters in Series-Series Compensation Wireless Power Transfer System",
    "Authors": [
        "Dowon Kim"
    ],
    "Date": "2023-02-07",
    "Institution": [
        "Curtin University"
    ],
    "City": [
        "Perth"
    ],
    "Country": [
        "Western Australia"
    ],
    "Keywords": [
        "Open Circuit",
        "Power transmission lines",
        "Wireless communication",
        "RLC circuits",
        "Wireless Power Transfer",
        "Magnetic Coupling",
        "Input Voltage",
        "Voltage",
        "Magnetic Field",
        "Resonance Frequency",
        "Capacitors",
        "Wireless Power Transfer System",
        "Power System",
        "Short-circuit Current",
        "Series-Series compensation",
        "Electromagnetic Solver",
        "Power Transfer",
        "Analytical models",
        "Impedance",
        "Electromagnetic Simulation",
        "ABCD parameters",
        "No-load Condition",
        "Partial Parameters",
        "Constant Current",
        "Load Current",
        "Leakage Inductance",
        "Supply Voltage",
        "WPT T model",
        "Transmission Line",
        "Magnetic Resonance",
        "Coupling Coefficient",
        "Open-circuit Voltage",
        "Load Side",
        "Electric Vehicles",
        "Simulation",
        "ABCD Parameters",
        "Protection Scheme",
        "Transformative Power",
        "Mobile App",
        "T Model"
    ]
}