{
    "Title": "Impact of Digitalization in Construction: Enriching As-built Facilities and Operations using BIM",
    "Authors": [
        "Humayun Kabir Biswas",
        "Sian Lun Lau",
        "Tze Ying Sim"
    ],
    "Date": "2023-02-02",
    "Institution": [
        "Sunway University"
    ],
    "City": [
        "Subang Jaya"
    ],
    "Country": [
        "Malaysia"
    ],
    "Keywords": [
        "3D Point Cloud",
        "Objective Scanner",
        "3D Point",
        "Digitalization",
        "Construction Industry",
        "Object Recognition",
        "Localizer Scan",
        "Industrial Engineering",
        "Coordination Sphere",
        "3D point clouds",
        "Buildings",
        "Scanning Strategy",
        "Laser modes",
        "TLS",
        "Unmanned Aerial Vehicles",
        "Hidden Object",
        "Scanning Device",
        "Acoustic",
        "Laser Scanning",
        "Point cloud compression",
        "Scan Position",
        "Data models",
        "Scanning Technology",
        "Solid modeling",
        "Three-dimensional displays",
        "Point Cloud",
        "Number Of Objects",
        "Operation Of Facilities",
        "Terrestrial Laser Scanning",
        "Automatic Registration",
        "Common Coordinate System",
        "As-built Facilities",
        "Management System",
        "BIM",
        "Impact Of Digitalization",
        "Operation And Maintenance",
        "AEC",
        "Facility Managers",
        "Welding",
        "Registration Process",
        "Concrete Walls",
        "Building Information Modelling"
    ]
}