{
    "Title": "Performance comparison of DVS data spatial downscaling methods using Spiking Neural Networks",
    "Authors": [
        "Amélie Gruel",
        "Jean Martinet",
        "Bernabé Linares-Barranco",
        "Teresa Serrano-Gotarredona"
    ],
    "Date": "2023-02-06",
    "Institution": [
        "i3S",
        "IMSE-CNM"
    ],
    "City": [
        "Université Côte d’Azur Sophi-Antipolis",
        "Sevilla"
    ],
    "Country": [
        "France",
        "Spain"
    ],
    "Keywords": [
        "Hyperparameter Tuning",
        "Power Calculation",
        "self-",
        "Amount Of Information",
        "Synaptic Weights",
        "Contrast Threshold",
        "Negative Consequences",
        "Embedded System",
        "Input Events",
        "formulations",
        "semi-",
        "Dynamic Vision Sensor",
        "Machine learning architectures",
        "Embedded systems",
        "Connection Weights",
        "Positive Bias",
        "Communication Bandwidth",
        "Sensor Size",
        "Real-time systems",
        "Robot vision systems",
        "Running Time",
        "Data Processing",
        "Events In Real Time",
        "and un-supervised learning)",
        "Neuromorphics",
        "Event Stream",
        "Event Data",
        "Input Layer",
        "Neural networks",
        "Computer vision",
        "Sparse Data",
        "Computation Time",
        "Data Reduction",
        "Leaky Integrate-and-fire",
        "Simulation Run Time",
        "Temporal Density",
        "Vision sensors",
        "Neuromorphic Hardware",
        "Downscaling Method",
        "low-shot",
        "Embedded sensing/real-time techniques",
        "Applications: Robotics",
        "Output Neurons",
        "and algorithms (including transfer",
        "Spiking Neural Networks"
    ]
}