{
    "Title": "Analytical Design Procedure of Synchronous Reluctance Motor and its Validation through FEA",
    "Authors": [
        "Rachna Panwar",
        "Ragavan K"
    ],
    "Date": "2023-02-16",
    "Institution": [
        "Indian Institute of Technology Gandhinagar"
    ],
    "City": [
        "Gujarat"
    ],
    "Country": [
        "India"
    ],
    "Keywords": [
        "Finite Element Analysis",
        "Static Magnetic Field",
        "Permanent Magnet",
        "Power Factor",
        "Flux Values",
        "Fluid Flux",
        "End Position",
        "Torque",
        "Finite element analysis",
        "Shape",
        "Illustrative Example",
        "Stator Slot",
        "Torque Ripple",
        "Synchronous Reluctance Motor",
        "Axially Laminated Rotor",
        "Stator Teeth",
        "Electromagnetic Performance",
        "Mechanical Constraints",
        "Design Process",
        "Electromagnetic Analysis",
        "Design Procedure",
        "Field Lines",
        "Copper Loss",
        "Flux barriers",
        "Software",
        "Induction motors",
        "Optimal Selection",
        "Air Gap",
        "Total Width",
        "Saliency",
        "Barrier Width",
        "Number Of Barriers",
        "Induction Motor",
        "Leakage Flux",
        "Transverse Laminated Rotor",
        "Mechanical Integrity",
        "Aspect Ratio",
        "Geometric Parameters",
        "Tooth Width",
        "Rotors",
        "Stators"
    ]
}