{
    "Title": "Multivariate Time Series Analysis: An Interpretable CNN-based Model",
    "Authors": [
        "Raneen Younis",
        "Sergej Zerr",
        "Zahra Ahmadi"
    ],
    "Date": "2023-02-08",
    "Institution": [
        "L3S Research Center"
    ],
    "City": [
        "Hannover"
    ],
    "Country": [
        "Germany"
    ],
    "Keywords": [
        "Convolutional Layers",
        "Role Of Signaling",
        "Time Series Classification",
        "Training Data",
        "Interpretive Framework",
        "Network Model",
        "time series",
        "Deep Learning Models",
        "Model Interpretation",
        "Dynamic Time Warping",
        "Analytical models",
        "Deep Convolutional Neural Network",
        "interpretability",
        "Time Series Analysis",
        "Multivariate Time Series",
        "Network Layer",
        "Input Time Series",
        "Predictive models",
        "Neurons",
        "Convolutional Network",
        "Classification Output",
        "Activation Maps",
        "Global Average Pooling Layer",
        "Multivariate Time Series Analysis",
        "Fully Convolutional Network",
        "Output Label",
        "Multivariate Time Series Data",
        "Time Series Data",
        "Artificial Neural Network",
        "Neural networks",
        "Knowledge engineering",
        "classification",
        "Time Series",
        "Deep Neural Network",
        "Multivariate Data",
        "Class Activation Maps",
        "Convolutional Neural Network",
        "neural networks",
        "Semantics",
        "Neural Network",
        "Time series analysis"
    ]
}