{
    "Title": "Crowd Counting Method Based on Deep Neural Network",
    "Authors": [
        "Lixin Guo",
        "Jianjun Li"
    ],
    "Date": "2023-02-08",
    "Institution": [
        "Inner Mongolia University of Science and Technology"
    ],
    "City": [
        "Baotou"
    ],
    "Country": [
        "China"
    ],
    "Keywords": [
        "Robustness",
        "Convolutional Layers",
        "Images Of People",
        "Density Map",
        "Feature Maps",
        "Crowd density estimation",
        "Attentional mechanism",
        "Receptive Field",
        "Crowd Density",
        "Crowded Scenes",
        "Rapid Economic Development",
        "Interference Problem",
        "Network Modules",
        "Vertical Coordinate",
        "Real-time systems",
        "Progress Of Society",
        "Number Of People",
        "Density Estimation",
        "Convolution Operation",
        "Spatial Dimensions",
        "Crowd Counting Methods",
        "CNN-based Methods",
        "Sociology",
        "Rail transportation",
        "Number Of Images",
        "Spatial Information",
        "Background Interference",
        "Crowd count",
        "Deep Neural Network",
        "Urban areas",
        "Important Application Value",
        "Feature extraction",
        "Crowd Counting",
        "Convolutional Neural Network",
        "Layers Of VGG16",
        "Population Density",
        "Backbone Network",
        "Robot kinematics",
        "Regression-based Methods",
        "Input Image",
        "Feature fusion"
    ]
}