{
    "Title": "Strategy of \"Source-Storage-Load\" Multi-Operating Domain Coordinated Control to Enhance Clean Energy Consumption Capacity",
    "Authors": [
        "Zhu Fangyu",
        "Zhu Bingquan",
        "Yin Lu",
        "Zhu Jianing",
        "Dong Hui"
    ],
    "Date": "2023-02-14",
    "Institution": [
        "Ltd",
        "Northeast Electric Power University"
    ],
    "City": [
        "Jilin",
        "Huludao",
        "Jinzhou"
    ],
    "Country": [
        "China"
    ],
    "Keywords": [
        "Type Of Operation",
        "Energy Storage",
        "Coordination Control",
        "Wind Power",
        "Safe Operation",
        "Stable Performance",
        "Electrical Storage",
        "Regulatory Capacity",
        "Energy Storage Capacity",
        "Energy consumption",
        "Electrical Energy",
        "Renewable Energy",
        "Storage Capacity",
        "Coordination",
        "Thermal Units",
        "Control Strategy",
        "Nuclear Power",
        "Thermal Storage",
        "Power Grid",
        "Consecutive Years",
        "Thermal Energy",
        "Power grids",
        "Thermal factors",
        "Photovoltaic System",
        "Maximum Power",
        "Multi-Domain",
        "Thermal Power Generation",
        "Wind Farm",
        "Wind farms",
        "Utility Grid",
        "Multi-Source",
        "Actual Operation",
        "Upper Limit",
        "Battery Power",
        "Clean Energy Consumption",
        "Power Generation",
        "Wind power generation",
        "Photovoltaic systems",
        "Photovoltaic Power",
        "Regulation",
        "Thermal Power"
    ]
}