{
    "Title": "Data-Driven Particle Quality Control for Spray Fluidized Bed Granulation Process by Learning from Primitive Data",
    "Authors": [
        "Shengnan Tang",
        "Hongyi Zhang",
        "Mingyang Li",
        "Le Yang",
        "Chengtie Li",
        "Zhengsong Wang"
    ],
    "Date": "2023-02-14",
    "Institution": [
        "Northeastern University",
        "Chinese Academy of Sciences"
    ],
    "City": [
        "Shenyang",
        "Qinhuangdao"
    ],
    "Country": [
        "China"
    ],
    "Keywords": [
        "Spray Nozzle",
        "Raw Materials",
        "Fluidized-bed Granulation",
        "Made In China",
        "Pharmaceutical Development",
        "Model Predictive Control",
        "Databases",
        "Optimal Control",
        "Raw materials",
        "Compressed Air",
        "Accuracy Of Model",
        "Costs",
        "Iterative Learning Control",
        "Case-based Reasoning",
        "Simulation Experiments",
        "Model-based Control",
        "Process control",
        "Case reuse",
        "Simulation Results",
        "Spray fluidized bed granulation process",
        "New Work",
        "Uncertainty",
        "Properties Of Raw Materials",
        "Quality Control",
        "Fluidized Bed",
        "Particle Swarm Optimization",
        "Primitive data",
        "Model-free Control",
        "Primitive Data",
        "Optimization-based differential compensation",
        "Average Particle Size",
        "Optimization Algorithm",
        "Pharmaceutical quality control (PQC)",
        "Drug Particles",
        "Quality control",
        "Previous Stage",
        "Data-driven Control",
        "Base Point",
        "Control Strategy",
        "Drugs",
        "Mathematical Model",
        "Granulation Process"
    ]
}