{
    "Title": "A Model-Driven Approach for Automatic Generation of Android Tourism Applications",
    "Authors": [
        "Sara Adib",
        "Bahman Zamani"
    ],
    "Date": "2023-02-14",
    "Institution": [
        "University of Isfahan"
    ],
    "City": [
        "Isfahan"
    ],
    "Country": [
        "Iran"
    ],
    "Keywords": [
        "Tourism Domain",
        "Code Generation",
        "Graphics Editor",
        "Programming",
        "Tourism Activities",
        "Final Coding",
        "Engines",
        "Task analysis",
        "Codes",
        "Graphical User Interface",
        "General Approach",
        "Tourism Applications",
        "Tourism Industry",
        "Domain-Specific Modeling Language",
        "Model-Driven Engineering",
        "Concept Of Tourism",
        "Knowledge engineering",
        "Main Difference",
        "Development Process",
        "Mobile applications",
        "Model-driven Approach",
        "Tourism Information",
        "Mobile App Development",
        "Domain-specific Languages",
        "Mobile App",
        "Model driven engineering",
        "Automatic Generation",
        "Android Apps",
        "Breakfast",
        "Mobile Apps",
        "Parse Tree"
    ]
}