{
    "Title": "Fast Streaming Algorithms for k-Submodular Maximization under a Knapsack Constraint",
    "Authors": [
        "Canh V. Pham",
        "Dung K.T. Ha",
        "Huan X. Hoang",
        "Tan D. Tran"
    ],
    "Date": "2023-02-08",
    "Institution": [
        "Faculty of Information Technology",
        "VNU University of Engineering and Technology",
        "People’s Security Academy",
        "Phenikaa University"
    ],
    "City": [
        "Ha Noi",
        "Halong University",
        "Hanoi"
    ],
    "Country": [
        "Vietnam"
    ],
    "Keywords": [
        "Running Time",
        "Machine learning",
        "Approximation algorithms",
        "Constant Approximation",
        "Knapsack Constraint",
        "Linear programming",
        "Approximate Ratio",
        "Fast Streams",
        "Size Constraints",
        "Data science",
        "Costs",
        "Solution Quality",
        "Finite Set",
        "Cardinality",
        "Set Of Elements",
        "Streaming Algorithm",
        "Detailed Algorithm",
        "Total Cost",
        "Fast Estimation",
        "k-submodular maximization",
        "Objective Function",
        "Update Algorithm",
        "knapsack constraint",
        "Approximation algorithm",
        "Near-optimal Solution",
        "Sensor Placement",
        "streaming algorithm",
        "Machine learning algorithms",
        "Social Networks",
        "Linear Time",
        "Facebook",
        "Estimation Algorithm",
        "Sensor placement",
        "Candidate Solutions"
    ]
}