{
    "Title": "Research on capacity cost compensation mechanism on power generation companies",
    "Authors": [
        "Yuan Hu",
        "Shijun Tian",
        "Menghua Fan"
    ],
    "Date": "2023-02-10",
    "Institution": [
        "Ltd"
    ],
    "City": [
        "Beijing"
    ],
    "Country": [
        "China"
    ],
    "Keywords": [
        "Thermal Power",
        "Market Power",
        "Thermal Units",
        "Capacitance Values",
        "Power Generation Companies",
        "Measure Of Capacity",
        "Compensation Costs",
        "Capacity Cost",
        "Hydropower",
        "User Side",
        "Power Generation",
        "Companies",
        "Supply And Demand",
        "price mechanism",
        "Power System",
        "Carbon Reduction",
        "Costs",
        "Implementation Of Goals",
        "Power supplies",
        "Coal Power",
        "capacity compensation",
        "Renewable energy sources",
        "Pricing Mechanism",
        "Wind Power",
        "Total Cost",
        "Unit Cost",
        "Electrical engineering",
        "Unit System",
        "Carbon Peak",
        "effective capacity",
        "Uncertainty",
        "Supply and demand",
        "Power Units",
        "Power Generation Capacity",
        "Natural Gas",
        "Experience In China",
        "Market Capacity",
        "Renewable Energy",
        "Rate Of Units",
        "Power Plants"
    ]
}