{
    "Title": "The Design Method of Logic Circuits based on the Voltage-Input Enhanced Scouting Logic Gates",
    "Authors": [
        "Fan Liu",
        "Sunrui Zhang",
        "Xiaole Cui"
    ],
    "Date": "2023-02-13",
    "Institution": [
        "Peng Cheng Lab",
        "Peking University Shenzhen Graduate School"
    ],
    "City": [
        "Shenzhen"
    ],
    "Country": [
        "China"
    ],
    "Keywords": [
        "Intermediate Results",
        "State Of The Device",
        "Resistance",
        "Process Repeats",
        "Current Array",
        "Benchmark testing",
        "Read Operation",
        "Variables In Table",
        "Logic functions",
        "logic synthesis",
        "Cycle Count",
        "Synthesis Method",
        "Logic gates",
        "Sensitivity",
        "High Resistance State",
        "Programming Voltage",
        "pipeline",
        "Logic arrays",
        "Design methodology",
        "Rightmost Column",
        "read/write separation",
        "RRAM",
        "Boolean Logic",
        "Enhanced Scouting Logic",
        "Resistive Random Access Memory",
        "Circuit Performance",
        "OR Gate",
        "Columnar Cells",
        "OR Operation"
    ]
}