{
    "Title": "Concurrent Downlink and Uplink Joint Communication and Sensing for 6G Networks",
    "Authors": [
        "Xu Chen",
        "Zhiyong Feng",
        "Zhiqing Wei",
        "J. Andrew Zhang",
        "Xin Yuan",
        "Ping Zhang"
    ],
    "Date": null,
    "Institution": [
        "Sydney",
        "Marsfield",
        "Ministry of Education"
    ],
    "City": [
        "NSW",
        "Beijing"
    ],
    "Country": [
        "Australia",
        "China"
    ],
    "Keywords": [
        "Uplink",
        "Range Of Estimates",
        "Beamforming Vector",
        "Quadrature Amplitude Modulation",
        "Scatterers",
        "Bit Error Rate",
        "6G mobile communication",
        "Signal Processing",
        "Joint communication and sensing",
        "6G Networks",
        "Doppler Frequency Shift",
        "Doppler Frequency",
        "6G system",
        "Antenna Array",
        "Steering Vector",
        "Communication Channels",
        "Symbols",
        "Array Size",
        "Reliable Communication",
        "Sensors",
        "concurrent downlink and uplink",
        "Interference cancellation",
        "Intelligent Manufacturing",
        "Uplink Channel",
        "Channel Response",
        "Uplink Communication",
        "Carrier Frequency",
        "Path Loss",
        "Mobile Network",
        "Successive Interference Cancellation",
        "Base Station",
        "Fast Fourier Transform",
        "Communication Signals",
        "Loss Of Generality",
        "Circularly Symmetric Complex Gaussian",
        "OFDM",
        "Downlink",
        "Echo Signal",
        "Locations Of Base Stations",
        "Increase In Variability"
    ]
}