{
    "Title": "An Improved Hardware Architecture for Integer-Pixel Motion Estimation in AVS3",
    "Authors": [
        "Haiming Luo",
        "Guoqing Xiang",
        "Xizhong Zhu",
        "Xiaofeng Huang",
        "Peng Zhang",
        "Liping Zhao",
        "Guangyi Shi",
        "Wei Yan"
    ],
    "Date": "2023-02-17",
    "Institution": [
        "Peking University",
        "Shaoxing University",
        "Hangzhou Dianzi University"
    ],
    "City": [
        "Beijing",
        "Hangzhou",
        "Shaoxing"
    ],
    "Country": [
        "China"
    ],
    "Keywords": [
        "Reference Pixels",
        "Video Images",
        "CTU-level",
        "Integer-Motion Estimation",
        "Sum Of Absolute Differences",
        "Encoding",
        "Pixel Block",
        "Motion Estimation",
        "Search Algorithm",
        "Pixel Window",
        "Video Compression",
        "Video Encoding",
        "Motion Information",
        "Hardware Resources",
        "Original Block",
        "Coding Unit",
        "Search Point",
        "External Memory",
        "Parallel Way",
        "Video Sequences",
        "hardware architecture",
        "Video sequences",
        "Hardware",
        "Performance Loss",
        "Video compression",
        "Search Accuracy",
        "Motion Vector",
        "Video coding",
        "Bitrate",
        "Search Range",
        "Encoder Architecture",
        "Search Window",
        "Prediction algorithms",
        "A VS3",
        "Computer architecture",
        "Search Module",
        "Hardware Architecture",
        "Original Pixel"
    ]
}