{
    "Title": "A 3-D Multiphysics Modeling of Electroporation Excited by a Single Pulse",
    "Authors": [
        "Xue-Zhao Hao",
        "Yan-Zhao Xie",
        "Jun Guo",
        "Wei-Chen Xie"
    ],
    "Date": null,
    "Institution": [
        "Xi’an Jiaotong University"
    ],
    "City": [
        "Xi’an"
    ],
    "Country": [
        "China"
    ],
    "Keywords": [
        "Permittivity",
        "Pore Radius",
        "Electric Potential Distribution",
        "Biological system modeling",
        "asymptotic electroporation (AEP)",
        "Time-varying Field",
        "dielectric dispersion (DP)",
        "Single Pulse",
        "double-shell",
        "Sub-models",
        "Solid modeling",
        "variable pore radius",
        "Pulsed Electric Field",
        "Pulse Intensity",
        "Equivalent Method",
        "Pore Density",
        "Membrane Conductance",
        "Membrane Regions",
        "Permittivity Of Medium",
        "Uniform Electric Field",
        "True Parameter Values",
        "Pore Area",
        "Boundary Surface",
        "Numerical Simulations",
        "Cell Surface",
        "Linear Model",
        "Outer Membrane",
        "Dispersion Relation",
        "Sphere Cells",
        "Electroporation",
        "Model Geometry",
        "Irreversible Electroporation",
        "Mathematical models",
        "Dielectric Function",
        "3-D",
        "Mesh Generation",
        "Rectangular Pulse",
        "Electrical Parameters",
        "Plasma Membrane",
        "equivalent boundary",
        "Numerical models",
        "Biomembranes"
    ]
}