{
    "Title": "Bare-Metal Redundant Multi-Threading on Multicore SoCs Under Neutron Irradiation",
    "Authors": [
        "A. Serrano-Cases",
        "A. Martínez-Álvarez",
        "R. Possamai Bastos",
        "S. Cuenca-Asensi"
    ],
    "Date": null,
    "Institution": [
        "Barcelona Supercomputing Center (BSC)",
        "Université Grenoble Alpes",
        "University of Alicante"
    ],
    "City": [
        "Grenoble",
        "Barcelona",
        "Alicante"
    ],
    "Country": [
        "France",
        "Spain"
    ],
    "Keywords": [
        "Failure Time",
        "Fault-tolerant",
        "Event Counts",
        "Remote Memory",
        "Mitigation Techniques",
        "Redundancy",
        "redundant multi-threading (RMT)",
        "system on chip",
        "Low Computational Cost",
        "Increase In Cross-section",
        "single-board-computer (SBC)",
        "Replica",
        "External Memory",
        "Memory Footprint",
        "Commercial off-the-shelf (COTS)",
        "Assignable Cause",
        "Instruction sets",
        "Single-board Computer",
        "Performance Overhead",
        "Protection Techniques",
        "Spatial Redundancy",
        "Commercial Off-the-shelf",
        "Codes",
        "Rollback",
        "Hardware",
        "Irradiation Experiments",
        "Recovery Capability",
        "Shared Variance",
        "Performance evaluation",
        "Software",
        "Synchronization",
        "Cross-sectional",
        "Multi-core",
        "Common Resources",
        "triple modular redundancy (TMR)",
        "Neutron Irradiation",
        "Time Overhead",
        "neutron radiation",
        "Cyclic Redundancy Check"
    ]
}