{
    "Title": "Compact Single-Balanced Mixer Using Microstrip Circular Patch Resonator",
    "Authors": [
        "Arun Kumar"
    ],
    "Date": "2023-02-24",
    "Institution": [
        "Society for Applied Microwave Electronics Engineering and Research (SAMEER)"
    ],
    "City": [
        "Kolkata"
    ],
    "Country": [
        "India"
    ],
    "Keywords": [
        "Diode mixer",
        "Resonator filters",
        "Circuit Simulation",
        "Microwave oscillators",
        "Resonance Frequency",
        "EM Simulation",
        "Nonlinear Circuit",
        "Microstrip",
        "Circular Patch",
        "Electric Field Strength",
        "Output Ports",
        "Printed Circuit Board",
        "Local Oscillator Signal",
        "Microwave antennas",
        "Dielectric Constant",
        "Good Isolation",
        "Radio frequency",
        "Return Loss",
        "Microwave sensors",
        "single-balanced",
        "180° hybrid",
        "Radio Frequency Signal",
        "Circular Patch Resonator",
        "Low Microwave",
        "Schottky Diode",
        "Schottky-barrier diode",
        "circular patch",
        "Central Patch",
        "Low-pass",
        "Conversion Loss",
        "Microstrip resonators"
    ]
}