{
    "Title": "Modelling and Quantification Methods of Voltage Sags and Voltage Unbalanced",
    "Authors": [
        "Priyanka Yadav",
        "Padmanabh Thakur",
        "Parvesh Saini",
        "Ashutosh Dixit"
    ],
    "Date": "2023-02-22",
    "Institution": [
        "Graphic Era Deemed to be University"
    ],
    "City": [
        "Dehradun"
    ],
    "Country": [
        "India"
    ],
    "Keywords": [
        "Economics",
        "Industrial Equipment",
        "Indexes",
        "Resistance",
        "Torque",
        "voltage unbalanced",
        "Power quality",
        "Waveform",
        "Voltage Magnitude",
        "Power quality disturbances",
        "Hybrid Approach",
        "Fault Resistance",
        "Commercial Equipment",
        "Voltage Components",
        "Windings",
        "Power Quality",
        "Normal Conditions",
        "Window Length",
        "Simulation Model",
        "voltage unbalanced factor.",
        "Resistant Transformants",
        "Quantification Method",
        "Voltage Sag",
        "Voltage fluctuations",
        "Electronic Equipment",
        "Induction Motor",
        "Standard IEC",
        "Reduction In Efficiency",
        "voltage sag",
        "Phase Voltage",
        "Transformer Winding",
        "Line Voltage"
    ]
}