{
    "Title": "Multimodal Feature Selection for Detecting Mothers' Depression in Dyadic Interactions with their Adolescent Offspring",
    "Authors": [
        "Maneesh Bilalpur",
        "Saurabh Hinduja",
        "Laura A. Cariola",
        "Lisa B. Sheeber",
        "Nick Alien",
        "László A. Jeni",
        "Louis-Philippe Morency",
        "Jeffrey F. Cohn"
    ],
    "Date": "2023-02-16",
    "Institution": [
        "University of Pittsburgh",
        "University of Edinburgh",
        "Robotics Institute",
        "Oregon Research Institute",
        "Language Technology Institute",
        "Department of Psychology"
    ],
    "City": [
        "Oregon",
        "Carnegie Mellon University",
        "Edinburgh",
        "University of Oregon",
        "Pittsburgh"
    ],
    "Country": [
        "UK",
        "USA"
    ],
    "Keywords": [
        "Head Orientation",
        "Depressed Mothers",
        "SHapley Additive exPlanations Values",
        "Production",
        "Contribution Of Features",
        "Derivative Of Displacement",
        "History",
        "Depression",
        "Structured Interview",
        "Collinearity",
        "Problem-solving",
        "Current Symptoms",
        "SHapley Additive exPlanations",
        "Positive Affect",
        "Developmental Science",
        "Action Units",
        "Feature Subset",
        "Adolescent Offspring",
        "Clinical Interview",
        "Gesture recognition",
        "Feature extraction",
        "Non-depressed Group",
        "Optimal Threshold",
        "Multimodal Feature Selection",
        "Facial Action Units",
        "Multimodal Features",
        "Feature Reduction",
        "Vertical Displacement",
        "Dyadic Interactions",
        "Detection Of Depression",
        "Utterances",
        "Duration Of Interaction",
        "Depression Group",
        "Rest Of The Features",
        "Understanding Of Depression",
        "Psychology",
        "Shapley Value"
    ]
}