{
    "Title": "Smart Wearable Wristband for Patients' Health Monitoring System through IoT",
    "Authors": [
        "Shannmukha Naga Raju Vonteddu",
        "PrasanthiKumari Nunna",
        "Shubhi Jain",
        "Samson Isaac. J",
        "Nitya S",
        "G. Diwakar"
    ],
    "Date": "2023-02-27",
    "Institution": [
        "Coimbatore",
        "Bangalore",
        "Jaipur",
        "Kakinada",
        "Dehradun",
        "Vaddeswaram"
    ],
    "City": [
        "Karnataka",
        "Rajasthan",
        "Tamil Nadu",
        "Uttarakhand",
        "Andhra Pradesh"
    ],
    "Country": [
        "India"
    ],
    "Keywords": [
        "Temperature",
        "Health Status",
        "Local Patients",
        "Parameters In Patients",
        "Continuous Glucose Monitoring",
        "Heart Rate Sensor",
        "Heart rate",
        "Blood Pressure",
        "Glucose Sensor",
        "Temperature Sensor",
        "GSM",
        "Cloud computing",
        "Internet Of Things",
        "Global Positioning System",
        "microcontroller",
        "Diastolic Blood Pressure",
        "Arduino IoT cloud",
        "Analogous Values",
        "Rate Of Patients",
        "Pulse Rate",
        "Systolic Blood Pressure",
        "Hardware Devices",
        "Lot Of Applications",
        "Oxygen Sensor",
        "BP sensor",
        "Health Monitoring System",
        "Normal Values",
        "Medical services",
        "Wearable System",
        "Levels In Patients",
        "Body Temperature",
        "Blood Glucose",
        "Temperature measurement",
        "Wearable Monitoring",
        "Personal Body",
        "Wearable Bracelet",
        "Biomedical monitoring",
        "Universal Serial Bus",
        "Temperature sensors",
        "Microcontrollers",
        "Oxygen Saturation",
        "Temperature Of Patients"
    ]
}