{
    "Title": "Health Monitoring and Diagnosis for Geo-Distributed Edge Ecosystem in Smart City",
    "Authors": [
        "Wu Wen",
        "Umit Demirbaga",
        "Amritpal Singh",
        "Anish Jindal",
        "Ranbir Singh Batth",
        "Peiying Zhang",
        "Gagangeet Singh Aujla"
    ],
    "Date": null,
    "Institution": [
        "Bartin University",
        "Guangzhou University",
        "University of Cambridge",
        "Melbourne",
        "Chitkara University",
        "China University of Petroleum (East China)",
        "Xidian University",
        "European Bioinformatics Institute",
        "Durham University"
    ],
    "City": [
        "Cambridge",
        "Bartin",
        "VIC",
        "Xi’an",
        "Guangzhou",
        "Rajpura",
        "Durham",
        "Qingdao"
    ],
    "Country": [
        "Australia",
        "U.K.",
        "Turkey",
        "India",
        "China"
    ],
    "Keywords": [
        "Increase In Workload",
        "Processing Delay",
        "Memory Usage",
        "Cluster Nodes",
        "Master Node",
        "edge computing",
        "Edge Clustering",
        "Hadoop Distributed File System",
        "Internet Of Things Devices",
        "Performance Metrics",
        "Edge computing",
        "Unhealthy",
        "Artificial Neural Network",
        "Task analysis",
        "Edge Nodes",
        "smart city",
        "distributed systems",
        "Edge Computing",
        "Smart cities",
        "Big Data",
        "Big Data Processing",
        "Round-trip Delay",
        "Resource management",
        "Worker Nodes",
        "Internet of Things",
        "Apache Spark",
        "self-organized maps (SOMs)",
        "Task Allocation",
        "Smart City",
        "Big data",
        "Computing Devices",
        "CPU Usage",
        "Scheduling Mechanism",
        "Edge Devices",
        "Monitoring",
        "Failure Detection",
        "Internet Of Things",
        "Self-organizing Map",
        "Node Failure",
        "Weight Matrix",
        "Node Status"
    ]
}