{
    "Title": "Using Principal Component Analysis to evaluate meteorological data of Panama Bay mangroves",
    "Authors": [
        "Nathalia Tejedor Flores",
        "Ruth González",
        "Mitzi Cubilla-Montilla"
    ],
    "Date": "2023-02-16",
    "Institution": [
        "Universidad de Panamá",
        "Sistema Nacional de Investigación",
        "Universidad Tecnólogica de Panamá Sistema Nacional de Investigación"
    ],
    "City": [
        "Panama"
    ],
    "Country": [
        "Panama"
    ],
    "Keywords": [
        "Multivariate Statistical Techniques",
        "Fitness Variables",
        "Tropical",
        "Meteorological Data",
        "Variance-covariance Matrix",
        "Bay Of Panama",
        "Principal Component Analysis Graph",
        "Soil Temperature",
        "Meteorological Variables",
        "Fourth Component",
        "Values In The Original Data",
        "Weather forecasting",
        "Total Forest Area",
        "Determination Of Values",
        "Water",
        "mangrove ecosystem",
        "Relative Humidity",
        "meteorological data",
        "Identity Matrix",
        "sustainability",
        "Ground Temperature",
        "Bartlett’s Test",
        "Correlation Matrix",
        "Principal Component Analysis",
        "Heat Flux",
        "Shortwave Radiation",
        "Component Scores",
        "Study Fit",
        "Mangrove Forests",
        "Poles and towers",
        "Sea measurements",
        "multivariate analysis",
        "Wind Direction",
        "Carbon dioxide",
        "Ecosystems",
        "Vegetation",
        "Off-diagonal"
    ]
}