{
    "Title": "Network-Assisted Full-Duplex Millimeter-Wave Cell-Free Massive MIMO with Localization-Aided Inter-User Channel Estimation",
    "Authors": [
        "Shuto Fukue",
        "Giuseppe Thadeu Freitas de Abreu",
        "Koji Ishibashi"
    ],
    "Date": "2023-02-22",
    "Institution": [
        "Chofu-shi",
        "Jacobs University Bremen"
    ],
    "City": [
        "Bremen",
        "Tokyo"
    ],
    "Country": [
        "Japan",
        "Germany"
    ],
    "Keywords": [
        "Small-scale Fading",
        "Optimization Problem",
        "Channel Estimation",
        "Channel Model",
        "Interference",
        "Multiple Access Points",
        "Top Of Page",
        "Cell-free massive MIMO",
        "Multiple Antennas",
        "Service Area",
        "Path Loss",
        "mmWave Channel",
        "Perfect Knowledge",
        "Convex Optimization",
        "Auxiliary Variables",
        "Channel Estimation Methods",
        "Full-duplex system",
        "Time Division Duplex",
        "Propagation losses",
        "Angle Of Departure",
        "User Equipment",
        "Access Points",
        "Interference Mitigation",
        "Angle Of Arrival",
        "Penalty Function",
        "Beamforming Design",
        "Millimeter wave technology",
        "mmWave",
        "Channel estimation",
        "Throughput",
        "Convex Optimization Problem",
        "Negative Entropy",
        "Iterative Algorithm",
        "Simulation",
        "Multiple-input Multiple-output",
        "Network-assisted full-duplex",
        "Uniform Linear Array",
        "Additive Noise"
    ]
}