{
    "Title": "A Grating Lobe Suppression Method Based on Convex Relaxation Iterative Optimization in Limited-Scanning Planar Array",
    "Authors": [
        "Feng Zhao",
        "Xiaoyi Pan",
        "Qianpeng Xie",
        "Xiaoming Meng",
        "Shunping Xiao"
    ],
    "Date": null,
    "Institution": [
        "National University of Defense Technology",
        "Nanjing Military Representative Office of the Ministry of Army Equipment"
    ],
    "City": [
        "Changsha",
        "Shanghai"
    ],
    "Country": [
        "China"
    ],
    "Keywords": [
        "grating lobe (GL) suppression",
        "Gratings",
        "Radiation Performance",
        "limited-scanning array",
        "Spaceborne radar",
        "Apertures",
        "Grating Lobes",
        "Grating Lobe Suppression",
        "Convex relaxation iterative optimization (CIO)",
        "Costs",
        "Half Wavelength",
        "Phased arrays",
        "Array Aperture",
        "Phased Array",
        "Octagonal",
        "Iterative methods",
        "Array Elements",
        "Radiation Pattern",
        "Objective Function",
        "Modulation Patterns",
        "Array Pattern",
        "Spaceborne Synthetic Aperture Radar",
        "Non-convex",
        "Position Modulation",
        "Element Spacing",
        "Scanning Angle",
        "Antenna radiation patterns"
    ]
}