{
    "Title": "Study on the Influence and Control Methods of Shield Tunneling through the Sensitive Buildings",
    "Authors": [
        "Yanwei Zang",
        "Changbao Liu",
        "Jiajia Yan",
        "Jianlin Yu",
        "Tianci Yu",
        "Huangding Zhu",
        "Pan Ding",
        "Jiancai Zhu",
        "Riqing Xu"
    ],
    "Date": "2023-02-17",
    "Institution": [
        "The Architectural Design & Research Institute of Zhejiang University Co. Ltd.",
        "Power China Huadong Engineering Corporation Limited",
        "Zhejiang University",
        "Engineering Research Center of Smart Rail Transportation"
    ],
    "City": [
        "Hangzhou"
    ],
    "Country": [
        "China"
    ],
    "Keywords": [
        "Tunneling",
        "Building Foundation",
        "Constitutive Model",
        "Shield Tunnel",
        "Tunnel Construction",
        "shield tunnel",
        "Sandy Silt",
        "Hydraulic systems",
        "FEM Model",
        "Analysis Steps",
        "Absolute Difference",
        "Software ABAQUS",
        "Influence Of Constructs",
        "Excavation Process",
        "Buildings",
        "numerical simulation",
        "settlement",
        "Roads",
        "Solid modeling",
        "North Side",
        "sensitive buildings",
        "Urban areas",
        "Soil Layer",
        "Stress Changes",
        "Finite Element",
        "Excavation Area",
        "Layout",
        "Southeast Corner",
        "Shortest Distance",
        "MJS pile"
    ]
}