{
    "Title": "Substrate-Integrated Dual-Band Leaky-Wave Antenna With Open Stopband Suppression",
    "Authors": [
        "Yunlong Lu",
        "Lintong Xu",
        "Yang You",
        "Jun Xu",
        "Jifu Huang"
    ],
    "Date": null,
    "Institution": [
        "Southeast University",
        "Ningbo"
    ],
    "City": [
        "Zhejiang",
        "Nanjing"
    ],
    "Country": [
        "China"
    ],
    "Keywords": [
        "Harmonic analysis",
        "Continuous Scanning",
        "Structural Transition",
        "Operating Frequency",
        "Coplanar Waveguide",
        "leaky-wave antenna (LWA)",
        "dual-band",
        "Leaky-wave Antenna",
        "Substrate Layer",
        "Beam Scanning",
        "Power transmission lines",
        "Large Loss",
        "High Frequency Band",
        "Open Stopband",
        "Open Stopband Suppression",
        "Feeding Network",
        "Generators",
        "Ultra wideband technology",
        "Microstrip",
        "Slot Length",
        "Part Of Radiation",
        "Dual band",
        "Assembly Errors",
        "Frequency Band",
        "Aperture Efficiency",
        "Substrates",
        "Low-frequency Band",
        "Transmission Line",
        "Power Coupling",
        "Backward-to-forward scanning",
        "Power Divider",
        "open stopband (OSB) suppression",
        "Cutoff frequency",
        "Peak Gain",
        "Antenna Efficiency",
        "Scan Range",
        "continuous transverse stub (CTS) array",
        "Frequency Range",
        "Field Distribution",
        "Reflection Coefficient"
    ]
}