{
    "Title": "TOF camera point cloud registration algorithm based on image fusion",
    "Authors": [
        "Fengyuan Shi",
        "Di Pan",
        "Lihui Jiang",
        "Xuan Liu",
        "Zhaolun Wen"
    ],
    "Date": "2023-02-22",
    "Institution": [
        "Shanghai Aerospace Control Technology Institute"
    ],
    "City": [
        "Shanghai"
    ],
    "Country": [
        "China"
    ],
    "Keywords": [
        "Query Point",
        "Camera Coordinate System",
        "Nearest Neighbor Search",
        "Iterative Process",
        "Iterative closest point algorithm",
        "Local Minima",
        "Fitting",
        "Influence Of Noise",
        "Edge Detection",
        "Point Cloud Registration",
        "point cloud registration",
        "TOF camera",
        "Image edge detection",
        "Transformation Matrix",
        "Point cloud compression",
        "Coordinates Of Points",
        "component",
        "Gray-scale",
        "Advantage Of The Ability",
        "Computation Time",
        "Nodes In Space",
        "Cameras",
        "spatial non-cooperative target",
        "Registration Problem",
        "Edge Points",
        "Point Cloud Model",
        "Point Cloud",
        "Target Space",
        "Ellipse Fitting",
        "Registration Error",
        "Depth Images",
        "Time-of-flight Sensors",
        "Heuristic algorithms",
        "Iterative Closest Point Algorithm",
        "CCD Camera",
        "Iterative Closest Point",
        "Grayscale Images",
        "Registration Process"
    ]
}