{
    "Title": "Edge-Assisted Multi-User 360-Degree Video Delivery",
    "Authors": [
        "Tsubasa Okamoto",
        "Takumasa Ishioka",
        "Ryota Shiina",
        "Tatsuya Fukui",
        "Hiroya Ono",
        "Toshihito Fujiwara",
        "Takuya Fujihashi",
        "Shunsuke Saruwatari",
        "Takashi Watanabe"
    ],
    "Date": "2023-03-17",
    "Institution": [
        "Access Network Service Systems Laboratories",
        "Osaka University"
    ],
    "City": [
        "Osaka",
        "Nippon Telegraph"
    ],
    "Country": [
        "Japan",
        "and Telephone Corporation"
    ],
    "Keywords": [
        "Base Layer",
        "Uniform Strategy",
        "User Movement",
        "Entire Video",
        "Video Resolution",
        "User Perspective",
        "Degradation",
        "Quality Degradation",
        "Headphones",
        "Part Of The Video",
        "Macro Base Station",
        "Hybrid multicast and unicast",
        "Multicast",
        "Unicast",
        "JPEG-XS",
        "Remote Server",
        "Quality assessment",
        "VR",
        "Quality Of Experience",
        "Servers",
        "Virtual reality",
        "Single Frame",
        "Video recording",
        "Video Coding",
        "Multiple Users",
        "Network Delay",
        "Fixed Point",
        "Video Delivery",
        "Base Station",
        "Video Quality",
        "Edge Server",
        "Video Content",
        "360-degree Video",
        "Hyperbaric Oxygen",
        "Small Base Stations"
    ]
}