{
    "Title": "Applying Neural Imaging and ML to OCD Severity Prediction",
    "Authors": [
        "Masumi Sachdeva",
        "Harsh Kumar Sharma",
        "Ashwin Kumar",
        "Ankit Bansal",
        "Kamal Saluja",
        "Shikha"
    ],
    "Date": "2023-03-01",
    "Institution": [
        "Chitkara University"
    ],
    "City": [
        "Punjab"
    ],
    "Country": [
        "India"
    ],
    "Keywords": [
        "Anterior Cingulate Cortex",
        "Yale-Brown Obsessive-Compulsive Scale",
        "Medial Orbitofrontal Cortex",
        "Neuroimaging",
        "Dimension Scores",
        "Typical Machine Learning",
        "Obsessive Compulsive",
        "Magnetic Resonance Imaging Datasets",
        "Bipolar Disorder",
        "Cognitive Behavioral Therapy",
        "DY-BOCS",
        "Behavioral Therapy",
        "Support vector machines",
        "Y-BOCS",
        "Orbitofrontal Cortex",
        "SVR",
        "Obsessive-compulsive Symptoms",
        "OCD",
        "Magnetic resonance imaging",
        "Training",
        "Left Putamen",
        "Medical treatment",
        "Obsessive-compulsive Disorder Patients",
        "Obsessive-compulsive Disorder",
        "Symptom Severity",
        "Support Vector Regression",
        "Gray Matter",
        "Compulsive Disorder",
        "Obsessive-compulsive Disorder Symptoms",
        "Knowledge based systems",
        "Neurobiological Markers",
        "Healthy Controls",
        "Machine Learning",
        "Grey matter",
        "Magnetic Resonance Imaging"
    ]
}