{
    "Title": "A Semantic Interpretation Method for Deep Neural Networks Based on Knowledge Graphs",
    "Authors": [
        "Liu Jingjing",
        "Xu Song",
        "Wang Lina"
    ],
    "Date": "2023-03-13",
    "Institution": [
        "Beijing Aerospace Control Institute"
    ],
    "City": [
        "Beijing"
    ],
    "Country": [
        "China"
    ],
    "Keywords": [
        "Convolutional Layers",
        "neurons",
        "Visualization",
        "Decision Outcomes",
        "Model Interpretation",
        "Information Extraction",
        "interpretability",
        "Neurons",
        "Backpropagation",
        "Semantic Interpretation",
        "Neuronal Information",
        "Objective Information",
        "Lack Of Interpretability",
        "Deep Neural Network Model",
        "Original Graph",
        "deep neural networks",
        "comprehensibility",
        "Knowledge Map",
        "Knowledge engineering",
        "Global Interpretation",
        "Local Method",
        "Human Thinking",
        "Explanatory Statement",
        "Deep Neural Network",
        "Class Activation Maps",
        "Local Translation",
        "Classification Results",
        "Semantic Information",
        "VGG-16 Network",
        "Deep learning",
        "Semantics",
        "Deep Network",
        "Automatic Generation",
        "Neural Network",
        "Knowledge graphs",
        "Sensitivity analysis"
    ]
}