{
    "Title": "Kernel Adaptive Dynamic Filtering for Hypersonic Maneuvering Target Tracking",
    "Authors": [
        "Yuankai Li",
        "Lu Li",
        "Xiaosu Tan",
        "Jiaxin Lou"
    ],
    "Date": "2023-03-13",
    "Institution": [
        "University of Electronic Science and Technology of China"
    ],
    "City": [
        "Chengdu"
    ],
    "Country": [
        "China"
    ],
    "Keywords": [
        "Transfer functions",
        "Maneuvering Target",
        "Noncooperative maneuver",
        "Target Tracking",
        "Target Trajectory",
        "Dynamic Filter",
        "Filter Structure",
        "Maneuvering Target Tracking",
        "target tracking",
        "Target tracking",
        "Kernel Parameters",
        "Kernel method",
        "Windows",
        "Kalman Filter",
        "Kernel Function",
        "non-Gaussian Models",
        "One-step Prediction",
        "Dynamical",
        "Pattern Recognition",
        "Model System",
        "Systematic Uncertainties",
        "Nonlinear Motion",
        "MCC",
        "Gaussian Kernel",
        "Adaptive systems",
        "System state estimation",
        "Heavy-tailed",
        "non-Gaussian Noise",
        "Uncertainty",
        "Dynamic Window",
        "Kernel Methods",
        "Dynamic Pressure",
        "Sliding window",
        "Predictive Covariates",
        "State Space",
        "Input Space",
        "CEO",
        "Reproducing Kernel Hilbert Space",
        "Kalman filter",
        "Adaptation models",
        "Filtering",
        "System Dynamics",
        "System State",
        "Covariance Estimation"
    ]
}