{
    "Title": "Power Electronic Converters for Wind Power Generation",
    "Authors": [
        "S M Sajjad Hossain Rafin",
        "Rejaul Islam",
        "Osama A. Mohammed"
    ],
    "Date": "2023-02-28",
    "Institution": [
        "Bangladesh University of Engineering and Technology",
        "Miami"
    ],
    "City": [
        "Florida",
        "Dhaka"
    ],
    "Country": [
        "Bangladesh",
        "USA"
    ],
    "Keywords": [
        "Wind power generation",
        "DC-DC power converters",
        "Wind energy",
        "Rated Voltage",
        "Wind Power Generation",
        "Voltage Levels",
        "High Voltage",
        "Harmonic Distortion",
        "Multilevel Converter",
        "Dc Bus Voltage",
        "Power Conditions",
        "Voltage Source Inverter",
        "Power Generation",
        "Voltage Amplitude",
        "Wind turbines",
        "Converter Topology",
        "Power Electronics Applications",
        "Power Conversion",
        "Converter Module",
        "Matrix Converter",
        "Wind Power",
        "Output Voltage Levels",
        "LCL Filter",
        "Three-dimensional displays",
        "Multilevel converters",
        "Power electronics",
        "Dc-link Capacitor",
        "Grid Side",
        "Unit Price",
        "Step-up Transformer",
        "General System",
        "Wind Turbine",
        "Power Electronics",
        "DC-DC Converter",
        "Capacity In China",
        "Grid Code",
        "Microgrid",
        "Renewable Energy Sources",
        "DC Link"
    ]
}