{
    "Title": "Optimizing Defect Removal Efficiency by Defect Prediction using Machine Learning",
    "Authors": [
        "Krishna Chakravarty",
        "Jagannath Singh"
    ],
    "Date": "2023-03-07",
    "Institution": [
        "KIIT Deemed to be University"
    ],
    "City": [
        "Bhubaneswar"
    ],
    "Country": [
        "India"
    ],
    "Keywords": [
        "classification techniques",
        "Clean Data",
        "machine learning",
        "Software algorithms",
        "Receiver Operating Characteristic Curve",
        "Multilayer Perceptron(MLP)",
        "Machine Learning Models",
        "Decision Tree",
        "defect prevention",
        "Prevention Of Defects",
        "Codes",
        "Gradient Boosting Decision Tree",
        "Quality Assurance",
        "Software design",
        "Best Fit",
        "Support Vector Machine",
        "Artificial Neural Network",
        "Classification Techniques",
        "defect prediction",
        "Software Quality",
        "Detection Techniques",
        "Machine Learning",
        "Solid modeling",
        "Machine Learning Classifiers",
        "Predictive models",
        "Prediction Model",
        "Software Development",
        "Performance Of Algorithm",
        "Confusion Matrix",
        "Support vector machines",
        "Machine learning algorithms",
        "Software Defect",
        "High-level Design",
        "Software Applications",
        "Training Dataset",
        "Multilayer Perceptron",
        "Gradient Boosting",
        "Number Of Trees",
        "False Positive Rate",
        "Random Forest",
        "Defect Prediction",
        "Learning Algorithms"
    ]
}