{
    "Title": "Air-Writing Recognition System",
    "Authors": [
        "S.Thanga Ramya",
        "R Sakthi",
        "B Rohitha",
        "D. Praveena"
    ],
    "Date": "2023-03-17",
    "Institution": [
        "R.M.D Engineering College",
        "R.M.K Engineering College"
    ],
    "City": [
        "Chennai"
    ],
    "Country": [
        "India"
    ],
    "Keywords": [
        "OpenCV",
        "Backward Algorithm",
        "Recognition System",
        "Handwriting Recognition",
        "Key Generation",
        "Linguistics",
        "Image processing",
        "Digital Images",
        "Binary Image",
        "Free Space",
        "Forward Algorithm",
        "Language Recognition",
        "Tracking",
        "Leap Motion",
        "Machine Learning",
        "Writing",
        "Hidden State",
        "OpenCV Library",
        "Webcams",
        "Color Images",
        "Hidden Markov models",
        "Air-Writing",
        "Gesture Recognition",
        "System Architecture",
        "Web Camera",
        "Hidden Markov Model",
        "Hand Tracking",
        "Libraries",
        "Grayscale Images",
        "Probability Density Function"
    ]
}