{
    "Title": "A Novel Soft Actuator: MISA and Its Application on the Biomimetic Robotic Arm",
    "Authors": [
        "Haosen Yang",
        "Guowu Wei",
        "Lei Ren"
    ],
    "Date": null,
    "Institution": [
        "The University of Manchester",
        "University of Salford"
    ],
    "City": [
        "Manchester",
        "Salford"
    ],
    "Country": [
        "U.K."
    ],
    "Keywords": [
        "Elastic Force",
        "Soft Actuators",
        "Robotic Arm",
        "variable joint stiffness",
        "Artificial Muscles",
        "Output Torque",
        "Magnetoelasticity",
        "Torque",
        "Elastic Elements",
        "Biomimetics",
        "Elbow Joint",
        "compact soft actuator",
        "Robots",
        "Elasticity Coefficient",
        "MISA",
        "Muscles",
        "External Force",
        "Biomimetic Robots",
        "Humanoid Robot",
        "Gyroscope",
        "Electrical Engineering",
        "Joint State",
        "Linear Stiffness",
        "artificial muscle",
        "Relative Permeability",
        "Joints",
        "Joint Stiffness",
        "Linear Actuator",
        "Torque Control",
        "Joint Stability",
        "Range Of Stiffness",
        "Human Arm",
        "End-effector",
        "Tendons",
        "Moment Arm",
        "Human-robot Interaction",
        "Joint Torque",
        "Line In Fig",
        "Repulsive Forces",
        "Variable Stiffness",
        "Soft Robots"
    ]
}