{
    "Title": "Cooperative Scheduling for Multi-Microgrids Considering Energy-Carbon Transaction",
    "Authors": [
        "Xiaole Huang",
        "Yichen Liu",
        "Bole Ma",
        "Mengge Zhu",
        "Heran Yang",
        "Yimeng Guo"
    ],
    "Date": "2023-02-28",
    "Institution": [
        "State Grid Jibei Electric Power Company Limited",
        "State Grid Jibei Langfang Electric Power Company Limited",
        "China Huadian United (Beijing) Power Engineering Company Limited"
    ],
    "City": [
        "Langfang",
        "Beijing"
    ],
    "Country": [
        "China"
    ],
    "Keywords": [
        "Distribution Network",
        "cooperative game",
        "Privacy",
        "Cooperative Game",
        "Power System",
        "Renewable Energy Resources",
        "Operational Costs",
        "Games",
        "Renewable Energy",
        "Microgrids",
        "alternating direction method of multipliers",
        "Emissions Trading",
        "Renewable Generation",
        "multi-microgrids scheduling",
        "Photovoltaic",
        "Renewable energy sources",
        "Scheduling Model",
        "Costs",
        "Power smoothing",
        "Game Theory",
        "Coalition Formation",
        "Greenhouse Gas",
        "Scheduling Method",
        "Upstream Network",
        "Fluctuations",
        "Market Power",
        "Sharpley Value",
        "Lagrange Multiplier",
        "Cooperative Scheduling"
    ]
}