{
    "Title": "Observer-based Composite Super-Twisting Sliding Mode Control for High-Precision Positioning Servo System",
    "Authors": [
        "Xiaoming Wang",
        "Jianliang Mao",
        "Xin Dong",
        "Chuanlin Zhang"
    ],
    "Date": "2023-03-13",
    "Institution": [
        "Shanghai University of Electric Power"
    ],
    "City": [
        "Shanghai"
    ],
    "Country": [
        "China"
    ],
    "Keywords": [
        "PI Controller",
        "Robustness",
        "Constant T",
        "Position Tracking",
        "Gain Control",
        "Axis Current",
        "Permanent magnet motors",
        "External Torque",
        "Active Disturbance Rejection Control",
        "Control Method",
        "Disturbance Rejection",
        "Stability Analysis",
        "Simulation",
        "Stability analysis",
        "Optimal Control",
        "High-precision Positioning",
        "Finite Time",
        "Model Predictive Control",
        "position control",
        "Position Tracking Error",
        "Observers",
        "High-precision Tracking",
        "Synchronous motors",
        "Tracking Error",
        "Heuristic algorithms",
        "Extended State Observer",
        "integral-based terminal sliding mode (ITSM)",
        "permanent magnet synchronous motor (PMSM)",
        "Sliding Mode Control",
        "Dynamic Response",
        "Sliding Mode",
        "Dynamic Performance",
        "Permanent Magnet Synchronous Motor",
        "Super-twisting Sliding Mode",
        "higher-order sliding mode observer (HOSMO)",
        "Finite-time Convergence",
        "Load Disturbance",
        "State Variables",
        "Super-twisting Sliding Mode Control",
        "super-twisting sliding mode (STSM)"
    ]
}