{
    "Title": "Balance Control for a Class of Underactuated Systems via Compensation Signals",
    "Authors": [
        "Yue Li",
        "Xin Xin",
        "Yuhang Yan"
    ],
    "Date": "2023-03-13",
    "Institution": [
        "Okayama Prefectural University",
        "Southeast University"
    ],
    "City": [
        "Nanjing",
        "Okayama"
    ],
    "Country": [
        "Japan",
        "China"
    ],
    "Keywords": [
        "Automation",
        "Robots",
        "underactuated system",
        "Compensation Signal",
        "Optimal Control",
        "Control theory",
        "State-space methods",
        "Control systems",
        "Systematic Uncertainties",
        "system identification",
        "Key Performance Indicators",
        "Underactuated Systems",
        "Uncertainty",
        "balance control",
        "Balance Control",
        "Friction Model",
        "Inverted Pendulum",
        "Data-driven compensation signal",
        "Simulation",
        "Control Objective",
        "Pendulum System"
    ]
}