{
    "Title": "Non-Intrusive Load Monitoring Method for Multi-Energy Coupling Appliances Considering Spatio-Temporal Coupling",
    "Authors": [
        "Hang Liu",
        "Chunyang Liu",
        "Haoran Zhao",
        "Hang Tian",
        "Junwei Liu",
        "Lijun Tian"
    ],
    "Date": null,
    "Institution": [
        "Shandong University"
    ],
    "City": [
        "Jinan"
    ],
    "Country": [
        "China"
    ],
    "Keywords": [
        "Spatiotemporal Coupling",
        "Spatiotemporal Characteristics",
        "Electrical Load",
        "Deep Learning",
        "graph-based semi-supervised learning",
        "deep learning",
        "Reliability In Sample",
        "Electrical Appliances",
        "Identification Performance",
        "Non-intrusive load monitoring",
        "Accurate Identification",
        "Transient analysis",
        "Load Monitoring Methods",
        "Switches",
        "Labeled Samples",
        "Mutual Learning",
        "Spatiotemporal phenomena",
        "Boilers",
        "Multi-energy Coupling",
        "Positive Bias",
        "Support Vector Machine",
        "Convolutional Neural Network",
        "Thermal Stress",
        "Computation Time",
        "Event Detection",
        "Non-intrusive Load Monitoring",
        "Switching Events",
        "Semi-supervised Learning",
        "Deep Neural Network",
        "Deep Network",
        "Feature extraction",
        "Couplings",
        "Long Short-term Memory",
        "Deep learning",
        "Neural Network",
        "Load Fluctuations",
        "spatio-temporal coupling",
        "Load monitoring",
        "Labeling",
        "Semisupervised learning",
        "Pairs Of Events",
        "Noise Samples",
        "teaching and mutual learning",
        "Resistance heating",
        "Non-intrusive Load Monitoring Method",
        "Transient State"
    ]
}