{
    "Title": "Self-Generation of Two-Frequency Compound States",
    "Authors": [
        "S. Willms",
        "S. Bose",
        "O. Melchert",
        "U. Morgner",
        "I. Babushkin",
        "A. Demircan"
    ],
    "Date": null,
    "Institution": [
        "Leibniz University Hannover"
    ],
    "City": [
        "Hannover"
    ],
    "Country": [
        "Germany"
    ],
    "Keywords": [
        "Tunneling",
        "Input Pulse",
        "Propagation constant",
        "Choice Of Initial Conditions",
        "Energy Transfer",
        "Time-domain analysis",
        "Propagation Constant",
        "Spectral Separation",
        "Tunneling Process",
        "Nonlinear optics",
        "Optical frequency conversion",
        "Spectral Domain",
        "Dispersion Region",
        "Raman Scattering",
        "Time Domain",
        "Compounds",
        "photonics",
        "soliton molecules",
        "Target Region",
        "Energy Absorption",
        "Phase Matching",
        "Pulse Duration",
        "Local State",
        "Solitons",
        "Raman scattering",
        "optical fibers",
        "Generation Process"
    ]
}