{
    "Title": "Theoretical Calculation and Finite Element Simulation of Third Order Vibration Modes of Transmission Line and Tower System",
    "Authors": [
        "Lei Wang",
        "Ning Dang",
        "Jie Bai",
        "Yilin Wang",
        "Siqi Zheng",
        "Shun Zhao",
        "Haonan Guo",
        "Jianli Zhao"
    ],
    "Date": "2023-03-01",
    "Institution": [
        "Inner Mongolia Power Research Institute Branch",
        "Huazhong University of Science and Technology"
    ],
    "City": [
        "Wuhan",
        "Hohhot"
    ],
    "Country": [
        "China"
    ],
    "Keywords": [
        "Power transmission lines",
        "Finite Element Method",
        "Analysis Of Lines",
        "Line Frequency",
        "Shear Force",
        "natural frequency",
        "Frequency Values",
        "Rational Model",
        "Poles and towers",
        "System In Mode",
        "elastic boundary",
        "Analytical models",
        "Line Equation",
        "Tower System",
        "End Of Line",
        "Finite Element Analysis",
        "Differential Equations",
        "Vibrations",
        "transmission line",
        "vibration",
        "Finite Element Model",
        "Mode Analysis",
        "Equivalent Method",
        "Finite Element",
        "modal analysis",
        "Natural Vibration",
        "Vibrational Modes",
        "Increase In Order",
        "Differential equations",
        "Transmission Line",
        "Fundamental Frequency",
        "Finite Element Method Simulations",
        "Bending Moment",
        "Vibrational Frequencies",
        "Geometric modeling",
        "Simulation",
        "Vibration Analysis",
        "Newton’s Second Law"
    ]
}