{
    "Title": "Smart Integrated Patient Monitoring System Based Internet of Things",
    "Authors": [
        "Lilik Anifah",
        "Haryanto"
    ],
    "Date": "2023-03-10",
    "Institution": [
        "Universitas Negeri Surabaya",
        "Universitas Trunojoyo Madura"
    ],
    "City": [
        "Surabaya",
        "Bangkalan"
    ],
    "Country": [
        "Indonesia"
    ],
    "Keywords": [
        "Temperature sensors",
        "Design Software",
        "Heart Rate Sensor",
        "Telemedicine",
        "Absolute Difference",
        "Need For Systems",
        "Patient Monitoring System",
        "Patient",
        "Body Temperature",
        "Heart Rate Data",
        "Area Under Curve",
        "Patient monitoring",
        "Integrated",
        "Hardware System",
        "Hardware",
        "Respective Roles",
        "Internet of Things",
        "Software",
        "Smart",
        "Web-based User",
        "Comparison Of Differences",
        "Temperature measurement",
        "Heart rate",
        "Minimal Differences",
        "Internet Of Things",
        "Medical Personnel",
        "Monitoring System",
        "Monitoring Of Patients",
        "Temperature Measurements",
        "Fluid Infusion",
        "Personnel"
    ]
}