{
    "Title": "Decoupled Knowledge Propagation Network and Sampling Strategies for Recommendation System",
    "Authors": [
        "Zhen-Yuan Kuo",
        "Bor-Shen Lin"
    ],
    "Date": "2023-03-08",
    "Institution": [
        "National Taiwan University of Science and Technology"
    ],
    "City": [
        "Taipei"
    ],
    "Country": [
        "Taiwan"
    ],
    "Keywords": [
        "Basic Module",
        "Random Sampling",
        "RippleNet",
        "Embedding Dimension",
        "Decoupled Network",
        "Knowledge engineering",
        "Knowledge Graph Embedding",
        "Recommendation System",
        "Predictive Performance",
        "Preferred Items",
        "Amount Of Parameters",
        "Representation Of Orientation",
        "Knowledge graphs",
        "Recommender systems",
        "Predictive models",
        "Candidate Items",
        "Recommender Systems",
        "User Characteristics",
        "Balanced Sample",
        "Correlation",
        "User Preferences",
        "Sampling Strategy"
    ]
}