{
    "Title": "Intelligent Compound Selection of Anti-cancer Drugs Based on Multi-Objective Optimization",
    "Authors": [
        "Xiaoyan Liu",
        "Zhiwei Xu",
        "Guangwen Liu",
        "Limin Liu"
    ],
    "Date": "2023-03-13",
    "Institution": [
        "Inner Mongolia University of Technology",
        "Chinese Academy of Sciences"
    ],
    "City": [
        "Beijing",
        "Hohhot"
    ],
    "Country": [
        "China"
    ],
    "Keywords": [
        "Genetics",
        "Multi-objective Model",
        "Multi-objective Genetic Algorithm",
        "Biological system modeling",
        "Decision Tree",
        "Cancer drugs",
        "Anticancer Drugs",
        "Active Ingredients",
        "K-nearest Neighbor",
        "Safety Properties",
        "Support Vector Machine",
        "biological activity",
        "XGBoost",
        "Selective Compounds",
        "Drug Screening",
        "Method For Drugs",
        "Machine Learning",
        "Active Drug",
        "Monte Carlo methods",
        "Multi-objective Optimization",
        "Objective Function",
        "Properties Of Compounds",
        "pharmacokinetics and safety properties (ADMET)",
        "Multi-objective Optimization Model",
        "Particle Swarm Optimization",
        "Pareto optimization",
        "Neural Network",
        "Drug Development",
        "Genetic Optimization",
        "Pareto Optimal",
        "Screening Of Components",
        "Screening Mechanism",
        "hybrid multi-objective optimization",
        "Intelligent compound selection of anti-cancer drugs",
        "Biological Activity",
        "Random Forest",
        "Drugs",
        "Toxicology",
        "Leaf Node",
        "Range Of Components",
        "Learning Algorithms"
    ]
}