{
    "Title": "Orbital Angular Momentum Waves Generation using Circular Array Antenna",
    "Authors": [
        "M. N. M. Yasin",
        "Nurhayati Nurhayati"
    ],
    "Date": "2023-03-20",
    "Institution": [
        "Universitas Negeri Surabaya",
        "Kangar"
    ],
    "City": [
        "Surabaya",
        "Perlis"
    ],
    "Country": [
        "Malaysia",
        "Indonesia"
    ],
    "Keywords": [
        "Global Positioning System",
        "Spirals",
        "5G Technology",
        "Wireless communication",
        "Patch antenna",
        "Orbital Angular Momentum",
        "5G mobile communication",
        "Wireless",
        "Orbital calculations",
        "Future wireless communication",
        "Phase Distribution",
        "Circular Array Antenna",
        "Array antenna",
        "Reflection Coefficient",
        "Circular Antenna",
        "Phase Difference",
        "Microwave antennas",
        "Radiation Pattern",
        "Vortex waves",
        "Feeding Network",
        "Shape",
        "Radio frequency",
        "OAM waves",
        "Adjacent Elements",
        "Orbital Angular Momentum Modes",
        "Ground Plane",
        "Fifth generation",
        "Antenna Array"
    ]
}