{
    "Title": "Dynamics of Free Carrier Absorption and Refractive Index Dispersion in Si and Si/PolySi Microrings",
    "Authors": [
        "Marco Novarese",
        "Sebastian Romero-Garcia",
        "Jock Bovington",
        "Mariangela Gioannini"
    ],
    "Date": null,
    "Institution": [
        "Cisco Optical GmbH",
        "Politecnico di Torino"
    ],
    "City": [
        "Turin",
        "Nuremberg"
    ],
    "Country": [
        "Germany",
        "Italy"
    ],
    "Keywords": [
        "Free Charge Carriers",
        "Hole Density",
        "Black Solid Line",
        "polysilicon waveguide",
        "Bending Loss",
        "Pump Pulse",
        "carrier lifetimes",
        "Absorption",
        "Free Holes",
        "Resonance Wavelength Shift",
        "two-photon absorption",
        "Continuous Wave",
        "Refractive Index Dispersion",
        "Two-photon Absorption",
        "Carrier Lifetime",
        "Probes",
        "Optical pulses",
        "Trap-assisted Recombination",
        "Pump Wavelength",
        "Time Instants",
        "Silicon microrings",
        "Free Carrier Density",
        "free carriers",
        "Avalanche Photodiode",
        "Resonance Wavelength",
        "Carrier Density",
        "Microring Resonators",
        "Ring Radius",
        "Free Carriers",
        "Loss measurement",
        "Carrier Mobility",
        "Pump-probe Experiments",
        "Refractive Index",
        "Pump-probe Measurements",
        "Trap Density",
        "Transmission Spectra",
        "Silicon Waveguide",
        "Measured Spectra",
        "Silicon",
        "Wavelength measurement",
        "Transmission Coefficient",
        "Optical pumping"
    ]
}