{
    "Title": "Bicycle-based collision prevention system using pedestrian trajectory prediction",
    "Authors": [
        "Nobuhiko Yamaguchi",
        "Hiroki Tokumaru",
        "Osamu Fukuda",
        "Hiroshi Okumura",
        "Wen Liang Yeoh"
    ],
    "Date": "2023-03-17",
    "Institution": [
        "Saga University"
    ],
    "City": [
        "Saga"
    ],
    "Country": [
        "Japan"
    ],
    "Keywords": [
        "Cameras",
        "Pedestrian Trajectory",
        "Depth Values",
        "object detection",
        "Pedestrian Trajectory Prediction",
        "bicycle-based collision prevention system",
        "Current Position",
        "RGB Images",
        "Collision Prevention System",
        "Depth Camera",
        "Coordinate System",
        "Laptop Computer",
        "object tracking",
        "pedes-trian trajectory prediction",
        "Bounding Box",
        "Injuries",
        "Conferences",
        "Timing",
        "Collision Prevention",
        "3D Coordinates",
        "Trajectory",
        "Accidents",
        "Bicycles",
        "Danger Zone",
        "Object Detection",
        "Intel RealSense",
        "Pedestrian Walking",
        "Positive Axis",
        "Video Sequences"
    ]
}