{
    "Title": "The Impact of Fog computing in the IoT World",
    "Authors": [
        "Fizzah Sohail",
        "Hira Haider",
        "Najma Ismat"
    ],
    "Date": "2023-03-20",
    "Institution": [
        "Sir Syed University of Engineering & Technology"
    ],
    "City": [
        "Karachi"
    ],
    "Country": [
        "Pakistan"
    ],
    "Keywords": [
        "Data Security",
        "Internet Data",
        "Privacy",
        "Fog computing",
        "Traffic Light",
        "Wireless sensor networks",
        "Latency Reduction",
        "Low Latency",
        "Smart Grid",
        "IoT Applications",
        "Computing Paradigm",
        "Edge Computing",
        "Smart City",
        "Wireless communication",
        "Internet Of Things Applications",
        "Cloud computing",
        "Internet Of Things",
        "Fog Nodes",
        "Mobile Edge Computing",
        "Closed-loop System",
        "Computational modeling",
        "Wireless Sensor Networks",
        "Market research",
        "Wireless Sensor Nodes",
        "Location-aware",
        "Internet of Things",
        "Data Center",
        "Aspects Of Resources",
        "IoT and Fog framework",
        "IoT services",
        "Cloud Computing",
        "Fog Computing",
        "Actuator",
        "Ad Hoc Networks",
        "Sensor Networks",
        "Smart City Development",
        "Wireless Sensor",
        "Big Data",
        "Physical World",
        "Internet Of Things World",
        "Privacy Protection"
    ]
}