{
    "Title": "A Study on Weather based Crop Prediction System using Big Data Analytics and Machine Learning",
    "Authors": [
        "Santhoshini Sahu",
        "T. Daniya",
        "R. Cristin"
    ],
    "Date": "2023-03-14",
    "Institution": [
        "Rajam"
    ],
    "City": [
        "Andhra Pradesh"
    ],
    "Country": [
        "India"
    ],
    "Keywords": [
        "Oil Palm",
        "Deep Learning",
        "Production",
        "MapReduce",
        "Three-dimensional displays",
        "Soil Erosion",
        "Soil",
        "Temperature distribution",
        "Crop Characteristics",
        "Agriculture",
        "Biodiversity Loss",
        "Crucial Component",
        "and Map Reduce",
        "Sum Of Squares",
        "Wind speed",
        "Agricultural Sector",
        "Learning Algorithms",
        "Crops",
        "Internet Of Things",
        "Wide Area Network",
        "Big Data Analysis",
        "Precision Agriculture",
        "K-Means Clustering",
        "Key-value Pairs",
        "Geographic Information System",
        "Big Data Analytics",
        "Weather",
        "K-means",
        "Supply Chain",
        "Decision Support System",
        "Plant Disease",
        "Cloud Computing",
        "Climatic Conditions",
        "Machine Learning",
        "Big Data",
        "Crop Management",
        "Crop Yield",
        "Rainfall",
        "Crop Production",
        "Within-cluster Sum Of Squares",
        "Visual Representation"
    ]
}