{
    "Title": "Research on 5G Network Capacity and Expansion",
    "Authors": [
        "Xiaomeng Zhu",
        "Yi Li",
        "Yuting Zheng",
        "Rui Xia",
        "Lexi Xu",
        "Bei Li",
        "Zixiang Di",
        "Lu Zhi",
        "Xinzhou Cheng"
    ],
    "Date": "2023-03-20",
    "Institution": [
        "Research Institute"
    ],
    "City": [
        "Beijing"
    ],
    "Country": [
        "China"
    ],
    "Keywords": [
        "Perceived Usefulness",
        "Duty Cycle",
        "Network Capacity",
        "Fitting",
        "Capacity Expansion",
        "Occupancy Rate",
        "5G mobile communication",
        "Cell Layer",
        "Capacity Development",
        "Network Throughput",
        "High Duty Cycle",
        "Rate Of Channel",
        "Single User",
        "Fitting Analysis",
        "Solids",
        "Low Duty Cycle",
        "Video Services",
        "Usage Rate",
        "5G",
        "Solid modeling",
        "Market research",
        "Average Connectivity",
        "Base Station",
        "5G Networks",
        "Video Quality",
        "Low Cycle",
        "Typical Threshold",
        "Control Channel",
        "Threshold Channel",
        "User Experience",
        "User experience",
        "User Perception",
        "Network Expansion",
        "Privacy",
        "Air Interface"
    ]
}