{
    "Title": "Heart Disease Prediction Using Hybrid Machine Learning Model Based on Decision Tree and Neural Network",
    "Authors": [
        "Mostafa Bakhshi",
        "Seyedeh Leili Mirtaheri",
        "Sergio Greco"
    ],
    "Date": "2023-03-21",
    "Institution": [
        "and Systems - DIMES",
        "Kharazmi University"
    ],
    "City": [
        "University of Calabria",
        "Tehran"
    ],
    "Country": [
        "Iran",
        "Italy"
    ],
    "Keywords": [
        "Information Gain",
        "Classification Algorithms",
        "Training Data",
        "heart disease diagnosis",
        "Null value",
        "Hybrid Model",
        "Backpropagation Method",
        "Null Value",
        "Effects Of Characteristics",
        "Predictive models",
        "Correlation coefficient",
        "Backpropagation",
        "Root Node",
        "Prediction algorithms",
        "Cardiovascular Disease",
        "Heart Disease Prediction",
        "Bayesian Model",
        "Forecast Accuracy",
        "Diagnosis Model",
        "Decision Tree Algorithm",
        "Neural networks",
        "Cluster Sampling",
        "Network Propagation",
        "classification",
        "basic component analysis",
        "Instructive Example",
        "Diagnosis Of Heart Disease",
        "Data Mining",
        "pearson correlation coefficient",
        "Data Pre-processing",
        "Coordinate Axis",
        "Tremendous Amount Of Data",
        "Basic Algorithm",
        "Clustering algorithms",
        "K-means Algorithm",
        "Target Features",
        "Remaining Data Sets",
        "feature selection",
        "Correlation Coefficient",
        "Decision Tree",
        "Neural Network",
        "Heart"
    ]
}