{
    "Title": "Animation Video Production System Based on Three Dimensional Vision Sensor Network",
    "Authors": [
        "Yongchun Liu"
    ],
    "Date": "2023-03-17",
    "Institution": [
        "Fuyang Normal University"
    ],
    "City": [
        "Fuyang"
    ],
    "Country": [
        "China"
    ],
    "Keywords": [
        "Model Evaluation",
        "Production Systems",
        "Visual Comfort",
        "3D Vision",
        "Parallax",
        "Stereo Image Pairs",
        "Tracking Data",
        "Visual Design",
        "Development Of Technology",
        "Virtual Characters",
        "3D Design",
        "Human Characteristics",
        "3D Animation",
        "Target Object",
        "System In This Paper",
        "Stereo image processing",
        "Solid modeling",
        "Project Management",
        "Comfort Scores",
        "Vision sensors",
        "Three-dimensional displays",
        "Cloud Computing",
        "3D Technology",
        "Cloud computing",
        "Production systems",
        "Camera Position",
        "Technological innovation",
        "Virtual Camera",
        "System Research",
        "Mapping Relationship",
        "Motor Simulation",
        "Comfort Evaluation",
        "Number Of Surfaces",
        "Visual Evaluation",
        "Animation Production System",
        "Support Vector Regression",
        "Human Motion",
        "Human Eye",
        "Motion Capture",
        "Time Overhead"
    ]
}