{
    "Title": "Bots and their Uses in Software Development: A Systematic Mapping Study",
    "Authors": [
        "Ricardo Moguel-Sánchez",
        "César Sergio Martínez-Palacios",
        "Jorge Octavio Ocharán-Hernández",
        "Xavier Limón",
        "Ángel J. Sánchez-García"
    ],
    "Date": "2023-03-20",
    "Institution": [
        "Universidad Veracruzana"
    ],
    "City": [
        "Xalapa Veracruz"
    ],
    "Country": [
        "México"
    ],
    "Keywords": [
        "Manual Search",
        "Team Members",
        "Project management",
        "DevBots",
        "Software Development Management",
        "Mapping Studies",
        "Search String",
        "ACM Digital Library",
        "Bots",
        "Artificial Intelligence Techniques",
        "IEEE Xplore",
        "Quality Evaluation",
        "Software Development",
        "Natural Language",
        "Automatic Search",
        "Software Projects",
        "Task analysis",
        "Elsevier",
        "Digital Library",
        "Static Analysis",
        "Code Review",
        "Software Development Tools",
        "Learning Curve",
        "Chatbots",
        "Popular Activity",
        "Academic Databases",
        "Level Of Intelligence",
        "Technological innovation",
        "Refactoring",
        "Systematics",
        "Software",
        "Processing Software",
        "Systematic Mapping Study",
        "Debugging",
        "Continuous Integration",
        "Development Team",
        "Project Management",
        "Precision And Recall",
        "Software Engineering"
    ]
}