{
    "Title": "Nuclide Identification using CsI(Tl) Gamma Ray Spectra and Neural Networks",
    "Authors": [
        "Timo Maiwald",
        "Erich Leder",
        "Ralf Pijahn",
        "Reinhard Buchhold",
        "Georg Fischer"
    ],
    "Date": "2023-03-23",
    "Institution": [
        "Friedrich-Alexander-Universität Erlangen-Nürnberg",
        "Thermo Fisher Scientific"
    ],
    "City": [
        "Erlangen"
    ],
    "Country": [
        "Germany"
    ],
    "Keywords": [
        "Standardization",
        "Real Scenarios",
        "Machine learning",
        "Data Quality",
        "Gamma-rays",
        "Parameter Space",
        "Variate",
        "gamma ray spectra",
        "Spectroscopy",
        "Dataset Creation",
        "Radioactive",
        "Energy Spectrum",
        "Acquisition Time",
        "Energy Axis",
        "Poisson Distribution",
        "Gamma-ray Spectra",
        "machine learning",
        "Neural networks",
        "nuclide identification",
        "Neural Network Approach",
        "Radioactive materials",
        "Hidden Layer",
        "Gamma Spectrometry",
        "Background Radiation",
        "Real Measurements",
        "Energy Levels",
        "neural networks",
        "Types Of Hardware",
        "Gamma Rays",
        "Plus Or Minus",
        "Machine learning algorithms",
        "Machine Learning",
        "Neural Network"
    ]
}