{
    "Title": "Uncertainty Estimation for 3D Dense Prediction via Cross-Point Embeddings",
    "Authors": [
        "Kaiwen Cai",
        "Chris Xiaoxuan Lu",
        "Xiaowei Huang"
    ],
    "Date": null,
    "Institution": [
        "University of Edinburgh",
        "University of Liverpool"
    ],
    "City": [
        "Edinburgh",
        "Liverpool"
    ],
    "Country": [
        "U.K."
    ],
    "Keywords": [
        "3D Point Cloud",
        "Random Sampling",
        "Bayesian Neural Network",
        "Ideal Line",
        "semantic scene understanding",
        "Semantic segmentation",
        "Zero-shot",
        "Probabilistic logic",
        "Face Recognition",
        "Predictive Performance",
        "Image Segmentation",
        "Embedding Learning",
        "Image Recognition",
        "Triplet Loss",
        "Latent Space",
        "Diagonal Covariance Matrix",
        "Metric Learning",
        "Point cloud compression",
        "Epistemic Uncertainty",
        "Self-supervised Learning",
        "Uncertainty Estimation",
        "Task analysis",
        "Incorrect Predictions",
        "Semantic Segmentation",
        "Uncertainty",
        "Aleatoric Uncertainty",
        "Three-dimensional displays",
        "Point Cloud",
        "3D Prediction",
        "3D Convolutional Network",
        "Dense Prediction",
        "Probabilistic Model",
        "Multilayer Perceptron",
        "Covariance Matrix",
        "Diagonal Matrix",
        "Level Of Uncertainty",
        "3D Segmentation",
        "Probabilistic inference",
        "computer vision for automation",
        "Estimation"
    ]
}