{
    "Title": "Robust Crack Detection Method by Reconstruction-Based Segmentation Network in Road Maintenance",
    "Authors": [
        "Guosheng Xu",
        "Ling Luo",
        "Guoai Xu"
    ],
    "Date": "2023-03-20",
    "Institution": [
        "University of Surrey",
        "Beijing University of Posts and Telecommunications",
        "Shenzhen"
    ],
    "City": [
        "Guildford",
        "Shenzhen",
        "Beijing"
    ],
    "Country": [
        "United of Kingdom",
        "China"
    ],
    "Keywords": [
        "Reconstruction Loss",
        "Complex Background",
        "Convolutional Layers",
        "Illumination Changes",
        "Feature Maps",
        "Segmentation Method",
        "Computer Vision",
        "Classification Problem",
        "Deep Convolutional Neural Network",
        "Types Of Distress",
        "Lighting",
        "Private Dataset",
        "Crack Detection Methods",
        "Hinge Loss",
        "Maintenance engineering",
        "Negative Samples",
        "Open Dataset",
        "Training",
        "F1 Score",
        "deep learning",
        "Safety",
        "Positive Samples",
        "Segmentation Model",
        "Road Maintenance",
        "pavement crack detection",
        "Crack Area",
        "Public Datasets",
        "Segmentation Results",
        "Anomaly Detection",
        "Convolutional Neural Network",
        "Segmentation Branch",
        "Semantic Segmentation",
        "image reconstruction",
        "Semantic Segmentation Task",
        "Network Reconstruction",
        "Fasteners",
        "Semantic segmentation",
        "Roads",
        "Crack Detection",
        "Batch Normalization Layer",
        "image segmentation"
    ]
}