{
    "Title": "Predicting MXene Properties via Machine Learning",
    "Authors": [
        "Eric W. Vertina",
        "N. Aaron Deskins",
        "Emily Sutherland",
        "Oren Mangoubi"
    ],
    "Date": "2023-03-23",
    "Institution": [
        "Worcester"
    ],
    "City": [
        "MA"
    ],
    "Country": [
        "USA"
    ],
    "Keywords": [
        "Machine learning",
        "Enthalpy Of Formation",
        "Heating systems",
        "Important Characteristics",
        "MAX Phase",
        "Properties Of MXenes",
        "Density Functional Theory",
        "Fermi Level",
        "Machine Learning Models",
        "Surface Termination",
        "XGBoost Model",
        "Interpretation Of Features",
        "Machine Learning Software",
        "Analytical models",
        "Band Gap",
        "Training Set",
        "Chemicals",
        "Machine Learning",
        "Work Function",
        "Predictive models",
        "Compounds",
        "2D Materials",
        "Sparse Component",
        "Training Examples",
        "Need For Learning",
        "Thermal Conductivity",
        "Density Of States",
        "Importance Scores",
        "Feature Importance Scores",
        "Root Mean Square Error Values",
        "Atomic Radius",
        "Material Informatics",
        "Random Forest",
        "Early Transition Metal",
        "Chemical Sensors",
        "Support Vector Regression",
        "Computational modeling",
        "Input Features",
        "Physical Properties",
        "MXenes"
    ]
}