{
    "Title": "Research on evaluation model and technology of 5G core network User Plane Function",
    "Authors": [
        "Jiannan Ou",
        "Jun Yin",
        "Jie Chen"
    ],
    "Date": "2023-03-20",
    "Institution": [
        "Research Institute of China Telecom"
    ],
    "City": [
        "Guangzhou"
    ],
    "Country": [
        "China"
    ],
    "Keywords": [
        "Business",
        "Model Evaluation",
        "Information processing",
        "Virtualization Technology",
        "User Datagram Protocol",
        "Vertical Industry",
        "Average Delay",
        "Systems architecture",
        "5G Core",
        "5G mobile communication",
        "Market Development",
        "Delays",
        "Performance evaluation",
        "Core Network",
        "5G Core Network User Plane",
        "Intranet",
        "Multi-core",
        "Round-trip Delay",
        "Traffic Characteristics",
        "Average Trip",
        "Base Station",
        "Forwarding Delay",
        "Equipment Performance",
        "Throughput",
        "User Plane Function",
        "Control Plane",
        "Standards"
    ]
}