{
    "Title": "A 28nm 68MOPS 0.18\\mu\\mathrm{J}/\\text{Op}$ Paillier Homomorphic Encryption Processor with Bit-Serial Sparse Ciphertext Computing",
    "Authors": [
        "Guiming Shi",
        "Zhanhong Tan",
        "Dapeng Cao",
        "Jingwei Cai",
        "Wuke Zhang",
        "Yifu Wu",
        "Kaisheng Ma"
    ],
    "Date": "2023-03-23",
    "Institution": [
        "Polar Bear Tech",
        "Tsinghua University",
        "Xi'an JiaoTong University"
    ],
    "City": [
        "Xi'an",
        "Beijing"
    ],
    "Country": [
        "China"
    ],
    "Keywords": [
        "Privacy",
        "Datapath",
        "Modulo Operation",
        "Plaintext",
        "Encryption",
        "Smart Card",
        "Cloud computing",
        "Costs",
        "Servers",
        "Throughput",
        "Improve Energy Efficiency",
        "Encryption And Decryption",
        "Sparse Weight",
        "Scalability",
        "Paillier Homomorphic Encryption",
        "Partial Sums",
        "Memory Allocation",
        "Workload Intensity",
        "Heart"
    ]
}