{
    "Title": "A Survey on AR-Based Digitization for Smart Education System",
    "Authors": [
        "K Sudharson",
        "R Raja Arvindan",
        "M Balashunmugham"
    ],
    "Date": "2023-03-20",
    "Institution": [
        "Rajalakshmi Engineering College"
    ],
    "City": [
        "Chennai"
    ],
    "Country": [
        "India"
    ],
    "Keywords": [
        "Engineering Education",
        "Educational Domain",
        "Real Teaching",
        "Interactive Learning",
        "Augmented Reality Applications",
        "Kirchhoff’s Current Law",
        "Smart Education",
        "Augmented Reality",
        "Learning Process",
        "Interactive",
        "Medium Of Instruction",
        "Online Teaching",
        "Digitization",
        "3-Dimensional Object",
        "Computer science",
        "Augmented reality",
        "Sense Of Freedom",
        "Traditional Teaching Methods",
        "Learning Module",
        "Education System",
        "Social Media",
        "Augmented Reality Technology",
        "Mobile App",
        "Educational technology",
        "Teaching Methods",
        "Psychology"
    ]
}