{
    "Title": "Optimizing Vehicle-to-Edge Mapping with Load Balancing for Attack-Resilience in IoV",
    "Authors": [
        "Anum Talpur",
        "Mohan Gurusamy"
    ],
    "Date": "2023-03-17",
    "Institution": [
        "Department of Electrical and Computer Engineering"
    ],
    "City": [
        "National University of Singapore"
    ],
    "Country": [
        "Singapore"
    ],
    "Keywords": [
        "Real-world Datasets",
        "Optimal Mapping",
        "Average Delay",
        "Denial Of Service",
        "Unit Time",
        "Mobile Vehicles",
        "Service Delay",
        "Delays",
        "Different Types Of Services",
        "Network State",
        "Deep Reinforcement Learning",
        "Edge Nodes",
        "Types Of Services",
        "Actor Network",
        "Delay Requirements",
        "Load management",
        "Reinforcement learning",
        "Internet of vehicles",
        "Extensive Simulation Results",
        "Single Server",
        "Multiple Edges",
        "Urban areas",
        "attack",
        "resilience",
        "Service Requests",
        "Availability Of Services",
        "service availability",
        "Set Of Maps",
        "Minimum Delay",
        "Fair Distribution",
        "Maximum Delay",
        "Load Balancing",
        "edge network",
        "User experience",
        "Simulation",
        "Edge Server",
        "Edge Layer",
        "Resource Requirements",
        "Internet Of Vehicles",
        "Servers",
        "vehicle-to-edge mapping",
        "Node Failure",
        "Processing Capacity"
    ]
}