{
    "Title": "Pyramid Structure-Based Context Aggregation Detail Restoration Low-illumination Image Enhancement Network",
    "Authors": [
        "Chaoyue Xu",
        "Penghao He",
        "Ying Yu"
    ],
    "Date": "2023-03-27",
    "Institution": [
        "Kunming"
    ],
    "City": [
        "Yunnan"
    ],
    "Country": [
        "China"
    ],
    "Keywords": [
        "Feature Information",
        "Image Clarity",
        "Image Enhancement Methods",
        "deep learning",
        "Information processing",
        "Long-range Dependencies",
        "Multi-scale Features",
        "Mean Square Error",
        "Backbone Network",
        "Semantics",
        "Feature Fusion",
        "Image Features",
        "Training",
        "Feature Pyramid",
        "Field Size",
        "Extract Feature Information",
        "low-illumination image enhancement",
        "Feature Pyramid Network",
        "Feature Maps",
        "Low Illumination Image",
        "Layer-by-layer",
        "Feature extraction",
        "Information Fidelity",
        "Network architecture",
        "Residual Block",
        "Enhancement Method",
        "Cloud computing",
        "Loss Function",
        "Image Enhancement",
        "Context Aggregation",
        "Signal-to-noise",
        "Supervised learning",
        "Method In This Paper",
        "Structural Similarity",
        "Peak Signal-to-noise Ratio",
        "multi-scale"
    ]
}