{
    "Title": "Modelling of an Ultraviolet based Hydrogen and Oxygen Generation System",
    "Authors": [
        "Hifsa Shahid",
        "Umar Rashid",
        "Haris Anwaar",
        "M. Fahad Ijaz",
        "Farhan Ahmed Butt",
        "Muhammad Salim Butt",
        "Muhammad Rafay Chugtai"
    ],
    "Date": "2023-03-28",
    "Institution": [
        "Department of Electrical Engineering"
    ],
    "City": [
        "UET Lahore (NC)"
    ],
    "Country": [
        "Pakistan"
    ],
    "Keywords": [
        "Thermal Power",
        "Optical Structure",
        "Ultraviolet Irradiation",
        "Absorptance Coefficient",
        "Desalination",
        "Thermal lensing",
        "Ultraviolet B",
        "Steam Generation",
        "Tandem Cells",
        "Solar Spectrum",
        "Gallium Nitride",
        "Electrochemical Reaction",
        "Generators",
        "Honeycomb Structure",
        "Superheated Steam",
        "Surface morphology",
        "Electrode",
        "Energy Generation",
        "UVB",
        "UVA",
        "Solar Cells",
        "Thermolysis",
        "Standard Liters",
        "Solar Array",
        "Hydrogen",
        "Photovoltaic System",
        "Flat Surface",
        "Electric Power",
        "UV Exposure",
        "GaN",
        "Honey-comb",
        "Greenhouse Gas",
        "CPV",
        "Solar Photovoltaic",
        "Optical System",
        "Honeycomb structures",
        "Optical design",
        "Hole Diameter",
        "UV Absorption",
        "SOEC",
        "Electrical Energy",
        "Solar radiation"
    ]
}