{
    "Title": "Improved Hierarchical Architecture for Graph Classification",
    "Authors": [
        "Zhimo Li"
    ],
    "Date": "2023-03-27",
    "Institution": [
        "Guilin University of Electronic Technology"
    ],
    "City": [
        "Guilin"
    ],
    "Country": [
        "China"
    ],
    "Keywords": [
        "Feature Information",
        "Redundant Information",
        "Graph Neural Networks",
        "Pooled Rate",
        "Adaptive Layer",
        "Multiple Perspectives",
        "Communications technology",
        "Performance In Classification Tasks",
        "Node Embeddings",
        "Graph Convolution",
        "Node Score",
        "Infographic",
        "Model In This Paper",
        "Trainable Parameters",
        "Batch Size",
        "Fuses",
        "Graph Convolutional Network",
        "Convolutional Neural Network",
        "Task analysis",
        "Linear Layer",
        "graph classification",
        "Neighborhood Information",
        "readout layer",
        "Second-order Information",
        "Important Nodes",
        "graph pooling",
        "Graph Structure",
        "Attention Mechanism",
        "Graphical Representation",
        "Multilayer Perceptron",
        "Graph Classification",
        "Structural Information",
        "Node Information",
        "Method In This Paper",
        "Representative Graph",
        "Pooling Layer"
    ]
}