{
    "Title": "Multiphysics Simulation Methods for Microsystem Interconnections",
    "Authors": [
        "Zhongge Zhao",
        "Jiang Shao",
        "Ming Zhang"
    ],
    "Date": "2023-03-30",
    "Institution": [
        "Avic China Aero-polytechnology Establishment"
    ],
    "City": [
        "Beijing"
    ],
    "Country": [
        "China"
    ],
    "Keywords": [
        "multiscale",
        "Correlation",
        "Couplings",
        "Finite Element Analysis",
        "Joule Heating Effect",
        "Multiscale Model",
        "Solder Joints",
        "Thermal Stress",
        "simulation",
        "Coupling Effect",
        "Finite Element Model",
        "Popcorn",
        "Analytical models",
        "Multi-scale Features",
        "Predictive models",
        "Finite Element",
        "Moisture Stress",
        "Multiscale Analysis",
        "Impurity Ions",
        "Delamination",
        "Simulation Method",
        "Moisture Diffusion",
        "Temperature Field",
        "Computational modeling",
        "Multiphysics Simulation",
        "Electronic Warfare",
        "Reliability Problems",
        "Micromechanical devices",
        "Stress Field",
        "microsystem",
        "Assembly Technique",
        "Research Progress",
        "Welded Joints",
        "Modeling Method",
        "Field Direction",
        "Change Process",
        "interconnection",
        "Military Fields",
        "Simulation Analysis",
        "Failure Mechanism",
        "multiphy sicsfield",
        "Spaceborne radar"
    ]
}