{
    "Title": "Data Cleaning Technology of Substation Internet of Things Based on Time Series Association",
    "Authors": [
        "Xuefeng Ning"
    ],
    "Date": "2023-03-27",
    "Institution": [
        "Dongguan Power Supply Bureau Company"
    ],
    "City": [
        "Canton"
    ],
    "Country": [
        "China"
    ],
    "Keywords": [
        "Correlation",
        "anomaly detection",
        "Cleaning",
        "Anomaly Data",
        "Degree Of Confidence",
        "Wavelet Basis Function",
        "Apriori Algorithm",
        "Abnormal Data",
        "Monitoring Data",
        "Substations",
        "Network Efficiency",
        "Data models",
        "Real-time systems",
        "Association Rule Mining",
        "Learning Algorithms",
        "Internet Of Things",
        "Data Processing",
        "DBSCAN Algorithm",
        "Power Grid",
        "Symbolic Processing",
        "Artificial Neural Network",
        "Wavelet Basis",
        "Neural networks",
        "Association Rules",
        "Time Series",
        "Hidden Layer",
        "Morlet Wavelet",
        "wavelet neural network",
        "Frequent Itemsets",
        "association rules",
        "Anomaly Detection",
        "Abnormal Points",
        "Accuracy Of Network",
        "Real-time Data",
        "Large Amount Of Data",
        "data cleaning",
        "large data",
        "Modern Technology",
        "Neural Network",
        "Haar Wavelet",
        "Time series analysis",
        "Clean Data"
    ]
}