{
    "Title": "Estimation of Energy and Time Usage in 3D Printing With Multimodal Neural Network",
    "Authors": [
        "Qisen Cheng",
        "Chang Zhang",
        "Xiang Shen"
    ],
    "Date": "2023-03-27",
    "Institution": [
        "University of Minnesota",
        "Washington",
        "University of Michigan"
    ],
    "City": [
        "D.C.",
        "Ann Arbor",
        "Minneapolis"
    ],
    "Country": [
        "USA"
    ],
    "Keywords": [
        "Printing Process",
        "energy consumption",
        "additive manufacturing",
        "3D Printing",
        "Resource Estimation",
        "Three-dimensional displays",
        "Solid modeling",
        "Unit Action",
        "time usage",
        "Lack Of Information",
        "Multivariate Time Series",
        "multimodal neural network",
        "Triangular Mesh",
        "Real-world Data",
        "Estimated Energy Expenditure",
        "Process control",
        "Geometric Information",
        "Multimodal Network",
        "3D printing",
        "Codes",
        "3D Digital Models",
        "deep learning",
        "Neural networks",
        "Usage Time",
        "Transforms",
        "Vector Representation",
        "Deep Neural Network",
        "Time Series Segments",
        "Time Series Prediction",
        "Digital Model",
        "3D Scanning",
        "Energy Consumption",
        "Resource Consumption",
        "Neural Network",
        "Multimodal Learning",
        "Estimation"
    ]
}