{
    "Title": "Intelligent Control system for BLDC Motor Driven Solar Water Pumping System using Wode Algorithm",
    "Authors": [
        "A. Saravanan",
        "M. Rekha",
        "S.T. Subha",
        "D. Arulanantham",
        "S. Baskaran",
        "S. Gomathi"
    ],
    "Date": "2023-03-27",
    "Institution": [
        "Nandha Engineering College",
        "Jeppiaar Institute of Technology",
        "SIMATS",
        "R.M.K Engineering College",
        "SMK FOMRA Institute of Technology",
        "Veltech Multitech Dr.Rangarajan Dr.Sakunthala Engineering College"
    ],
    "City": [
        "Chennai",
        "Erode"
    ],
    "Country": [
        "India"
    ],
    "Keywords": [
        "Water Pump",
        "Brushless DC",
        "Photovoltaic systems",
        "Dcdc Converter",
        "Power Loss",
        "Power Point Tracking",
        "Fuzzy Logic",
        "Electromagnetic Interference",
        "Heavy Computational Burden",
        "Renewable energy sources",
        "Faster Convergence",
        "Maximum Power Point",
        "High Voltage Gain",
        "Boost Converter",
        "Solar Panels",
        "Particle Swarm Optimization",
        "Throttle Sensors",
        "Photovoltaic System",
        "Types Of Converters",
        "High Gain",
        "Brushless DC Motor",
        "Maximum Power Point Tracking",
        "Topology",
        "E Bike",
        "BLDC Motor Controller",
        "Solar Photovoltaic",
        "Steady-state",
        "Maximum power point trackers",
        "Electric Motor",
        "Ac Output",
        "Maximum Point",
        "Brushless DC motors",
        "Snubbers"
    ]
}