{
    "Title": "Optimization Model and Algorithm of Securities Investment Portfolio Based on Support Vector Machine",
    "Authors": [
        "Liming Gong"
    ],
    "Date": "2023-03-28",
    "Institution": [
        "Xi'an Eurasia University"
    ],
    "City": [
        "Xi'an"
    ],
    "Country": [
        "China"
    ],
    "Keywords": [
        "Supply And Demand",
        "Credit Risk",
        "Financial Innovation",
        "Security Prices",
        "Investment Decision-making",
        "Risk management",
        "Good Generalization Ability",
        "Securities Market",
        "Field Of Machine Learning",
        "portfolio investment",
        "Uncertainty",
        "High-dimensional",
        "Support vector machines",
        "Futures Prices",
        "Decision making",
        "Analysis Techniques",
        "Optimization model",
        "Pricing Method",
        "Security",
        "Financial Market",
        "Statistical Learning Theory",
        "Investment Process",
        "Financial Time Series",
        "Stock Price",
        "Technological innovation",
        "Empirical Risk Minimization",
        "Time Series",
        "Market Risk",
        "Past Time",
        "Machine Learning Methods",
        "Support Vector Machine",
        "Structural Risk Minimization",
        "Machine learning algorithms",
        "Portfolio Investment",
        "Market Development",
        "Machine Learning",
        "Security Investment",
        "Financial System",
        "Basis Of Analysis",
        "Vector machine"
    ]
}