{
    "Title": "Convolutional neural network-based ASIL rating method for automotive functional safety",
    "Authors": [
        "Yue Qin",
        "Quanzhou Liu",
        "Jianhong Hao",
        "Hongpeng Li",
        "Dehua Cai"
    ],
    "Date": "2023-03-29",
    "Institution": [
        "CATARC (Tianjin) Automotive Engineering Research Institute",
        "Northeastern University"
    ],
    "City": [
        "Shenyang",
        "Tianjin"
    ],
    "Country": [
        "China"
    ],
    "Keywords": [
        "deep learning",
        "Risk Assessment",
        "Deep Learning",
        "Field Of Artificial Intelligence",
        "Automotive Safety Integrity Level",
        "functional safety",
        "Convolution Operation",
        "Input Signal",
        "Databases",
        "Internal Combustion Engine",
        "Convolution Kernel",
        "Auto Industry",
        "Automotive Industry",
        "ASIL rating",
        "One-hot Encoding",
        "Hazard Analysis",
        "Training Set",
        "Artificial Neural Network",
        "Specific Scenarios",
        "Data models",
        "Exposure Rate",
        "Convolutional Neural Network",
        "Solid modeling",
        "Degree Of Harm",
        "Vehicle Safety",
        "Hazardous Effects",
        "Power electronics",
        "Hazard Risk",
        "Deep learning",
        "Electric Power",
        "Neural Network",
        "Convolutional Layers",
        "Electronic Technology",
        "Hazards",
        "Industries",
        "Electronic System",
        "HARA",
        "Pooling Layer"
    ]
}