{
    "Title": "BERT-based models’ impact on machine reading comprehension in Hindi and Tamil",
    "Authors": [
        "Shailender Kumar",
        "Deepak"
    ],
    "Date": "2023-03-28",
    "Institution": [
        "Delhi Technological University"
    ],
    "City": [
        "New Delhi"
    ],
    "Country": [
        "India"
    ],
    "Keywords": [
        "Lot Of Models",
        "Question Answering",
        "Word Embedding",
        "XLM-RoBERTa",
        "Indian Languages",
        "F1 Score",
        "Output Embedding",
        "Exact Match",
        "Language Pairs",
        "Unsupervised Learning",
        "Multilungual",
        "RemBERT",
        "Context modeling",
        "Machine Reading Comprehension",
        "Data models",
        "Language Model",
        "BERT-based Models",
        "Transformer",
        "Masked Language Model",
        "Information Retrieval",
        "Model Performance",
        "Tokenized",
        "Deep learning",
        "Transformers",
        "MRC",
        "Adaptation models",
        "Deep Learning Models",
        "Bit error rate",
        "Transliteration",
        "MuRIL",
        "Bilingual",
        "Natural Language",
        "Computational modeling",
        "Intersection Over Union"
    ]
}