{
    "Title": "Performance Analysis for Load Balancing Algorithms using POX Controller in SDN",
    "Authors": [
        "Maghrib Abidalreda Maky Alrammahi",
        "Wesam S. Bhaya"
    ],
    "Date": "2023-03-27",
    "Institution": [
        "College of Information Technology",
        "ITRDC"
    ],
    "City": [
        "Najaf",
        "Babylon"
    ],
    "Country": [
        "Iraq"
    ],
    "Keywords": [
        "Least Connection (LC)",
        "Network Devices",
        "Network Administrators",
        "Control Plane",
        "Load management",
        "Average Response Time",
        "Switches",
        "Load Balancing Algorithm",
        "Software algorithms",
        "Load Current",
        "Time Parameters",
        "Network Environment",
        "Measurement",
        "POX",
        "OpenFlow",
        "Learning Algorithms",
        "Transfer Rate",
        "Software Defined Networking (SDN)",
        "Response Time",
        "Data science",
        "Throughput",
        "Round Robin",
        "load balancing (LB)",
        "Round Robin (RR)",
        "Transfer Time",
        "Network Performance",
        "Network Topology",
        "Performance analysis",
        "Weighted Round Robin (WRR)",
        "Homogeneous Environment",
        "Traffic Flow",
        "Load Balancing",
        "Mininet",
        "Routing",
        "Single Switch",
        "POX Controller"
    ]
}