{
    "Title": "Eductainment: A Gamified Learning Management System for Senior High School Subjects with Randomized Algorithm",
    "Authors": [
        "Dariel T. Polestico",
        "Piolo N. Torotoro",
        "Marcela Jane A. Taytayon",
        "Zerah-Jane M. Astoveza"
    ],
    "Date": "2023-03-28",
    "Institution": [
        "Siniloan"
    ],
    "City": [
        "Laguna"
    ],
    "Country": [
        "Philippines"
    ],
    "Keywords": [
        "Objective Of This Study",
        "Ease Of Learning",
        "Senior High School",
        "Learning Attitude",
        "Characteristics For Applications",
        "Agile Development",
        "Active Play",
        "Mobile handsets",
        "Gamification",
        "gamified",
        "Senior High School Students",
        "Online Research",
        "Motivational Elements",
        "Software reliability",
        "Recommendations For Future Research",
        "Quantitative Instrument",
        "randomized algorithm",
        "Usability",
        "Online Interviews",
        "ISO Standards",
        "Mobile Learning",
        "Mobile learning",
        "Mobile applications",
        "Online Learning",
        "Group Chat",
        "Learning Management",
        "Conceptual Framework",
        "Characteristics Of Collaboration",
        "Learning Management System",
        "Online Courses",
        "Learning Environment",
        "LMS",
        "Learning management systems",
        "Multiple-choice",
        "Senior Highschool",
        "Collaboration",
        "Mobile App"
    ]
}