{
    "Title": "Efficiency Comparison of Row-Diagonal Parity and EVENODD Encoded Check Disk Repair Algorithms",
    "Authors": [
        "Yiran Chen"
    ],
    "Date": "2023-03-27",
    "Institution": [
        "Xi'an"
    ],
    "City": [
        "Shaanxi"
    ],
    "Country": [
        "China"
    ],
    "Keywords": [
        "Repair Algorithm",
        "RAID-6 codes",
        "Factorization",
        "Storage Nodes",
        "Data transfer",
        "Single Disk",
        "Layout",
        "Theoretical Bound",
        "Stability analysis",
        "Encoding",
        "Important Data",
        "Data recovery",
        "Maintenance engineering",
        "Fast Algorithm",
        "Data Block",
        "Codes",
        "Repair Process",
        "Reliable Data",
        "Parity-check",
        "Codeword",
        "RDP code",
        "Bandwidth",
        "Reliability",
        "EVENODD code",
        "File System",
        "XOR Operation",
        "Capability Of Nodes",
        "Storage Systems",
        "Single Failure",
        "Information Technology"
    ]
}