{
    "Title": "Optimal Operation of Energy Hubs in an Auction-Based Peer-To-Peer Energy Trading Framework",
    "Authors": [
        "Kirkland Rowe",
        "Geev Mokryani",
        "Kavian Cooke",
        "F. Campean",
        "Therese Chambers"
    ],
    "Date": "2023-03-28",
    "Institution": [
        "Faculty of Engineering and Computing",
        "Faculty of Engineering and Informatics"
    ],
    "City": [
        "University of Bradford",
        "University of Technology"
    ],
    "Country": [
        "Jamaica",
        "UK"
    ],
    "Keywords": [
        "Market Power",
        "Bilevel Optimization",
        "Peer-to-peer computing",
        "Energy Hub Operation",
        "Mixed Integer Linear Programming Model",
        "Stochastic Model",
        "Bi-level Model",
        "integrated natural gas and electricity network",
        "Generation Capacity",
        "Heating Demand",
        "energy trading",
        "Smart grids",
        "Distribution networks",
        "Energy System",
        "Energy Hub",
        "Costs",
        "Operational Costs",
        "Gas Network",
        "Multi-carrier energy systems",
        "Combined Heat And Power",
        "Day-ahead Market",
        "Wind Power",
        "Emissions Trading Scheme",
        "Power Grid",
        "Natural gas",
        "Energy Trading Framework",
        "Distribution Network",
        "Strategic Behavior",
        "Local Market",
        "Electric Distribution",
        "energy hubs",
        "Bargaining Power",
        "uncertainty",
        "Natural Gas",
        "Energy Exchange",
        "Power Demand",
        "Stochastic processes",
        "Energy Trading",
        "Wind Turbine",
        "Mixed Integer Linear Programming",
        "Distributed Energy Resources",
        "bi-level optimization",
        "peer-to-peer",
        "Mixed integer linear programming"
    ]
}