{
    "Title": "Enhanced Biogeography Based Optimization (EBBO) for longevity and optimized energy consumption of Wireless Sensor Network",
    "Authors": [
        "Ridhi Kapoor",
        "Sandeep Sharma"
    ],
    "Date": "2023-03-28",
    "Institution": [
        "Amritsar"
    ],
    "City": [
        "Punjab"
    ],
    "Country": [
        "India"
    ],
    "Keywords": [
        "Immigration Rates",
        "Wireless sensor networks",
        "Mutation Rate",
        "Network Lifetime",
        "Island Biogeography",
        "Energy consumption",
        "Dense Clusters",
        "Cluster Head",
        "Simulation",
        "Wireless communication",
        "Combinatorial Optimization Problem",
        "Emigration Rates",
        "Load Distribution",
        "Biogeography-based Optimization",
        "Received Signal Strength Indicator",
        "Stability",
        "Residual Energy",
        "Power demand",
        "Fitness Function",
        "Throughput",
        "Clustering",
        "Wireless Sensor Networks",
        "Clustering Method",
        "Suitability Index",
        "Biogeography-based optimization",
        "Clustering algorithms",
        "Increase In Lifetime",
        "Clustering Process",
        "Species Counts",
        "Sensor Networks",
        "Load Balancing",
        "Heterogeneous Wireless Sensor Networks",
        "Normal Nodes",
        "Clustering Problem",
        "Clustering methods"
    ]
}