{
    "Title": "Fingersound: A Low-cost and Deployable Authentication System with Fingertip Sliding Sound",
    "Authors": [
        "Zhanglei Shu",
        "Zhangsen Wang",
        "Guozheng Yang",
        "Cheng Zang",
        "Zhe Ma",
        "Feng Lin",
        "Kui Ren"
    ],
    "Date": "2023-03-27",
    "Institution": [
        "Zhejiang University",
        "",
        "ZJU-Hangzhou Global Scientific and Technological Innovation Center"
    ],
    "City": [
        "Hangzhou"
    ],
    "Country": [
        "China"
    ],
    "Keywords": [
        "Image sensors",
        "Mobile handsets",
        "Sequence Features",
        "Noise Disturbance",
        "Machine learning",
        "Equal Error Rate",
        "Biometrics",
        "Embedded system",
        "User Profile",
        "Embedded System",
        "Embedded systems",
        "Multiple Feature Extraction",
        "User Authentication",
        "SD Card",
        "Authentication Method",
        "False Acceptance Rate",
        "Outlier Detection",
        "Microphone Array",
        "Authentication",
        "User authentication",
        "System Reliability",
        "Authentication System",
        "Background Noise",
        "Access Control",
        "Deep Neural Network",
        "Internet Of Things Devices",
        "Feature extraction",
        "Outlier Detection Methods",
        "Embedding Vectors",
        "Smart Home",
        "Mobile App",
        "Acoustic Signals",
        "Fingerprint recognition",
        "Data Transmission",
        "Material Surface",
        "Replay Attacks",
        "Stochastic Gradient Descent",
        "Registration Phase",
        "Time-frequency analysis",
        "Legitimate Users"
    ]
}