{
    "Title": "Blockchain Based Trading Mechanism in Microgrid using CHIO Algorithm",
    "Authors": [
        "Reshmi Chandra",
        "Plabon Saha",
        "Sayandip Roy",
        "Tanmoy Dey",
        "Parthasarathi Bera"
    ],
    "Date": "2023-03-30",
    "Institution": [
        "Kalyani",
        "Natungram"
    ],
    "City": [
        "W.B."
    ],
    "Country": [
        "India"
    ],
    "Keywords": [
        "Metaheuristic",
        "Particle Swarm Optimization",
        "COVID-19",
        "Trading System",
        "Power supplies",
        "Smart Contracts",
        "Cases Of Infection",
        "Power System",
        "Energy Trading",
        "Cost function",
        "Certain Amount Of Energy",
        "smart contract",
        "CHIO",
        "Microgrids",
        "Power system modeling",
        "Cost Function",
        "Gradient Method",
        "Microgrid System",
        "Energy Source",
        "Smart Meters",
        "herd immunity",
        "Present Scheme",
        "Genetic Algorithm Algorithms",
        "Data Block",
        "Heuristic algorithms",
        "Microgrid",
        "Optimal Power Flow",
        "Power Trade",
        "blockchain",
        "Energy Capacity",
        "Blockchains",
        "Optimization Algorithm",
        "Dispatch System",
        "Newton Method",
        "Blockchain Technology",
        "Social Distancing",
        "Power System Model",
        "Market Power",
        "power trading",
        "Bidding"
    ]
}