{
    "Title": "Detection Methods for Distributed Denial of Services (DDOS) Attacks",
    "Authors": [
        "Shaik Abdul Raashid",
        "Tanush Nimmagadda",
        "Chandu Pavan Sai",
        "Ardhi Gandhi",
        "Karthikeyan C"
    ],
    "Date": "2023-04-04",
    "Institution": [
        "Vaddeswaram"
    ],
    "City": [
        "Andhra Pradesh"
    ],
    "Country": [
        "India"
    ],
    "Keywords": [
        "Distributed Denial Of Service",
        "Internet Service",
        "User Datagram Protocol",
        "Packets",
        "Denial-of-service attack",
        "Malware",
        "Business",
        "Cybercrime",
        "Proposals",
        "Traffic Patterns",
        "Transmission Control Protocol",
        "Denial Of Service",
        "Intrusion Detection System",
        "Types Of Attacks",
        "Internet Of Things",
        "Simulated Networks",
        "Cybersecurity",
        "Target Network",
        "Target System",
        "Servers",
        "Kinds Of Attacks",
        "Source Network",
        "Internet Traffic",
        "Computer System",
        "Online Services",
        "Computer crime",
        "Distributed Denial of Service",
        "Network System",
        "Assault",
        "Legitimate Users",
        "Security Measures"
    ]
}