{
    "Title": "The VVV open cluster project – II. Near-infrared sequences of 37 open clusters on eight-dimensional parameter space",
    "Authors": [
        "K Peña Ramírez",
        "L C Smith",
        "S Ramírez Alegría",
        "A-N Chené",
        "C González-Fernández",
        "P W Lucas",
        "D Minniti"
    ],
    "Date": null,
    "Institution": [
        "Antofagasta",
        "Madingley Road",
        "Chile; Vatican Observatory",
        "Hilo",
        "University of Hertfordshire"
    ],
    "City": [
        "1271155",
        "V00120 Vatican City State",
        "Hatfield AL10 9AB",
        "Cambridge CB3 0HA",
        "HI 96720"
    ],
    "Country": [
        "Italy",
        "Chile; karla.pena@uantof.cl",
        "UK",
        "Chile",
        "USA",
        "UK; l.c.smith@herts.ac.uk"
    ],
    "Keywords": [
        "stars: evolution",
        "Galaxy: open clusters and associations: individual",
        "methods: data analysis"
    ]
}