{
    "Title": "A Configurable On-Chip Spike Encoding Network Based on Dual-Mode Integrate & Fire Neurons",
    "Authors": [
        "Zhengqing Zhong",
        "Yunpeng Tuo",
        "Haibing Wang",
        "Tengxiao Wang",
        "Junxian He",
        "Sihao Chen",
        "Min Tian",
        "Cong Shi"
    ],
    "Date": "2023-03-30",
    "Institution": [
        "Chongqing University"
    ],
    "City": [
        "Chongqing"
    ],
    "Country": [
        "China"
    ],
    "Keywords": [
        "Preset Threshold",
        "Neuron Model",
        "Membrane Potential Of Neurons",
        "Encoder Network",
        "Spike Encoding",
        "Spiking Neural Networks",
        "Encoding",
        "Prototype",
        "Input Pixels",
        "Training",
        "Static Images",
        "PC Software",
        "Prototypes",
        "Processing Speed",
        "Neuronal Firing",
        "Synaptic Weights",
        "Power Consumption",
        "Neuromorphic Systems",
        "Hardware",
        "Host PC",
        "spike encoding network",
        "configurable circuit",
        "Neural Network",
        "Spike Trains",
        "Software",
        "MNIST Dataset",
        "on-chip encoding",
        "neuromorphic hardware",
        "Neuromorphics",
        "Neurons",
        "Firing Probability",
        "Image Sensor"
    ]
}