{
    "Title": "Research on Collaborative Fire Fighting Technology of Tunnel Fire Robot",
    "Authors": [
        "Xin Li",
        "Qilin Shu"
    ],
    "Date": "2023-04-07",
    "Institution": [
        "Shenyang Ligong University"
    ],
    "City": [
        "Shengyang"
    ],
    "Country": [
        "China"
    ],
    "Keywords": [
        "Intelligent formation",
        "Gain Coefficient",
        "Formation control",
        "Fire Simulation",
        "Fire Source",
        "High performance computing",
        "Firefighters",
        "Motion simulation",
        "Ignition Point",
        "Tunnel Fire",
        "Firing Process",
        "Simulation",
        "Formation Control",
        "Dispatching",
        "State Diagram",
        "Mobile robots",
        "Gravitational Field",
        "Fire extinguishing robots",
        "Valves",
        "Assignment of fire extinguishing tasks",
        "Mathematical models",
        "Fire Extinguishing",
        "Simulation Process"
    ]
}