{
    "Title": "Robot Autonomous Exploration and Map Building Method",
    "Authors": [
        "Xiaojing Tian",
        "Bing Li",
        "Yu Du",
        "Minghao Wang"
    ],
    "Date": "2023-04-06",
    "Institution": [
        "Dalian Jiaotong University",
        "Dalian University of Technology"
    ],
    "City": [
        "Dalian"
    ],
    "Country": [
        "China"
    ],
    "Keywords": [
        "Path Planning",
        "Unknown Environment",
        "Particle Filter",
        "Automation",
        "Raster Map",
        "Issue In The Field",
        "Small Corner",
        "Buildings",
        "Unknown Area",
        "Unfamiliar Environment",
        "Independent Methods",
        "Markov Property",
        "Indoor environment",
        "Current Position",
        "Independent Constructs",
        "Environmental Point",
        "Rapidly-Exploring Random Tree (RRT)",
        "Unknown State",
        "Random Tree",
        "Dimension Of The State Space",
        "Simultaneous localization and mapping",
        "Mapping",
        "Global Exploration",
        "Mobile robots",
        "Information Gain",
        "Autonomous Exploration",
        "Construction Method",
        "Exploration Task",
        "Adaptive Step Size",
        "Environment Map",
        "Root Node",
        "Boundary Exploration",
        "Filtering",
        "Industries",
        "Local Map",
        "Collision",
        "Simulation Environment",
        "Mobile Robot",
        "Map Construction",
        "Indoor Environments"
    ]
}