{
    "Title": "Research on Blockchain Electric Energy Transaction Based on NSGA2 Genetic Algorithm",
    "Authors": [
        "Juan Zhang",
        "Jiani Xiang",
        "Tao Xing",
        "Bing Wang",
        "Yuquan Chen"
    ],
    "Date": "2023-04-03",
    "Institution": [
        "Shanghai Key Laboratory of Smart Grid Demand Response",
        "Hohai University"
    ],
    "City": [
        "Nanjing",
        "Shanghai"
    ],
    "Country": [
        "China"
    ],
    "Keywords": [
        "Market Power",
        "Age Of Information",
        "Cooperative Game",
        "Distributed Ledger Technology",
        "Optimal Model",
        "Transaction Data",
        "power trading",
        "Smart Contracts",
        "Purchase Cost",
        "Microgrid Operation",
        "Highest Price",
        "Costs",
        "Large User",
        "Secret Key",
        "Transaction Processing",
        "Traditional Trade",
        "Power distribution",
        "Trade Network",
        "distribution side",
        "genetic algorithms",
        "Regulatory Agencies",
        "Power Grid",
        "Microgrids",
        "Energy",
        "Energy Distribution",
        "Shapley Value",
        "smart contracts",
        "Distribution Network",
        "Energy Transactions",
        "Power markets",
        "Bargaining Power",
        "Blockchains",
        "Large Consumption",
        "Transaction Information",
        "blockchain",
        "Distributed Ledger",
        "Energy Trading",
        "Traditional Power",
        "External Costs",
        "Electrical Energy",
        "Power Distribution",
        "Smart contracts"
    ]
}