{
    "Title": "Revealing the Impact of Gate Area Scaling on Charge Trapping Employing SiO2Transistors",
    "Authors": [
        "K. Tselios",
        "T. Knobloch",
        "D. Waldhoer",
        "B. Stampfer",
        "E. Ioannidis",
        "H. Enichlmair",
        "R. Minixhofer",
        "T. Grasser",
        "M. Waltl"
    ],
    "Date": null,
    "Institution": [
        "TU Wien",
        "ams-OSRAM AG"
    ],
    "City": [
        "Premstatten",
        "Vienna"
    ],
    "Country": [
        "Austria"
    ],
    "Keywords": [
        "Current measurement",
        "Lateral Dimensions",
        "Root Mean Square Error",
        "Single Fault",
        "Emission Time",
        "Value Of Device",
        "Average Shift",
        "Threshold voltage",
        "Exponential Distribution",
        "Bimodal",
        "Probability Distribution Function",
        "Step Height",
        "exponential step height distribution",
        "Time measurement",
        "Logic gates",
        "Charge Trapping",
        "Subthreshold Swing",
        "single defects",
        "Large-area Devices",
        "Performance evaluation",
        "Complementary Cumulative Distribution Function",
        "Gate Area",
        "complementary cumulative distribution function (CCDF)",
        "Discrete Steps",
        "Drain Current",
        "Percolation Paths",
        "Nanoscale Devices",
        "MOSFETs",
        "Unimodal Distribution",
        "Measurement Window",
        "variability",
        "Inversion Layer",
        "Charge Transition",
        "Carrier Mobility",
        "positive and negative bias temperature instability (PBTI, NBTI)",
        "Stress",
        "Circuit Performance",
        "MOS devices",
        "Exponential Function",
        "Measurement Noise",
        "Threshold Voltage",
        "charge trapping",
        "Recovery Time",
        "Device Dimensions"
    ]
}