{
    "Title": "Design and Fabrication of Solar Powered Air Quality Monitoring System",
    "Authors": [
        "R Lal Raja Singh",
        "K Arulselvan",
        "A Indhumathi",
        "S Iswarya",
        "G Namitha"
    ],
    "Date": "2023-04-05",
    "Institution": [
        "KIT-Kalaignarkarunanidhi Institute of Technology"
    ],
    "City": [
        "Coimbatore"
    ],
    "Country": [
        "India"
    ],
    "Keywords": [
        "Sensors",
        "Air Pollution",
        "Data Elements",
        "Implementation Phase",
        "Design Phase",
        "Air Quality",
        "Sensor In Air",
        "Real-time systems",
        "Test Plan",
        "Costs",
        "Sensor systems",
        "Environmental Substances",
        "Renewable energy sources",
        "Air Quality Monitoring",
        "Air pollution",
        "Including Air Pollution",
        "Urban areas",
        "Presence Of Gas",
        "air pollution",
        "sensor",
        "temperature",
        "monitoring",
        "Air Pollution Monitoring",
        "Air Quality Monitoring System",
        "Clean Air",
        "Internet of things",
        "Internet Of Things",
        "Arduino",
        "Real-time Information",
        "System Design"
    ]
}