{
    "Title": "Analyzing the Computer Crimes Safety of IOT Networks using Traditional, Blockchain, and AI (Key-Security in Great Detail",
    "Authors": [
        "Sakshi Pandey"
    ],
    "Date": "2023-04-03",
    "Institution": [
        "Chitkara University"
    ],
    "City": [
        "Punjab"
    ],
    "Country": [
        "India"
    ],
    "Keywords": [
        "Random access memory",
        "Internet Of Things Security",
        "Sequencing minimum optimization techniques",
        "Power supplies",
        "Random Forest Algorithm",
        "Malware",
        "Batteries",
        "Biometric identification",
        "Language Processing",
        "Supervised Learning",
        "Cybercrime",
        "Text Classification",
        "Session Key",
        "Internet Of Things Technology",
        "Random Forest",
        "Public Key",
        "IoT Networks",
        "Internet Of Things",
        "Internet Of Things Networks",
        "Secret Key",
        "Authentication",
        "Safety",
        "Mutual Authentication",
        "Internet of Things (IoT)",
        "Cryptanalysis",
        "Battery Power",
        "Internet Of Things Devices",
        "Skipjack",
        "Internet of Things",
        "Blockchains",
        "Sentiment Analysis",
        "Identification",
        "Sensor Networks",
        "Symmetric Encryption",
        "End Devices",
        "Naive Bayes",
        "Machine Learning",
        "Edge Devices",
        "Assault"
    ]
}