{
    "Title": "A modified artifact subspace rejection algorithm based on frequency properties for meditation detection application",
    "Authors": [
        "Zhiyong Xiao",
        "Xiaodan Tan",
        "Tao Wang"
    ],
    "Date": "2023-04-04",
    "Institution": [
        "Southern Medical University",
        "Shenzhen Pengcheng Technician College",
        "Shenzhen Technology University"
    ],
    "City": [
        "Guangzhou",
        "Shenzhen"
    ],
    "Country": [
        "P.R. China"
    ],
    "Keywords": [
        "Artifact Rejection",
        "Online Detection",
        "Spectrum",
        "Contemplative Practices",
        "Wearable System",
        "Independent Component Analysis",
        "Electroencephalography",
        "Alpha Rhythm",
        "Wearable computers",
        "Focusing",
        "Clear Signal",
        "Training",
        "K-nearest Neighbor",
        "Transformation Matrix",
        "Frequency Domain",
        "Electrode",
        "Principal Component Analysis Space",
        "Support Vector Machine",
        "Training Stage",
        "Reference Signal",
        "Limited Computational Resources",
        "Time Domain",
        "EEG Signals",
        "Rejection Algorithm",
        "Linear Discriminant Analysis",
        "Frequency Components",
        "Theta Rhythm",
        "Feature extraction",
        "Hardware",
        "Wearable Devices",
        "Meditation States",
        "Brain States",
        "Frequency-domain analysis",
        "Electroencephalographic Signals",
        "Artifact Subspace",
        "Multichannel Detector",
        "Multi-channel EEG",
        "Mind Wandering"
    ]
}