{
    "Title": "Performance Analysis and Classification of Class Imbalanced Dataset Using Complement Naive Bayes Approach",
    "Authors": [
        "Bhaskar Marapelli",
        "Sreedevi Kadiyala",
        "Chandra Srinivas Potluri"
    ],
    "Date": "2023-04-03",
    "Institution": [
        "Werabe University",
        "KL Deemed to be University",
        "Guru Nanak University"
    ],
    "City": [
        "Vijayawada",
        "Werabe",
        "Hyderabad"
    ],
    "Country": [
        "India",
        "Ethiopia"
    ],
    "Keywords": [
        "Naive Bayes methods",
        "complement naive bayes",
        "Fast Speed",
        "naïve bayes",
        "Imbalanced Data",
        "Class Values",
        "Inherent Issues",
        "Time In Seconds",
        "Naive Method",
        "Lowest Class",
        "Engineering profession",
        "Training",
        "Low Memory",
        "Overview Of Methodology",
        "Bayesian Classifier",
        "Support Vector Machine",
        "Imbalanced Datasets",
        "attributes",
        "Performance analysis",
        "Balanced Dataset",
        "Hadoop",
        "Class Probabilities",
        "Market research",
        "Big Data",
        "Training Examples",
        "Data Mining Technology",
        "Memory Space",
        "Inherent",
        "Classification Performance",
        "Failure Model",
        "Probabilistic Model",
        "Training Dataset",
        "Positive Class",
        "Working Model",
        "Working Time",
        "Imbalanced Dataset",
        "Classification Datasets",
        "Libraries",
        "class",
        "Computational modeling",
        "Learning Algorithms"
    ]
}