{
    "Title": "Research on pedestrian target trajectory detection of mobile robot in a complex scene",
    "Authors": [
        "Guannan Li",
        "Qi Yang",
        "Jiaping Tian",
        "Qianqian Ma"
    ],
    "Date": "2023-04-07",
    "Institution": [
        "Shenyang Ligong University"
    ],
    "City": [
        "Shenyang"
    ],
    "Country": [
        "China"
    ],
    "Keywords": [
        "Target Tracking",
        "Candidate Boxes",
        "Pedestrian Trajectory",
        "Kalman Gain",
        "Target tracking",
        "Object detection",
        "Real-time systems",
        "Function Prediction",
        "target tracking",
        "Kalman Filter",
        "Feature Extraction Network",
        "Detection Accuracy",
        "Benchmark Networks",
        "Mahalanobis distance",
        "Appearance Features",
        "Decline In Accuracy",
        "Roads",
        "YOLOV5",
        "Target recognition",
        "Pedestrian Detection",
        "Target Pedestrian",
        "Path Tracking",
        "complex scene",
        "Legged locomotion",
        "Input Terminals",
        "Target Detection Algorithm",
        "mobile robot",
        "Kalman filter",
        "Trajectory Prediction",
        "Target Features",
        "Prediction algorithms",
        "Sorting Algorithm",
        "Target State",
        "deepsort algorithm",
        "Estimated Values"
    ]
}