{
    "Title": "Autonomic Nervous System Recovery After Various Exercises in Highly Trained Athletes",
    "Authors": [
        "Lucie Saclova",
        "Andrea Nemcova",
        "Jiri Sacl",
        "Marina Ronzhina",
        "Radovan Smisek",
        "Lukas Smital",
        "Martin Vitek"
    ],
    "Date": "2023-04-03",
    "Institution": [
        "The Czech Academy of Sciences",
        "Brno University of Technology",
        "College of Polytechnics Jihlava"
    ],
    "City": [
        "Brno",
        "Jihlava"
    ],
    "Country": [
        "Czech Republic"
    ],
    "Keywords": [
        "Statistical analysis",
        "Organisms",
        "Different Types Of Activities",
        "Cardiology",
        "Feature Values",
        "Heart Rate Variability",
        "Types Of Activities",
        "Autonomic nervous system",
        "Parasympathetic",
        "Athletes",
        "Autonomic Nervous System Responses",
        "Heart Rate Variability Analysis",
        "Plyometric Training",
        "Training",
        "Different Types Of Responses",
        "Impact Of Different Types",
        "Frequency-domain analysis",
        "Low-intensity Training",
        "Statistical Significance",
        "High-intensity Interval Training",
        "Electrocardiography",
        "Autonomic Nervous System Recovery",
        "Sympathetic System",
        "Autonomic Nervous System"
    ]
}