{
    "Title": "Manual and Automated Web-based Testing of the NPTEL Portal",
    "Authors": [
        "Durga Shree N",
        "Steve Mathew D A",
        "Gitanjali J"
    ],
    "Date": "2023-04-03",
    "Institution": [
        "Vellore Institute of Technology"
    ],
    "City": [
        "Vellore"
    ],
    "Country": [
        "India"
    ],
    "Keywords": [
        "Software Testing",
        "selenium",
        "Institutions In Countries",
        "Test Performance",
        "NPTEL",
        "Logic gates",
        "Testing Tools",
        "Web-based Testing",
        "black-box testing",
        "Navigation",
        "Manuals",
        "E-learning",
        "Computer bugs",
        "Software testing",
        "performance testing",
        "Closed box",
        "Source coding",
        "white-box testing",
        "Web Application"
    ]
}