{
    "Title": "Impact of anxiety on students' behavioural intention to use business simulation games",
    "Authors": [
        "Fazlyn Petersen"
    ],
    "Date": "2023-04-03",
    "Institution": [
        "University of the Western Cape"
    ],
    "City": [
        "Bellville"
    ],
    "Country": [
        "South Africa"
    ],
    "Keywords": [
        "Business Simulation Games",
        "Composite Reliability",
        "Sustainable Development Goals",
        "Business",
        "Unified Theory of Acceptance and Use of Technology (UTAUT) model",
        "Games",
        "Partial Least",
        "Influence Of Anxiety",
        "Heterotrait-monotrait Ratio",
        "Limited Experience",
        "anxiety",
        "Simulation Games",
        "Construct Validity",
        "Large Class",
        "Online Survey",
        "Creativity",
        "Business simulation games (BSGs)",
        "Technology Acceptance",
        "Structural Equation Modeling",
        "Statistics",
        "Average Variance Extracted Values",
        "Training",
        "Sociology",
        "Debriefing",
        "Cronbach’s Alpha",
        "Impact Of Anxiety",
        "Anxiety disorders",
        "Business Simulation",
        "Training Videos",
        "Steep Learning Curve",
        "students' behavioural intention",
        "Mathematical models",
        "Critical Thinking",
        "Unified Theory Of Acceptance",
        "Partial Least Squares",
        "Path Coefficients",
        "Quality Of Education",
        "Research Model",
        "Discriminant Validity",
        "Effort Expectancy",
        "Behavioral Intention"
    ]
}