{
    "Title": "Gravito-turbulence in local disc simulations with an adaptive moving mesh",
    "Authors": [
        "Oliver Zier",
        "Volker Springel"
    ],
    "Date": null,
    "Institution": [
        "Karl-Schwarzschild-Straße 1"
    ],
    "City": [
        "D-85741 Garching"
    ],
    "Country": [
        "Germany; ozier@mpa-garching.mpg.de",
        "Germany"
    ],
    "Keywords": [
        "instabilities",
        "turbulence",
        "hydrodynamics",
        "gravitation",
        "methods: numerical"
    ]
}