{
    "Title": "Feedforward Control of Grid-Tied Inverters for Harmonic Elimination using MSRF PLL",
    "Authors": [
        "Amrutha K Haridas",
        "Krishna Vasudevan"
    ],
    "Date": "2023-03-30",
    "Institution": [
        "IIT Madras"
    ],
    "City": [
        "Chennai"
    ],
    "Country": [
        "India"
    ],
    "Keywords": [
        "Inverter Current",
        "Harmonic analysis",
        "Formal Approach",
        "Control Loop",
        "Inverter Voltage",
        "Harmonic Distortion",
        "Inverter Output",
        "Phase locked loops",
        "Power system harmonics",
        "Harmonic Components",
        "MSRF PLL",
        "Reference Frame",
        "Three-Loop-Control (TLC)",
        "Equivalent Circuit Model",
        "Grid Current",
        "Compensation Control",
        "Feedforward Control",
        "Equivalent Circuit",
        "Inverter Output Voltage",
        "Power Quality",
        "Grid-tied Inverter",
        "Harmonic distortion",
        "Harmonic elimination",
        "Frequency Components",
        "Feedforward systems",
        "Angle Estimation",
        "Current Harmonics",
        "Inverters",
        "Grid Voltage",
        "Harmonic Frequencies",
        "Grid-Tied Inverters",
        "PI Controller",
        "Synchronous Frame",
        "Present Approach",
        "Filter Capacitor",
        "Mathematical models",
        "Control Strategy",
        "Low-pass",
        "Distributed Energy Resources",
        "Voltage Compensation",
        "Grid Impedance"
    ]
}