{
    "Title": "High Speed Directly Modulated 1.3 μm InGaAlAs/InP MQW DFB Laser",
    "Authors": [
        "Zhu Xuyuan",
        "Guo Jing",
        "Li Zhenyu",
        "Zhao Lingjuan",
        "Wang Wei",
        "Liang Song"
    ],
    "Date": "2023-04-10",
    "Institution": [
        "University of Chinese Academy of Sciences",
        "Beijing Key Laboratory of Low Dimensional Semiconductor Materials and Devices",
        "Chinese Academy of Sciences"
    ],
    "City": [
        "Beijing"
    ],
    "Country": [
        "China"
    ],
    "Keywords": [
        "Bandwidth",
        "Network Bandwidth",
        "Semiconductor laser",
        "Heating systems",
        "1.3 μm band",
        "Modulation",
        "Distributed Feedback Laser",
        "Lasers",
        "Cavity Length",
        "Asia",
        "Distributed Bragg Reflector",
        "InGaAlAs/InP multi-quantum wells",
        "Direct Modulation",
        "Quantum well devices",
        "Distributed Bragg reflectors",
        "Multi-quantum Wells",
        "Small Modifications",
        "Distributed Feedback",
        "Optical Power",
        "Μm Wavelength",
        "high speed direct modulation"
    ]
}