{
    "Title": "Estimation of Electrical Load Reliability for Refrigeration using Photovoltaic System",
    "Authors": [
        "Ararso Taye Waktola",
        "Balachandra Pattanaik"
    ],
    "Date": "2023-04-03",
    "Institution": [
        "Department of Electrical and Computer Engineering"
    ],
    "City": [
        "Wollega University"
    ],
    "Country": [
        "Ethiopia"
    ],
    "Keywords": [
        "Photovoltaic Panels",
        "Inverters",
        "Solar Energy",
        "Solar System",
        "Batteries",
        "Power System",
        "Solar photovoltaic",
        "module",
        "Solar Photovoltaic",
        "Daily Range",
        "Distribution Grid",
        "Photovoltaic Modules",
        "Cloudy Days",
        "Meaningful Way",
        "DC Voltage",
        "Power system reliability",
        "Secondary Cell",
        "Reliability engineering",
        "Photovoltaic System",
        "Day Of Surgery",
        "Irradiation",
        "Average Radiation",
        "Electrical Load",
        "Solar Photovoltaic System",
        "Daily Duration",
        "Sunlight",
        "Solar Cells",
        "Blessing",
        "Solar Panels",
        "Discharge Volume",
        "Boost Converter",
        "Conversion Efficiency",
        "converter",
        "Absorption",
        "Nighttime",
        "Photovoltaic systems",
        "Photovoltaic Power",
        "inverter",
        "Photovoltaic Energy",
        "Estimation",
        "Photovoltaic Inverter",
        "Refrigeration System"
    ]
}