{
    "Title": "Experimental Setup for Testing Low Energy Harvesting Devices Based on Lead-Free NBT-BT-PVDF Composite Flexible Films",
    "Authors": [
        "Željko V. Despotović",
        "Mirjana Vijatović Petrović",
        "Jelena Bobić",
        "Adis Džunuzović",
        "Elisa Mercadelli"
    ],
    "Date": "2023-04-11",
    "Institution": [
        "University of Belgrade",
        "Institute of Science and Technology for Ceramics",
        "Institute for Multidisciplinary Research"
    ],
    "City": [
        "Belgrade",
        "Faenza"
    ],
    "Country": [
        "Italy",
        "Serbia"
    ],
    "Keywords": [
        "Flexible Films",
        "Low Harvest",
        "Excitation Conditions",
        "Sample Thickness",
        "Force",
        "Mechanical Energy",
        "Energy Harvesting",
        "Energy harvesting",
        "Low Resistance",
        "Output Power",
        "excitation force",
        "Simulation Results",
        "Voltage measurement",
        "electronics",
        "Energy Harvesting Devices",
        "Electrical Energy",
        "PVDF",
        "Comparative Simulation",
        "Vibrations",
        "energy harvesting; NBT-BT",
        "Energy Harvesting Technology",
        "Voltage",
        "pulse voltage",
        "Thickness Direction",
        "Energy Generation",
        "Force Amplitude",
        "Research Papers",
        "Piezoelectric Materials",
        "Impact Of Type",
        "Dielectric Loss Factor",
        "measuring",
        "Polymers",
        "Energy Storage Devices",
        "Lead",
        "Polymer Matrix",
        "Present Simulation Results",
        "Excitation Force",
        "Coaxial Cable",
        "Force Impulse",
        "Impact Force",
        "Experimental Setup"
    ]
}