{
    "Title": "Estimating Inharmonic Signals with Optimal Transport Priors",
    "Authors": [
        "Filip Elvander"
    ],
    "Date": "2023-05-05",
    "Institution": [
        "Dept. of Information and Communications Engineering"
    ],
    "City": [
        "Aalto University"
    ],
    "Country": [
        "Finland"
    ],
    "Keywords": [
        "Harmonic analysis",
        "Signal processing",
        "Set Of Spectra",
        "Smooth Path",
        "Inharmonicity",
        "Deterministic",
        "Cramer-Rao Lower Bound",
        "Maximum likelihood estimation",
        "String Instruments",
        "Harmonic Spectrum",
        "Frequency estimation",
        "Spectral Representation",
        "Speech processing",
        "Dirac Delta",
        "Acoustics",
        "Optimal Transport",
        "Spectral Distance",
        "optimal mass transport",
        "Regularization Parameter",
        "Sinusoidal Components",
        "Fundamental Frequency",
        "Maximum Likelihood Estimation",
        "Estimation Performance",
        "spectral estimation",
        "frequency estimation"
    ]
}