{
    "Title": "Streaming Analytics for Shipment Monitoring System",
    "Authors": [
        "B R Prakash",
        "K V Nagaraja",
        "H P Mohan Kumar"
    ],
    "Date": "2023-04-13",
    "Institution": [
        "PES College of Engineering",
        "Tiptur"
    ],
    "City": [
        "Tumkur Dist",
        "Mandya"
    ],
    "Country": [
        "India"
    ],
    "Keywords": [
        "High-level Architecture",
        "Machine learning",
        "Priming Effect",
        "Bigdata",
        "Logistics",
        "Real-time systems",
        "Target tracking",
        "Streaming analytics",
        "Stream Analysis",
        "Number Of Data Sources",
        "Architectural Design",
        "Core Layer",
        "Data Streams",
        "Fraud",
        "Location Tracking",
        "Shipments",
        "Delays",
        "Activity Time",
        "Business Logic",
        "Fraud Detection",
        "Big Data",
        "Logistics Providers",
        "Soft sensors",
        "Industries",
        "E-commerce",
        "Potential Delays",
        "Monitoring System"
    ]
}