{
    "Title": "Entrepreneurial traits, resource bricolage, and entrepreneurial opportunity identification: a grounded theory approach",
    "Authors": [
        "Wenli Chen",
        "Wenshuang Wan"
    ],
    "Date": "2023-04-07",
    "Institution": [
        "Dhurakij Pundit University; Dongguan City University"
    ],
    "City": [
        "Bangkok"
    ],
    "Country": [
        "Thailand"
    ],
    "Keywords": [
        "Internal Environment",
        "Interview Recordings",
        "Theoretical Saturation",
        "Identification Of Opportunities",
        "Competitive Environment",
        "Risk Aversion",
        "entrepreneurial opportunity identification",
        "Core Category",
        "Entrepreneurial Traits",
        "Companies",
        "Use Of Resources",
        "Entrepreneurial Activity",
        "Analytical models",
        "Entrepreneurial Opportunities",
        "Interview Data",
        "Uncertainty",
        "Data models",
        "Grounded Theory",
        "Entrepreneurship",
        "Industry Marketing",
        "Grounded Theory Approach",
        "resource bricolage",
        "Saturation Test",
        "Principle Of Saturation",
        "Resource Bricolage",
        "Internal Ability",
        "Entrepreneurial Opportunity Identification",
        "entrepreneurial traits",
        "Grasping",
        "Industries",
        "Environmental Uncertainty",
        "Competitive Advantage",
        "Positive Influence",
        "Problem In Industry",
        "In-depth Interviews",
        "Achievement Motivation",
        "Open-source Software",
        "External Environment",
        "Market Forecasting"
    ]
}