{
    "Title": "Activity Provenance for Rights and Usage Control in Collaborative MR using Blockchain",
    "Authors": [
        "Muhammad Shoaib Siddiqui"
    ],
    "Date": "2023-04-11",
    "Institution": [
        "Islamic University of Madinah"
    ],
    "City": [
        "Madinah"
    ],
    "Country": [
        "Kingdom of Saudi Arabia"
    ],
    "Keywords": [
        "Authentication",
        "Smart Contracts",
        "Collaborative Mixed Reality",
        "Access Control",
        "Distributed ledger",
        "Collaborative Environment",
        "User Nodes",
        "Mixed Reality",
        "Subscription Fee",
        "Permission",
        "Shared Object",
        "Unauthorized Users",
        "Shared Space",
        "virtual reality",
        "Virtual World",
        "Immersive Experience",
        "Block Size",
        "Virtual Objects",
        "Private Blockchain",
        "usage and rights control",
        "Throughput",
        "Private Space",
        "Control System",
        "Threat Model",
        "Certificate Authority",
        "Public Blockchain",
        "blockchain",
        "Distributed Ledger",
        "Mixed reality",
        "Virtual reality",
        "Active Users",
        "collaborative MR",
        "Measurement",
        "Collaboration",
        "System Usability",
        "Hyperledger Fabric",
        "Access Rights",
        "Service Providers"
    ]
}