{
    "Title": "Exploration Into Translation-Equivariant Image Quantization",
    "Authors": [
        "Woncheol Shin",
        "Gyubok Lee",
        "Jiyoung Lee",
        "Eunyi Lyou",
        "Joonseok Lee",
        "Edward Choi"
    ],
    "Date": "2023-05-05",
    "Institution": [
        "Kaist",
        "Mountain View",
        "Seoul National University"
    ],
    "City": [
        "Daejeon",
        "Seoul",
        "California"
    ],
    "Country": [
        "South Korea",
        "USA"
    ],
    "Keywords": [
        "Vector quantization",
        "Feature Maps",
        "Aerospace electronics",
        "Latent Space",
        "Sample Efficiency",
        "Image Quantization",
        "Translation Operators",
        "Stage 2",
        "Quantum",
        "Translation Invariance",
        "Global Average Pooling",
        "Training Set",
        "Rainbow",
        "Translation Equivariance",
        "Max-pooling",
        "Task analysis",
        "Text-Image Generation",
        "Training",
        "Transformer",
        "Aliasing",
        "Convolutional Neural Network",
        "Perceptual Loss",
        "Embedding Vectors",
        "Low-pass",
        "Acoustics",
        "Vector Quantization",
        "Sampling Efficiency",
        "Focusing",
        "Speech processing"
    ]
}