{
    "Title": "Survey on Autonomous Medical Diagnosis Tools",
    "Authors": [
        "Akiladevi R",
        "Shrijeeth S",
        "Saathvik Krishnan",
        "Rohit M"
    ],
    "Date": "2023-04-20",
    "Institution": [
        "Rajalakshmi Engineering College"
    ],
    "City": [
        "Chennai"
    ],
    "Country": [
        "Tamil Nadu"
    ],
    "Keywords": [
        "Machine learning",
        "Computed Tomography",
        "Chest X-ray",
        "Computer-aided Diagnosis",
        "Lung",
        "Real-time systems",
        "Transfer Learning",
        "History",
        "AI Systems",
        "Accurate Diagnosis",
        "Machine Learning Models",
        "Magnetic Resonance Imaging",
        "Healthy Patients",
        "K-nearest Neighbor",
        "Bacterial Pneumonia",
        "User Data",
        "Binary Cross-entropy Loss",
        "Medical Information",
        "Support Vector Machine",
        "Tuberculosis",
        "Alzheimer’s Disease",
        "Machine Learning",
        "Autonomic System",
        "Limitation Of This Work",
        "Cloud Computing",
        "Learning (artificial intelligence)",
        "Learning Models",
        "Medical Systems",
        "Artificial Intelligence",
        "Decision Support System",
        "Medical Reports",
        "Prediction Module",
        "Multilayer Perceptron",
        "Deep Learning Models",
        "Hospitals",
        "Diagnostic Methods",
        "Artificial intelligence",
        "Overview Of Recent Developments",
        "Medical diagnosis"
    ]
}