{
    "Title": "Arduino Uno Based Swarm Intelligence Robots",
    "Authors": [
        "Raghu N",
        "Shriram S",
        "Ashok Kumar S"
    ],
    "Date": "2023-04-10",
    "Institution": [
        "Jain (Deemed -To-Be-University)"
    ],
    "City": [
        "Kanakapura",
        "Kranakapura"
    ],
    "Country": [
        "India"
    ],
    "Keywords": [
        "Service robots",
        "IR Light",
        "Swarm Robotics",
        "Swarm Intelligence",
        "Greater Robustness",
        "Robot kinematics",
        "Intelligent Systems",
        "Navigation",
        "Infrared Imaging",
        "Signal Strength",
        "Arduino UNO",
        "Robotic Group",
        "Chatbots",
        "Carrier Frequency",
        "Stepper Motor",
        "Industries",
        "Swarm robotics",
        "Energy resolution",
        "Arduino",
        "DC Motor"
    ]
}