{
    "Title": "Reconstructing orbits of galaxies in extreme regions (ROGER) III: Galaxy evolution patterns in projected phase space around massive X-ray clusters",
    "Authors": [
        "Héctor J Martínez",
        "Valeria Coenda",
        "Hernán Muriel",
        "Martín de los Rios",
        "Andrés N Ruiz"
    ],
    "Date": null,
    "Institution": [
        "Laprida 854",
        "Cantoblanco"
    ],
    "City": [
        "X5000BGR Córdoba",
        "E-28049 Madrid"
    ],
    "Country": [
        "Spain",
        "Argentina; hjmartinez@unc.edu.ar",
        "Argentina"
    ],
    "Keywords": [
        "galaxies: kinematics and dynamics",
        "galaxies: fundamental parameters",
        "galaxies: statistics",
        "galaxies: clusters: general",
        "galaxies: evolution"
    ]
}