{
    "Title": "Influence of Shadow Mask on PV Arrays and Maximum Power Point Tracing",
    "Authors": [
        "HAN Xiaoli",
        "YIN Xiaogang",
        "Liu Hongguang",
        "Wang Yikui"
    ],
    "Date": "2023-04-14",
    "Institution": [
        "State Grid Zibo power supply company State Grid Corporation of China"
    ],
    "City": [
        "Zibo"
    ],
    "Country": [
        "China"
    ],
    "Keywords": [
        "Computer science",
        "Solar Energy",
        "Saturation Current",
        "Simulation Model",
        "Reduce Pollution Emissions",
        "Dc Capacitor",
        "Photovoltaic systems",
        "Voltage",
        "Power Point Tracking",
        "Photovoltaic Power",
        "Short-circuit Current",
        "Battery Temperature",
        "Photovoltaic Power Generation",
        "Information technology",
        "Maximum Power Point",
        "Solar Cells",
        "Parallel Stacking",
        "Output Power",
        "PSCAD",
        "Maximum Power",
        "Maximum Output Power",
        "Output Current",
        "Photovoltaic System",
        "MPPT",
        "Maximum Power Point Tracking",
        "Software",
        "Open-circuit Voltage",
        "Shadow Masking",
        "Conductance Incremental Method",
        "Light Intensity",
        "Reference Temperature",
        "Computational modeling",
        "Maximum Point",
        "PV Array"
    ]
}