{
    "Title": "Health Index prediction using Artificial Neural Network (ANN) on Historical Data of Power Transformer",
    "Authors": [
        "Gemelfour Ardiatus Sudrajad",
        "Suwarno Suwarno",
        "Rahman Azis Prasojo"
    ],
    "Date": "2023-04-10",
    "Institution": [
        "Politeknik Negeri Malang",
        "Bandung Institute of Technology"
    ],
    "City": [
        "Bandung",
        "Malang"
    ],
    "Country": [
        "Indonesia"
    ],
    "Keywords": [
        "Health Index",
        "Artificial Neural Network Method",
        "Prediction methods",
        "Power System",
        "Training Data",
        "Social Loss",
        "Input Parameters",
        "Historical Dataset",
        "Dissolved Gas",
        "Random Forest",
        "Prediction algorithms",
        "Maintenance engineering",
        "Artificial Intelligence",
        "Prediction Accuracy",
        "Machine Learning Models",
        "Power system reliability",
        "Transformer Oil",
        "Expected life transformer",
        "Power Outages",
        "Costs",
        "Artificial Neural Network",
        "and Artificial Neural Network",
        "Insulator State",
        "Hidden Layer",
        "Oil insulation",
        "Electric Power System",
        "Power transformer",
        "Historical Model",
        "Expert Judgment",
        "Asset Management",
        "Artificial neural networks",
        "Health Indicators",
        "Artificial Intelligence Algorithms",
        "Support Vector Machine",
        "Field Of Assessment",
        "Electric Power",
        "Calculation Of Index",
        "Machine Learning",
        "Artificial Neural Network Prediction",
        "Output Parameters",
        "Transformative Power"
    ]
}