{
    "Title": "AD-YOLO: You Look Only Once in Training Multiple Sound Event Localization and Detection",
    "Authors": [
        "Jin Sob Kim",
        "Hyun Joon Park",
        "Wooseok Shin",
        "Sung Won Han"
    ],
    "Date": "2023-05-05",
    "Institution": [
        "Korea University"
    ],
    "City": [
        "Seoul"
    ],
    "Country": [
        "Republic of Korea"
    ],
    "Keywords": [
        "Signal processing",
        "Spherical Surface",
        "Binary Cross Entropy",
        "Target tracking",
        "angular distance",
        "Non-maximum Suppression",
        "Direction Of Arrival",
        "Angular Distance",
        "Training",
        "Acoustic Features",
        "Location awareness",
        "Latent Space",
        "polyphony environment",
        "Event Classification",
        "Event Detection",
        "Sound Event Detection",
        "Sound Effects",
        "Output Format",
        "Sound Localization",
        "Number Of Tracks",
        "sound event localization and detection",
        "Adaptation models",
        "Direction-of-arrival estimation",
        "Signal processing algorithms",
        "Sound Detection",
        "you only look once"
    ]
}