{
    "Title": "0.7-6 GHz Programable Gain Push-Pull Driver PA Based on Dual-Loop Biases",
    "Authors": [
        "Minghao Jiang",
        "Chenyang Han",
        "Weibo Li",
        "Jiangfeng Wu",
        "Yongzhen Chen"
    ],
    "Date": "2023-04-11",
    "Institution": [
        "Tongji University"
    ],
    "City": [
        "Shanghai"
    ],
    "Country": [
        "China"
    ],
    "Keywords": [
        "Transmitters",
        "Push–pull Power Amplifier",
        "Phase Margin",
        "Dynamic range",
        "CMOS Technology",
        "Transconductance",
        "Replica",
        "Prototypes",
        "Dynamic Range",
        "Gain Settings",
        "third harmonic distortion (HD3)",
        "High Linearity",
        "Power Consumption",
        "Gain Range",
        "Output Power",
        "Voltage Swing",
        "Sub-6 GHz",
        "Negative Differential Resistance",
        "driver power amplifier",
        "Transconductors",
        "dB Steps",
        "Topology",
        "broadband",
        "Supply Voltage",
        "Temperature control",
        "programable gain",
        "linearity",
        "Reliability",
        "Gain Control",
        "Power Amplifier",
        "Adaptive Bias"
    ]
}