{
    "Title": "Making Synchrosqueezing Locally Adaptive in The Time-Frequency Plane",
    "Authors": [
        "Marcelo A. Colominas",
        "Sylvain Meignen"
    ],
    "Date": "2023-05-05",
    "Institution": [
        "Institute for Research and Development in Bioengineering and Bioinformatics (IBB)",
        "Jean Kuntzmann Laboratory"
    ],
    "City": [
        "CONICET",
        "University Grenoble Alpes and CNRS"
    ],
    "Country": [
        "Argentina",
        "France"
    ],
    "Keywords": [
        "Earth Mover’s Distance",
        "multicomponent signals",
        "Rényi Entropy",
        "Synchrosqueezing transforms",
        "Discrete-time",
        "Proposals",
        "nonstationary signals",
        "Order Polynomial",
        "Greedy algorithms",
        "Transforms",
        "Speech processing",
        "Signal processing",
        "Instantaneous Frequency",
        "time-frequency",
        "Acoustics",
        "Synthetic Signals",
        "Multicomponent Signal",
        "Short-time Fourier Transform",
        "Time-frequency analysis"
    ]
}