{
    "Title": "A Marker-based AR System on Image Shadowing for Tourists",
    "Authors": [
        "Bipin Bihari Jaya Singh",
        "Siddhartha Malladi",
        "Goli Suryachaitanya",
        "Alwala Dheeraj"
    ],
    "Date": "2023-04-19",
    "Institution": [
        "CVR College of Engineering"
    ],
    "City": [
        "Hyderabad"
    ],
    "Country": [
        "India"
    ],
    "Keywords": [
        "Smartphone",
        "Augmented Reality Applications",
        "MIMICs",
        "Tourist Attractions",
        "Tracking",
        "Mixed Reality",
        "Video Observation",
        "Field Of View",
        "ARCore",
        "User Engagement",
        "Mobile Devices",
        "Mobile Camera",
        "Cloud Database",
        "Augmented Reality System",
        "Manuals",
        "Digital Technologies",
        "Video anchor",
        "Virtual object",
        "Performance evaluation",
        "augmented scene",
        "Tourism Areas",
        "Communication Problems",
        "Rendering (computer graphics)",
        "Marker-based Augmented reality",
        "Estimation",
        "Virtual Objects",
        "Mobile devices",
        "Memory management"
    ]
}