{
    "Title": "Real-time classification of handball game situations",
    "Authors": [
        "Bruno Cabado",
        "Bertha Guijarro-Berdiñas",
        "Emilio J. Padrón"
    ],
    "Date": "2023-04-18",
    "Institution": [
        "University of A Coruña"
    ],
    "City": [
        "A Coruña"
    ],
    "Country": [
        "Spain"
    ],
    "Keywords": [
        "real time",
        "Graphics processing units",
        "Player Position",
        "Single Image",
        "Deep Learning",
        "Production",
        "Pipelines",
        "Dense Layer",
        "GPU Acceleration",
        "image classification",
        "Games",
        "Sporting Events",
        "Broadcasting",
        "Real-time systems",
        "Convolutional Network",
        "sports event broadcasting",
        "AlexNet",
        "Image Classification",
        "Local Area",
        "Dense Block",
        "machine learning",
        "Synthetic Images",
        "synthetic images",
        "Deep Neural Network",
        "Fewer Parameters",
        "Consecutive Frames",
        "Specific Players",
        "Convolutional Neural Network",
        "Deep learning",
        "Object Detection",
        "Blocking Layer",
        "Neural Network",
        "Game Conditions"
    ]
}