{
    "Title": "Alternating Hybrid Beamforming Design using GMD Decomposition for mmWave MIMO-OFDM Systems",
    "Authors": [
        "Baghdad Hadji",
        "Abdeldjalil Aïssa-El-Bey",
        "Lamya Fergani",
        "Mustapha Djeddou"
    ],
    "Date": "2023-04-17",
    "Institution": [
        "El Harrach",
        "IMT Atlantique",
        "University of Science and Technology Houari Boumediene"
    ],
    "City": [
        "Brest",
        "Algiers"
    ],
    "Country": [
        "Algeria",
        "France"
    ],
    "Keywords": [
        "wideband channels",
        "Orthogonal Frequency Division Multiplexing",
        "Wireless communication",
        "Elevation Angle",
        "Complex Gaussian Distribution",
        "Uniform Distribution",
        "Orthogonal Matching Pursuit",
        "Mm-wave Frequencies",
        "Power Allocation Scheme",
        "Nonzero Singular Values",
        "Spectral efficiency",
        "hybrid pre- coder/combiner design",
        "Singular Value",
        "High Communication",
        "Radio Frequency Chains",
        "Number Of Chains",
        "Millimeter wave communication",
        "mmWave Channel",
        "Geometric Mean",
        "Channel Matrix",
        "Optimal Combination",
        "Allocation Scheme",
        "Frequency Selectivity",
        "Resource management",
        "Spectral Efficiency",
        "Complexity theory",
        "Matrix Factorization",
        "Hybrid Architecture",
        "MmWave MIMO OFDM system",
        "geometric mean decomposition",
        "Signal-to-noise",
        "Singular Value Decomposition",
        "Simulation",
        "mmWave Signals",
        "Antenna Array",
        "OFDM",
        "Wave Communication",
        "Millimeter Wave Communication",
        "Power Amplifier",
        "mmWave MIMO-OFDM Systems",
        "Orthogonal Matching Pursuit Algorithm",
        "MO-AltMin algorithm"
    ]
}