{
    "Title": "Sampling Order-Limited Signals on the Sphere",
    "Authors": [
        "Muhammad Salaar Arif Khan",
        "Salman Nadeem",
        "Zubair Khalid"
    ],
    "Date": "2023-05-05",
    "Institution": [
        "Lahore University of Management Sciences"
    ],
    "City": [
        "Lahore"
    ],
    "Country": [
        "Pakistan"
    ],
    "Keywords": [
        "Harmonic analysis",
        "Gaussian Quadrature",
        "Symmetric Signal",
        "Computational Accuracy",
        "azimuthally symmetric",
        "order-limited",
        "Wireless",
        "Antenna theory",
        "Square Integrable",
        "Rotational Symmetry",
        "band-limited",
        "spherical harmonic transform",
        "Numerous Complex",
        "Spectral Domain",
        "Radiation Pattern",
        "Spherical Harmonics",
        "Spatial Dimensions",
        "Signal Reconstruction",
        "Computational complexity",
        "spherical harmonics",
        "Geophysical",
        "Spatial Domain",
        "Spherical Harmonic Coefficients",
        "Temperature distribution",
        "Spherical Coefficients",
        "Signal reconstruction",
        "Antenna Radiation Pattern",
        "Spectral Coefficients",
        "Sampling Method",
        "Sampling",
        "Numerical Accuracy",
        "Sampling methods",
        "Transforms",
        "Computational Complexity",
        "Harmonic Coefficients"
    ]
}