{
    "Title": "Development of an Earthworm-Type Electrical Wire Installation Assistance Robot Using Artificial Muscles",
    "Authors": [
        "F. Ito",
        "I. Horiuchi",
        "K. Tsuru",
        "T. Nakamura"
    ],
    "Date": null,
    "Institution": [
        "Chuo University"
    ],
    "City": [
        "Tokyo"
    ],
    "Country": [
        "Japan"
    ],
    "Keywords": [
        "Wiring",
        "Earthworms",
        "Speed Of The Robot",
        "Robots",
        "Field Experiments",
        "Open Group",
        "Muscle Length",
        "Robot Configuration",
        "soft robot applications",
        "Supply Pressure",
        "Force",
        "Compressor",
        "Laboratory Experiments",
        "Axial Direction",
        "Installation Time",
        "Dark Place",
        "Robot Operating",
        "Characteristics Of Units",
        "Artificial Muscles",
        "Experimental Operation",
        "Atmospheric Pressure",
        "Electric variables measurement",
        "Average Speed",
        "Robot Model",
        "hydraulic/pneumatic actuators",
        "Maximum Tension",
        "Mobile robots",
        "Results Of Field Experiments",
        "Large Friction",
        "Electrical Wires",
        "Right Side Of Fig",
        "Wires",
        "Effects Of Robots",
        "field robots",
        "Robot Operating System",
        "Biomimetics",
        "Robotic Assistance",
        "Electrical Installations",
        "Inner Wall",
        "Pneumatic systems",
        "Decrease In Speed"
    ]
}