{
    "Title": "SENER: Sentiment Element Named Entity Recognition for Aspect-Based Sentiment Analysis",
    "Authors": [
        "Sun-Kyung Lee",
        "Jong-Hwan Kim"
    ],
    "Date": "2023-05-05",
    "Institution": [
        "KAIST"
    ],
    "City": [
        "Daejeon"
    ],
    "Country": [
        "Republic of Korea"
    ],
    "Keywords": [
        "Labeling",
        "Pre-trained Language Models",
        "Analytical models",
        "Paraphrase",
        "Training Set",
        "Conditional Probability",
        "Encoder-decoder",
        "Natural Language",
        "Input Sentence",
        "Sentiment analysis",
        "Sequence Labeling Problem",
        "F1 Score",
        "Signal processing",
        "Aspect-based Sentiment Analysis",
        "Semantic Information",
        "Named Entity Recognition",
        "Target Sentence",
        "Semantics",
        "Acoustics",
        "Speech recognition",
        "Sentiment Polarity"
    ]
}