{
    "Title": "A Depth-added Visual-Inertial Odometry Based on MEMS IMU with Fast Initialization",
    "Authors": [
        "Yuhan Zhang",
        "Haocheng Zhao",
        "Shuang Du",
        "Limin Yu",
        "Xinheng Wang"
    ],
    "Date": "2023-04-05",
    "Institution": [
        "Jiaotong-Liverpool University",
        "Suzhou Inteleizhen Intelligent Technology Co. Ltd",
        "Institute of Deep Perception Technology"
    ],
    "City": [
        "Wuxi",
        "Suzhou"
    ],
    "Country": [
        "China"
    ],
    "Keywords": [
        "Drift Error",
        "Cameras",
        "Allan Deviation",
        "World Coordinate",
        "Micro-electromechanical systems",
        "Visualization",
        "Time Of Initiation",
        "Feature Tracking",
        "Error Compensation",
        "Tracking",
        "Trajectory Estimation",
        "Analytical models",
        "Visual-inertial Odometry",
        "Feature Matching",
        "Depth Camera",
        "Simultaneous localization and mapping",
        "Stereo Camera",
        "trajectory estimation",
        "Coordinate System",
        "World Coordinate System",
        "Extrinsic Parameters",
        "White Noise",
        "Monocular",
        "Inertial Measurement Unit Data",
        "Robot Operating System",
        "Gyroscope",
        "Pose Estimation",
        "Simultaneous Localization And Mapping",
        "RGB-D camera",
        "Micromechanical devices",
        "Depth Information",
        "Random Walk Process",
        "Parallax",
        "Inertial Measurement Unit",
        "Indoor Environments",
        "visual-inertial odometry",
        "Estimation",
        "Gravity Vector",
        "Gaussian Noise"
    ]
}