{
    "Title": "Iterative Learning-Based Predictive Control Method for Electronic Grade Silicon Single Crystal Batch Process",
    "Authors": [
        "Yin Wan",
        "Ding Liu",
        "Jun-Chao Ren"
    ],
    "Date": null,
    "Institution": [
        "Xi’an University of Technology"
    ],
    "City": [
        "Xi’an"
    ],
    "Country": [
        "China"
    ],
    "Keywords": [
        "Batch production systems",
        "Crystals",
        "Integrated circuit modeling",
        "Production Process",
        "Model Predictive Control",
        "Control Method",
        "Iterative Learning",
        "State Observer",
        "System Disturbances",
        "Predictive Control",
        "Amount Of Control",
        "Heating Power",
        "Batch Production",
        "Electronic grade SSC growth process",
        "iterative learning control",
        "Industrial Production",
        "Thermal Temperature",
        "batch production process",
        "Single Batch",
        "Pulling Speed",
        "Dual Control",
        "Predictive models",
        "Batch Mode",
        "Prediction Model",
        "Industrial Production Processes",
        "Gaussian Noise",
        "Time Axis",
        "expanded state observer",
        "Feedback Control",
        "Predictive Control Method",
        "Effects Of Perturbations",
        "Output Control",
        "Silicon Crystal",
        "Silicon",
        "Control Strategy",
        "dual MPC control",
        "Single Batch Processing",
        "Production",
        "Error Range",
        "Predictive control",
        "Actual Production",
        "Direct Control"
    ]
}