{
    "Title": "Digital Ecosystem of Health Approach Practices for the Community of Manila City during Pandemic Crisis",
    "Authors": [
        "Janice A. Abellana",
        "Ephraimuel Jose L. Abellana"
    ],
    "Date": "2023-05-01",
    "Institution": [
        "School of Hospitality Management",
        "College of Computer Studies"
    ],
    "City": [
        "FEU Institute of Technology",
        "Philippine Women’s University"
    ],
    "Country": [
        "Philippines"
    ],
    "Keywords": [
        "Economics",
        "Compound Annual Growth Rate",
        "City Government",
        "Manila City",
        "Digital Ecosystem",
        "Health And Wellness",
        "Sustainable",
        "Health",
        "Influencing Health Status",
        "Digital Healthcare",
        "Sections Of The City",
        "Economic Progress",
        "Sociology",
        "Technological innovation",
        "Medical services",
        "Urban areas",
        "Small And Medium-sized Enterprises",
        "Well-being",
        "Ability Of Countries",
        "Pandemics",
        "Ecosystems",
        "Medium Enterprises",
        "Tech-ready"
    ]
}