{
    "Title": "Design of fuzzy controller for MPPT of solar photovoltaic system",
    "Authors": [
        "Sumithara Arunagirinathan",
        "Chitra Subramanian"
    ],
    "Date": "2023-04-19",
    "Institution": [
        "Government College of Technology"
    ],
    "City": [
        "Coimbatore"
    ],
    "Country": [
        "India"
    ],
    "Keywords": [
        "Security",
        "Photovoltaic systems",
        "Power Generation System",
        "Diode Current",
        "Fuzzy logic controller (FLC)",
        "Fuzzy logic",
        "Intelligent systems",
        "Artificial Neural Network",
        "Maximum Power Point",
        "Output Power",
        "Maximum Power",
        "Maximum Output Power",
        "Solar system",
        "P&O",
        "Photovoltaic System",
        "Electric Power",
        "MPPT",
        "Maximum Power Point Tracking",
        "Greenhouse Gas",
        "ANN",
        "I-V Curves",
        "Solar Photovoltaic",
        "Maximum Yield",
        "Artificial neural networks",
        "Solar System",
        "Solar Power",
        "Fuzzy Control",
        "Maximum power point trackers",
        "Solar photovoltaic system (SPV)",
        "Renewable Energy",
        "Electrical Energy"
    ]
}