{
    "Title": "Neural Network-based Prognostic Model for Cerebrovascular Accident using CT Scans",
    "Authors": [
        "M Fiona Mary",
        "M. Rajeswari",
        "M. Amalasweena"
    ],
    "Date": "2023-04-25",
    "Institution": [
        "Karunya Institute of Technology and Sciences",
        "R.M.D. Engineering College"
    ],
    "City": [
        "Kavaraipettai",
        "Coimbatore"
    ],
    "Country": [
        "India"
    ],
    "Keywords": [
        "Image Dataset",
        "Computed Tomography",
        "Brain Magnetic Resonance Imaging",
        "Predictor Of Stroke",
        "Traditional Machine Learning Algorithms",
        "Computed tomography",
        "Decision Tree",
        "Sensitivity and specificity",
        "Machine Learning Models",
        "Prognostic Model",
        "Training",
        "Greater Accuracy",
        "Support Vector Machine",
        "Efficient Algorithm",
        "Machine Learning Techniques",
        "Convolutional Neural Network",
        "Manuals",
        "Machine Learning",
        "Stroke (medical condition)",
        "Medical Imaging",
        "EfficientNet-B0",
        "Magnetic resonance imaging",
        "Confusion Matrix",
        "Convolutional Neural Network Model",
        "Neural Network",
        "Training Dataset",
        "Death In The World",
        "Hyperparameter Tuning",
        "Healthy Individuals",
        "Random Forest",
        "Computed Tomography Scan Images",
        "Support vector machine classification",
        "Learning Algorithms"
    ]
}