{
    "Title": "Fabrication of a Hydroelectric Generator with a Dual-Axis Fluid Flow Turbine Blade Design",
    "Authors": [
        "John P. Henry Ricamara",
        "Carl Wilfred D. Cabalce",
        "Alfonso Miguel C. Gaba",
        "Michael S. Mamuray",
        "Carlos Alberto T. Morcilla",
        "Ritchard Q. Dizon"
    ],
    "Date": "2023-05-01",
    "Institution": [
        "FEU Institute of Technology"
    ],
    "City": [
        "Manila"
    ],
    "Country": [
        "Philippines"
    ],
    "Keywords": [
        "Daily Rainfall",
        "Spillway",
        "3D Printing",
        "Rain",
        "waste-to-energy generation",
        "rainwater",
        "Blades",
        "Power Generation",
        "Wet Season",
        "DC motors",
        "Polylactic Acid",
        "Water Flow",
        "Energy Source",
        "Prototypes",
        "Aspects Of Everyday Life",
        "Voltage measurement",
        "Fluid Flow",
        "Energy Output",
        "hydroelectric generator",
        "Mechanical Energy",
        "High Yield",
        "Hydroelectric Generation",
        "Water Supply",
        "Turbine Blades",
        "Fluid Pressure",
        "dual-axis turbine",
        "Hydraulic turbines",
        "Production",
        "Blade Design",
        "DC Motor"
    ]
}