{
    "Title": "Learning Effect Evaluation of Online Course Based on Linear Regression Analysis",
    "Authors": [
        "Peijiang Chen",
        "Hu Han",
        "Mei Zhang"
    ],
    "Date": "2023-04-24",
    "Institution": [
        "Linyi University"
    ],
    "City": [
        "Linyi"
    ],
    "Country": [
        "China"
    ],
    "Keywords": [
        "Learning Progress",
        "Dependent Variable",
        "linear regression",
        "Learning Of Regularities",
        "Learning Process",
        "Real-time systems",
        "Effective Learning",
        "Linear Regression",
        "Time And Space",
        "Number Of Learners",
        "online courses",
        "Video Learning",
        "Learning Situations",
        "Academic Performance",
        "Correlation Analysis",
        "Analytical models",
        "Linear Regression Method",
        "Data models",
        "Regular Day",
        "Regression Equation",
        "Learning Factors",
        "Big Data",
        "Predictive models",
        "Multiple Linear Regression",
        "Evaluation Of Course",
        "Test Scores",
        "Era Of Research",
        "Learning Behavior",
        "Technological innovation",
        "correlation analysis",
        "Learning Performance",
        "Linear regression",
        "Regression Coefficients",
        "Linear Regression Analysis",
        "Online Courses",
        "Online Communities",
        "Unit Tests",
        "Linear Model",
        "learning effect",
        "Number Of Logins",
        "Education"
    ]
}