{
    "Title": "Accelerated Hot-Carrier Aging Based on Ultrafast Laser for CMOS Technologies",
    "Authors": [
        "Ricardo Ascázubi",
        "Bahar Ajdari",
        "Curtis Shirota"
    ],
    "Date": "2023-05-01",
    "Institution": [
        "Corporate Quality Network Intel Corp"
    ],
    "City": [
        "Hillsboro"
    ],
    "Country": [
        "USA"
    ],
    "Keywords": [
        "Photocurrent",
        "Indirect Energy",
        "Reverse Curve",
        "Normal Conditions",
        "Very large scale integration",
        "Lasers",
        "Two-photon Absorption",
        "Degradation",
        "Conduction Band",
        "Fiber Laser",
        "Nonlinear Process",
        "CMOS technology",
        "hot-carrier",
        "CMOS",
        "Irradiation",
        "Accelerated aging",
        "Circuits and systems",
        "Tight Focusing",
        "Optical Pulse",
        "TPA",
        "Hot carrier effects",
        "Optical Power",
        "Incident Laser Power",
        "ultrafast laser"
    ]
}