{
    "Title": "A Center-Fed SIW-Based Leaky-Wave Antenna With Wide-Scanning Angle for mmWave Applications",
    "Authors": [
        "Yaling Chen",
        "Long Zhang",
        "Yejun He",
        "Chunxu Mao",
        "Wenting Li"
    ],
    "Date": "2023-04-26",
    "Institution": [
        "College of Electronics and Information Engineering",
        "Institute for Communication Systems (ICS)"
    ],
    "City": [
        "University of Surrey",
        "Shenzhen University"
    ],
    "Country": [
        "China",
        "UK"
    ],
    "Keywords": [
        "Bandwidth",
        "Wide Scanning Angle",
        "Standard Waveguide",
        "Conferences",
        "Equal Amplitude",
        "magic-T",
        "Operating Frequency",
        "wide-scanning angle",
        "Scan Range",
        "Broadside Direction",
        "Output Ports",
        "Substrate Integrated Waveguide",
        "Propagation Constant",
        "Millimeter wave communication",
        "dual-beam antenna",
        "Microwave antennas",
        "Directive antennas",
        "Simulation Results",
        "Feeding Network",
        "Radio frequency",
        "Beam Scanning",
        "Leaky wave antennas",
        "Leaky-wave",
        "Feed Components",
        "Leaky-wave Antenna",
        "leaky-wave antenna"
    ]
}