{
    "Title": "Dirichlet Process Clustering-based Radio SLAM with Arbitrarily-Shaped Reflectors",
    "Authors": [
        "Jaebok Lee",
        "Hyowon Kim",
        "Henk Wymeersch",
        "Sunwoo Kim"
    ],
    "Date": "2023-04-26",
    "Institution": [
        "Hanyang University",
        "Department of Electrical Engineering"
    ],
    "City": [
        "Seoul",
        "Chalmers University of Technology"
    ],
    "Country": [
        "Sweden",
        "Korea"
    ],
    "Keywords": [
        "Location awareness",
        "5G mobile communication",
        "Channel Estimation",
        "Means Clustering",
        "5G millimeter wave",
        "Dirichlet Process",
        "Filtering algorithms",
        "Simulation",
        "vehicular networks",
        "Simultaneous localization and mapping",
        "simultaneous localization and mapping",
        "Plane Wall",
        "Kalman Filter",
        "Signal Path",
        "Hausdorff Distance",
        "Radio Waves",
        "Direction Of Arrival",
        "Dirichlet process",
        "False Alarm",
        "Propagation Environment",
        "Simulation Environment",
        "Simultaneous Localization And Mapping",
        "6G Terahertz",
        "Time Step",
        "Fixed Point",
        "Translation Speed",
        "Vehicle State",
        "Clustering algorithms",
        "Millimeter wave technology",
        "Number Of Data Points",
        "Cluster Index",
        "Particle Filter"
    ]
}