{
    "Title": "Image Forest Fire Segmentation Using Dirichlet Process Mixture Model",
    "Authors": [
        "Mohammed Khorchef",
        "Naim Ramou",
        "Yamina Boutiche",
        "Abderrezak Guessoum",
        "Nabil Chetih"
    ],
    "Date": "2023-04-24",
    "Institution": [
        "University of Blida 1",
        "Cheraga"
    ],
    "City": [
        "Blida",
        "Algiers"
    ],
    "Country": [
        "Algeria"
    ],
    "Keywords": [
        "Chinese restaurant process",
        "Markov Chain Monte Carlo",
        "Mixture Components",
        "Nonparametric Bayesian models",
        "Dirichlet Process Mixture Model",
        "Sampling methods",
        "Concentration Parameters",
        "Wildfire",
        "Fire Detection",
        "Dirichlet Process",
        "Mixture Model",
        "Gibbs sampling methods",
        "mixture models",
        "Mixture models",
        "Real Fire",
        "Non-parametric",
        "Image analysis",
        "Process control",
        "Gibbs Sampling",
        "Communication systems",
        "Bayesian Model",
        "Dirichlet process",
        "Space Of Functions",
        "Dirichlet Distribution",
        "Forestry",
        "Synthetic Images",
        "Non-parametric Statistical Methods",
        "Chinese Restaurant",
        "Image segmentation",
        "Image Segmentation",
        "Multinomial Distribution",
        "Parameter Vector",
        "image segmentation"
    ]
}