{
    "Title": "Bangla E-Commerce Sentiment Analysis Using Machine Learning Approach",
    "Authors": [
        "Sunjare Zulfiker",
        "Ankur Chowdhury",
        "Dip Roy",
        "Shukdev Datta",
        "Sifat Momen"
    ],
    "Date": "2023-04-24",
    "Institution": [
        "North South University Bashundhara"
    ],
    "City": [
        "Dhaka"
    ],
    "Country": [
        "Bangladesh"
    ],
    "Keywords": [
        "Binary Problem",
        "Positive Reviews",
        "Regression Problem",
        "Term Frequency-inverse Document Frequency",
        "F1 Score",
        "Decision Tree",
        "Machine Learning Models",
        "Highest Accuracy",
        "Negative Reviews",
        "Bangla sentiment analysis",
        "Machine Learning Approaches",
        "Product Purchase",
        "Performance Metrics",
        "Hyperparameter tuning",
        "Support Vector Machine",
        "Machine Learning",
        "Organizations",
        "E-commerce Websites",
        "Classification Problem",
        "Supervised Learning",
        "Support Vector Machine Classifier",
        "Sentiment analysis",
        "Sentiment Polarity",
        "Support vector machines",
        "Machine learning algorithms",
        "TF-IDF",
        "Stochastic processes",
        "Sentiment Analysis",
        "Term Frequency",
        "Prediction algorithms",
        "Electronic commerce",
        "Hyperparameter Tuning",
        "E-commerce",
        "Random Forest",
        "Naive Bayes",
        "Stochastic Gradient Descent",
        "Learning Algorithms"
    ]
}