{
    "Title": "Au Deposited Carbon-thread Electrode for Lead ions Detection in Water Samples",
    "Authors": [
        "Sreerama Amrutha Lahari",
        "Khairunnisa Amreen",
        "Satish Kumar Dubey",
        "Ponnalagu Rn",
        "Sanket Goel"
    ],
    "Date": "2023-04-17",
    "Institution": [
        "Hyderabad Campus"
    ],
    "City": [
        "Hyderabad"
    ],
    "Country": [
        "India"
    ],
    "Keywords": [
        "Electrochemical Approach",
        "Water pollution",
        "Drinking Water",
        "Scanning Electron Microscopy",
        "Gold Nanoparticles",
        "carbon thread",
        "Multi-walled Carbon Nanotubes",
        "Ions",
        "Au Nanoparticles",
        "Lake Water Samples",
        "Lead Poisoning",
        "Surface morphology",
        "Nanoparticles",
        "Electrode For Detection",
        "Heavy Metals",
        "Gold",
        "Metal Ions",
        "lead",
        "Heavy Metal Ions",
        "Differential pulse voltammetry",
        "Peak Current",
        "water quality",
        "Electrocatalytic",
        "Lead Ions",
        "Differential Pulse Voltammetry",
        "Au nanoparticles",
        "Surface contamination",
        "Lake Samples",
        "Real Samples",
        "Lead"
    ]
}