{
    "Title": "Weakly-Supervised 3D Medical Image Segmentation Using Geometric Prior and Contrastive Similarity",
    "Authors": [
        "Hao Du",
        "Qihua Dong",
        "Yan Xu",
        "Jing Liao"
    ],
    "Date": null,
    "Institution": [
        "City University of Hong Kong",
        "Beihang University"
    ],
    "City": [
        "Beijing",
        "Hong Kong"
    ],
    "Country": [
        "China"
    ],
    "Keywords": [
        "Pseudo Labels",
        "Geometric Loss",
        "Pre-training Stage",
        "Computer-aided Diagnosis",
        "Point Cloud Representation",
        "Annotations",
        "Image Artifacts",
        "Chamfer Distance",
        "Head",
        "Medical Image Segmentation",
        "Point Cloud Registration",
        "contrastive similarity",
        "Diagnosis, Computer-Assisted",
        "Image Processing, Computer-Assisted",
        "Training",
        "Imaging",
        "Latent Space",
        "Point cloud compression",
        "Coordinates Of Points",
        "Training Set",
        "point cloud",
        "Self-supervised Learning",
        "Segmentation Results",
        "Bounding Box",
        "Segmentation Framework",
        "Artifacts",
        "Positive Labels",
        "Delicate Structures",
        "Shape",
        "Medical Imaging",
        "Contrastive Loss",
        "Extensive Experiments",
        "Internal Details",
        "Point Cloud",
        "Bounding Box Annotations",
        "Complex Shapes",
        "Outer Shape",
        "medical image segmentation",
        "geometric prior",
        "Weakly-supervised segmentation",
        "Hausdorff Distance",
        "Segmentation Performance",
        "Multiple Instance Learning",
        "Gridding",
        "Image segmentation"
    ]
}