{
    "Title": "Drowsy Driver Detection System For Poor Light Conditions",
    "Authors": [
        "Ahmed Ibnouf",
        "Ayman Fadlallah",
        "Muaiz Ali",
        "Abdelmalek Zidouri"
    ],
    "Date": "2023-04-17",
    "Institution": [
        "King Fahd University of Petroleum and Minerals (KFUPM)"
    ],
    "City": [
        "Dhahran"
    ],
    "Country": [
        "Saudi Arabia"
    ],
    "Keywords": [
        "Driver Fatigue",
        "Poor Conditions",
        "Deep Learning",
        "Light Conditions",
        "Excessive Daytime Sleepiness",
        "Edge Features",
        "Traffic Accidents",
        "Face Recognition",
        "Face recognition",
        "Image Recognition",
        "Eye Detection",
        "Transmission Map",
        "Safety",
        "Artificial Neural Network",
        "Poor Lighting Conditions",
        "Blink Rate",
        "Convolutional neural networks",
        "Convolutional Neural Network",
        "Single Shot Detector",
        "Transportation industry",
        "Machine Learning",
        "Deep Neural Network",
        "Illumination",
        "Driver State",
        "Problem Statement",
        "Lighting",
        "Convolutional Neural Network Model",
        "Deep learning",
        "Eye-tracking",
        "Neural Network",
        "Atmospheric Light",
        "Image Enhancement",
        "Drowsy Driver",
        "Deep Neural Network Model",
        "Road Accidents",
        "Low Light Conditions",
        "Face Detection",
        "Dark Channel",
        "Standards"
    ]
}