{
    "Title": "Incremental Subgradient Method for EVs Smart Charging Flexibility in Wholesale Energy Markets",
    "Authors": [
        "Sebastian Montes de Oca",
        "Pablo Monzon",
        "Pablo Belzarena"
    ],
    "Date": "2023-04-18",
    "Institution": [
        "Facultad de Ingeniería - UdeLaR"
    ],
    "City": [
        "Montevideo"
    ],
    "Country": [
        "Uruguay"
    ],
    "Keywords": [
        "Electricity supply industry",
        "Aggregate Demand",
        "Stochastic Approach",
        "Wholesale Market",
        "Electric Vehicles",
        "Data Privacy",
        "Best Response",
        "Day-ahead Market",
        "Incremental Subgradient Method",
        "Renewable Sources",
        "Electric vehicles",
        "Energy Market",
        "Charge Profiles",
        "Master Problem",
        "Dual Problem",
        "Retail Price",
        "Demand Response",
        "Transportation",
        "Dual Decomposition",
        "Renewable energy sources",
        "Electricity market",
        "Subgradient Method",
        "Sociology",
        "Economic Dispatch",
        "Stochastic Method",
        "Stochastic processes",
        "Utility Grid",
        "Mobility Patterns",
        "Energy Management System",
        "Wholesale Price",
        "Smart Charge",
        "Optimization Problem",
        "Value Of System",
        "Time Slot",
        "Large-scale Optimization",
        "Convergence Rate",
        "Stakeholders",
        "Electric Power",
        "Market Power",
        "Energy Allocation",
        "Smart Charging"
    ]
}