{
    "Title": "Secondary Ionization as Enhanced Radiation Dose",
    "Authors": [
        "R. H. Davis",
        "W. C. Finney",
        "J. S. Clements",
        "O. Tokunaga"
    ],
    "Date": "2023-05-16",
    "Institution": [
        "Florida State University"
    ],
    "City": [
        "Tallahassee"
    ],
    "Country": [
        "Florida 32306"
    ],
    "Keywords": [
        "Spontaneous emission",
        "Electric fields",
        "Electron beams",
        "Electrodes",
        "Ion beams",
        "Ionization",
        "Current measurement"
    ]
}