{
    "Title": "Systematic Review: Predictive Models for the Winning Team of Super Leagues (SL)",
    "Authors": [
        "Salman Muneer",
        "Muhammad Bux Alvi",
        "Mahmoud Al Sakhnani",
        "Hamamd Raza",
        "Taher M. Ghazal",
        "Munir Ahmad"
    ],
    "Date": "2023-05-15",
    "Institution": [
        "NCBA&E",
        "Applied Science Private University",
        "Universiti Kebangsaan Malaysia (UKM)",
        "University City Sharjah",
        "The Islamia University of Bahawalpur",
        "National College of Business Administration & Economics"
    ],
    "City": [
        "Bangi",
        "Bahawalpur",
        "Sharjah",
        "Amman",
        "Lahore"
    ],
    "Country": [
        "Malaysia",
        "Jordan",
        "UAE",
        "Pakistan"
    ],
    "Keywords": [
        "Machine Learning Approaches",
        "National Team",
        "Mobile Learning",
        "Player Performance",
        "Use Of Prediction Models",
        "Machine learning",
        "Team Players",
        "Predictive Models",
        "Outcome Of The Game",
        "Analytical models",
        "Management Team",
        "History",
        "Matching Results",
        "Winner Team",
        "Predictive models",
        "Tournament",
        "Random Forest",
        "Bayesian Classifier",
        "Bayes Classifier",
        "Prediction Accuracy",
        "Successful Teams",
        "PSL",
        "Past Performance",
        "Fans",
        "Machine Learning Techniques",
        "Including Machine Learning",
        "Review Of Models",
        "Systematics",
        "Support Vector Machine",
        "Ranking (statistics)",
        "Naive Bayes",
        "Machine Learning",
        "Team Performance",
        "World Cup",
        "Prediction Model"
    ]
}