{
    "Title": "Predicting Academic Grades of Students in Computer Programming Using Classification Algorithms",
    "Authors": [
        "C P Pavan Kumar Hota",
        "V. Asanambigai",
        "D. Lakshmi"
    ],
    "Date": "2023-05-05",
    "Institution": [
        "VIT Bhopal University",
        "Annamalai University"
    ],
    "City": [
        "Madhya Pradesh",
        "Tamilnadu"
    ],
    "Country": [
        "India"
    ],
    "Keywords": [
        "Classification algorithms",
        "Root Mean Square Error",
        "Cognitive Maturity",
        "Mean Absolute Error",
        "Relative Absolute Error",
        "Computer science education",
        "Mean Square Error",
        "Receiver Operating Characteristic Curve",
        "Learning Styles",
        "Classification Algorithms",
        "Decision Tree",
        "Metacognitive Skills",
        "Bayesian Classifier",
        "Support Vector Machine",
        "Classification Techniques",
        "computer programming",
        "Prediction Analysis",
        "Tree Size",
        "Predictive models",
        "Numerical models",
        "Prediction Model",
        "Standard Metrics",
        "Supervised Learning",
        "Confusion Matrix",
        "Kappa Statistic",
        "Level Of Accuracy",
        "Information Gain",
        "Tree Pruning",
        "Root Node",
        "Multiple Intelligences",
        "Decision making",
        "Decision Tree Classifier",
        "Prediction algorithms",
        "Learning Management System",
        "Random Forest",
        "Measurement",
        "Leaf Node",
        "Common Metrics"
    ]
}