{
    "Title": "A Multi-Scale Feature Selection Framework for WiFi Access Points Line-of-sight Identification",
    "Authors": [
        "Xu Feng",
        "Khuong An Nguyen",
        "Zhiyuan Luo"
    ],
    "Date": "2023-05-12",
    "Institution": [
        "Royal Holloway University of London",
        "University of Brighton"
    ],
    "City": [
        "Surrey",
        "Brighton"
    ],
    "Country": [
        "United Kingdom"
    ],
    "Keywords": [
        "Buildings",
        "WiFi Round-Trip Time",
        "Machine learning",
        "Final Feature Set",
        "Floors",
        "Hidden Information",
        "Feature Selection Model",
        "Indoor Localization",
        "Feature Selection Framework",
        "indoor positioning",
        "Hierarchical Clustering",
        "Round-trip Time",
        "Statistical Features",
        "System Architecture",
        "Manual Selection",
        "Permutation Importance",
        "F1 Score",
        "Decrease In Impurity",
        "Channel Impulse Response",
        "Feature Selection Algorithm",
        "Weight Vector",
        "Mean Decrease",
        "Feature extraction",
        "Wireless fidelity",
        "Line-of-sight propagation",
        "Support Vector Machine",
        "Macro F1 Score",
        "feature selection",
        "Recursive Feature Elimination",
        "Machine learning algorithms",
        "Indoor Environments",
        "Time Difference Of Arrival",
        "Meaningful Features"
    ]
}