{
    "Title": "Sensor Based Hotspot Detection And Isolation In Solar Array System Using IOT",
    "Authors": [
        "Al. Chockalingam",
        "S. Naveen",
        "S. Sanjay",
        "J. Nanthakumar",
        "V. Praveenkumar"
    ],
    "Date": "2023-05-01",
    "Institution": [
        "Electrical and Electronics Engineering M.Kumarasamy College of Engineering"
    ],
    "City": [
        "Karur"
    ],
    "Country": [
        "India"
    ],
    "Keywords": [
        "Solar Energy",
        "Photovoltaic Effect",
        "Temperature sensors",
        "Temperature Sensor",
        "Buck Boost converter",
        "Real-time systems",
        "Internet Of Things Systems",
        "Microcontrollers",
        "Codes",
        "Real-time Data",
        "Renewable energy sources",
        "Battery",
        "Current Sensor",
        "Solar Cells",
        "Solar Array",
        "Solar Panels",
        "Photovoltaic System",
        "Solar energy",
        "Photovoltaic panels",
        "Solar Photovoltaic",
        "Levelized Cost Of Electricity",
        "Solar System",
        "PIC Microcontroller",
        "Temperature measurement",
        "Solar Power",
        "Voltage Sensor",
        "Internet Of Things",
        "Renewable Energy",
        "Electrical Energy",
        "Dust Sensor",
        "Mobile App"
    ]
}