{
    "Title": "Fog Assisted Tiger Alarming Framework for Saving Endangered Wild Life",
    "Authors": [
        "Manash Kumar Mondal",
        "Riman Mandal",
        "Sourav Banerjee",
        "Monali Sanyal",
        "Uttam Ghosh",
        "Utpal Biswas"
    ],
    "Date": "2023-05-08",
    "Institution": [
        "University of Kalyani",
        "Kalyani Government Engineering College",
        "JIS College of Engineering",
        "Nashville"
    ],
    "City": [
        "Kalyani",
        "TN"
    ],
    "Country": [
        "USA",
        "India"
    ],
    "Keywords": [
        "fog computing",
        "Control Mode",
        "Wildlife",
        "Government",
        "Protected Areas",
        "Camera Traps",
        "tiger alert framework",
        "Learning Algorithms",
        "Cloud computing",
        "Fog Nodes",
        "network usage",
        "Resource Management",
        "Costs",
        "Computational modeling",
        "Forestry",
        "Endangered Wildlife",
        "latency",
        "Image Sensor",
        "Motion Detection",
        "execution time",
        "camera trapping technology",
        "cloud computing",
        "Wild Animals",
        "Systematics",
        "Data Center",
        "Cloud Computing",
        "Actuator",
        "Fog Computing",
        "Object Detection"
    ]
}