{
    "Title": "Study on Steady State Reactive Power Optimization Method of Synchronous Generator to Improve Transient Voltage Stability",
    "Authors": [
        "Pei Guo",
        "Xiaotao Peng",
        "Zehui Wang",
        "Zitu She",
        "Wanyu Lv",
        "Bo Chen"
    ],
    "Date": "2023-05-10",
    "Institution": [
        "State Grid Jiangxi Electric Power Research Institute",
        "Wuhan University"
    ],
    "City": [
        "Wuhan",
        "Nanchang"
    ],
    "Country": [
        "China"
    ],
    "Keywords": [
        "Particle Swarm Optimization",
        "Input Feature Vector",
        "Transient Simulation",
        "Power system stability",
        "Synchronous generators",
        "Optimal Model",
        "Power System",
        "Types Of Defects",
        "Reactive power optimization",
        "Analytical models",
        "Reactive power",
        "System Fault",
        "Bus Voltage",
        "Stability Margin",
        "Predictive models",
        "Stability analysis",
        "Steady State",
        "Generators",
        "Dynamic Power",
        "XGBoost",
        "Steady-state Method",
        "Optimal Power",
        "Power Grid",
        "Particle Swarm",
        "Systemic Loss",
        "Transient Voltage",
        "General System",
        "Synchronous Generator",
        "Classification Model",
        "Stability Of System",
        "Transient Voltage Stability",
        "Optimization Algorithm",
        "Support Vector Machine",
        "Optimal Reactive Power",
        "Network Loss",
        "Machine Learning",
        "Transient Stability",
        "Input Features",
        "Voltage transient stability"
    ]
}