{
    "Title": "AI Algorithm for Image Enhancement",
    "Authors": [
        "Milind Rane",
        "Mukund Kulkarni",
        "Anirudha Dalvi",
        "Anvay Kulkarni",
        "Akash Singh",
        "Ameya Bhave",
        "Vhanneshwar Arawat"
    ],
    "Date": "2023-05-15",
    "Institution": [
        "Vishwakarma institute of technology"
    ],
    "City": [
        "Pune"
    ],
    "Country": [
        "India"
    ],
    "Keywords": [
        "Curriculum Learning",
        "color enhancement",
        "Deep Learning",
        "PSNR Values",
        "Real-time systems",
        "Graphics Processing Unit",
        "Image color analysis",
        "Image Size",
        "Development Of New Technologies",
        "Field Of Deep Learning",
        "image quality",
        "Super resolution",
        "Image quality",
        "RGB Values",
        "Field Of Discovery",
        "Pyramid Decomposition",
        "Deep Network",
        "Deep learning",
        "Superresolution",
        "Neural Network",
        "Image Enhancement",
        "Value Of Image",
        "Satellites",
        "Neural networks",
        "Super-resolution Techniques",
        "Mobile Camera",
        "Phase Model",
        "ProSR"
    ]
}