{
    "Title": "A Flexibility Assessment Method of Thermal Storage Electric Heating Load Clusters",
    "Authors": [
        "Dongmei Yang",
        "Baoju Li",
        "Gang Liu",
        "Yong Sun",
        "Jiyue Fu",
        "Chang Liu"
    ],
    "Date": "2023-05-10",
    "Institution": [
        "State Grid Jilin Electric Power Company Limited",
        "State Grid Jilin Electric Power Research Institute",
        "State Grid Electric Power Research Institute"
    ],
    "City": [
        "Nanjing",
        "Changchun"
    ],
    "Country": [
        "China"
    ],
    "Keywords": [
        "Electrical Load",
        "Energy Consumption",
        "Real-time Adjustment",
        "Power system dynamics",
        "Thermal loading",
        "Real-time systems",
        "Upper Limit",
        "Electricity Consumption",
        "Lower Limit",
        "Power System",
        "cross-period energy shift",
        "Evaluation Method",
        "Heat Storage",
        "Heat Transfer",
        "Jilin Province",
        "Energy Generation",
        "Real-time Power",
        "Electrical Equipment",
        "Thermal Stress",
        "flexibility evaluation",
        "Electric Heating",
        "Thermal Storage",
        "Loading Period",
        "Numerical models",
        "Indoor Temperature",
        "Thermal Heat",
        "Regulation",
        "Equipment Conditions",
        "real-time power regulation",
        "Heating Equipment",
        "Load Side",
        "Flexible Loads",
        "Decentralized Control",
        "Dynamic Model",
        "Numerical Weather Prediction",
        "Automatic generation control",
        "Regulation Ability",
        "thermal storage electric heating",
        "Thermal Dynamics",
        "Fluctuations",
        "Regulatory Capacity"
    ]
}