{
    "Title": "Transmission and Reception of 17×480 Gbit/s PDM-16QAM with Tx/Rx I/Q Imbalance Compensation and Simplified MLSE for Metro-Regional 400G Optical Communications",
    "Authors": [
        "Fan Li",
        "Dongdong Zou",
        "Weihao Ni",
        "Zhiwei Chen",
        "Xingwen Yi",
        "Zhaohui Li"
    ],
    "Date": "2023-05-19",
    "Institution": [
        "Sun Yat-Sen University",
        "Southern Marine Science and Engineering Guangdong Laboratory (Zhuhai)"
    ],
    "City": [
        "Guangzhou",
        "Zhuhai"
    ],
    "Country": [
        "China"
    ],
    "Keywords": [
        "Bandwidth",
        "Optical Carrier",
        "Transmission Distance",
        "Signal Transmission",
        "Optical fibers",
        "Channel Spacing",
        "Maximum likelihood estimation",
        "Single Channel",
        "Polarization Multiplexing",
        "Optical fiber communication",
        "Sensitivity",
        "Coherent Detection",
        "Single Carrier",
        "Constant Modulus",
        "Imbalance Compensation",
        "Fiber Link",
        "Optical Fiber",
        "Computational Complexity Reduction",
        "Fiber Transmission",
        "Receiver Sensitivity",
        "Self-driving",
        "Arbitrary Waveform Generator",
        "Receivers",
        "Schmidt Orthogonalization",
        "Equalizers"
    ]
}