{
    "Title": "An Energy Storage Capacity Configuration Method for New Energy Power Stations to Improve Power Grid Stability",
    "Authors": [
        "Chen Ning",
        "Jiang Dajun",
        "Zhou Guiping",
        "Gao Kai",
        "Zhang Yanjun"
    ],
    "Date": "2023-05-08",
    "Institution": [
        "China Electric Power Research Institute",
        "State Grid Liaoning Electric Power Co. Ltd"
    ],
    "City": [
        "Shenyang",
        "Nanjing"
    ],
    "Country": [
        "China"
    ],
    "Keywords": [
        "Time-domain analysis",
        "Wind Power",
        "Changes In Frequency",
        "Power System",
        "Power system stability",
        "Synchronous generators",
        "Confidence Level",
        "new energy power stations",
        "capacity configuration",
        "Energy Storage Capacity",
        "Output Power",
        "frequency",
        "Differences In Frequency",
        "Capacity Of System",
        "energy storage",
        "Simulation",
        "Independent Plants",
        "System Inertia",
        "Stability analysis",
        "System Frequency",
        "Frequency Fluctuations",
        "Configuration Scheme",
        "Power Capacity",
        "Wind Turbine",
        "Unbalanced Power",
        "Storage Methods",
        "Power Grid",
        "Frequency Response",
        "Power grids",
        "Maximum Power",
        "Energy Storage Systems",
        "Frequency Support",
        "Wind Farm",
        "Synchronous Generator",
        "Capacity Configuration",
        "Energy Capacity",
        "Power Generation",
        "Unit Energy",
        "Inertia Constant",
        "Control Coefficients",
        "Time-frequency analysis"
    ]
}