{
    "Title": "Scalable Planning of Garbage Collection in a Smart City",
    "Authors": [
        "George Daoud",
        "Mohamed El-Darieby"
    ],
    "Date": "2023-05-03",
    "Institution": [
        "Oshawa",
        "Assiut University"
    ],
    "City": [
        "Assiut",
        "ON"
    ],
    "Country": [
        "Canada",
        "Egypt"
    ],
    "Keywords": [
        "XML",
        "Planning",
        "Optimization Problem",
        "Global Solution",
        "Suboptimal Solution",
        "OpenStreetMap",
        "Ant Colony Optimization",
        "Landfill",
        "Road Segments",
        "Real-time systems",
        "Operational Scenarios",
        "Optimum Solution",
        "Latitude Coordinates",
        "Geographic Information System",
        "Total Distance",
        "Costs",
        "Roads",
        "Cardinality",
        "Heuristic Algorithm",
        "Operational Costs",
        "Cross-product",
        "Early Stopping",
        "Gurobi",
        "Nodes In The Graph",
        "Longitude",
        "Objective Function",
        "Smart cities",
        "Garbage Collection",
        "Scalable",
        "Arc Length",
        "Smart City",
        "Route Planning",
        "Road Graph",
        "MILP",
        "Mixed Integer Linear Programming",
        "Virtual Nodes",
        "Directed Graph",
        "Computational modeling"
    ]
}