{
    "Title": "Overview of Sensorless Control Strategies for Electric Vehicle Traction IPMSM",
    "Authors": [
        "Andras Holczer",
        "Francisco D. Freijedo",
        "Radu Bojoi"
    ],
    "Date": "2023-05-01",
    "Institution": [
        "Huawei Technologies Duesseldorf GmbH",
        "Politecnico di Torino"
    ],
    "City": [
        "Turin",
        "Nuremberg"
    ],
    "Country": [
        "Germany",
        "Italy"
    ],
    "Keywords": [
        "Vehicle Traction",
        "traction IPMSM",
        "Industrial Applications",
        "Electric vehicles",
        "Space vehicles",
        "Flux Linkage",
        "Model Predictive Control",
        "Sensorless Control",
        "Flux Function",
        "flux maps",
        "Flux Observer",
        "Speed Estimation",
        "Power system measurements",
        "Rotor Angle",
        "Traction motors",
        "electric vehicle",
        "Switches",
        "sensorless control",
        "High Power Density",
        "Inductance Value",
        "Electrical Speed",
        "Voltage Equation",
        "observers",
        "Current Measurements",
        "magnetic saturation",
        "Model-based Methods",
        "Angle Estimation",
        "Current Harmonics",
        "Rotor Position",
        "Torque",
        "Operating Range",
        "Electric Vehicle Traction",
        "Angle Measurements",
        "Traction Motor",
        "Current Control",
        "Extended Kalman Filter",
        "Electric Vehicles",
        "Sensorless control",
        "Electromagnetic Torque",
        "Machine Model",
        "Torque Control",
        "Linear Model",
        "Torque Ripple"
    ]
}