{
    "Title": "Cloud-Client Integrated Designed Financial Robot Based on Artificial Intelligence",
    "Authors": [
        "Shengyun Shi",
        "Guoxi Li",
        "Bing Han"
    ],
    "Date": "2023-05-10",
    "Institution": [
        "Zhanjiang University of Science and Technology"
    ],
    "City": [
        "Zhanjiang City"
    ],
    "Country": [
        "China"
    ],
    "Keywords": [
        "Cloud",
        "Service robots",
        "Decision-making Reference",
        "Databases",
        "Financial Robot",
        "Repetitive Work",
        "Automatic Processing",
        "Artificial Intelligence Technology",
        "Physical Robot",
        "Natural language processing",
        "Handover",
        "Natural Language",
        "Artificial Intelligence",
        "Financial Data",
        "End Side",
        "Cloud Data",
        "Neural networks",
        "Natural Language Processing Technologies",
        "Big Data Analytics",
        "Data Mining",
        "Deep Neural Network",
        "Small Businesses",
        "Intelligence",
        "Blockchain Technology",
        "Robot Design",
        "Maturity Model",
        "Deep learning",
        "Financial Reimbursement",
        "Financial System",
        "Reimbursement Of Expenses",
        "Big Data",
        "Kind Of Technology"
    ]
}