{
    "Title": "Robust Control of A CSI-FED Induction Motor Drive System",
    "Authors": [
        "R. Prakash",
        "S. Vittal Rao",
        "Frank J. Kem"
    ],
    "Date": "2023-05-16",
    "Institution": [
        "University of Missouri-Rolla"
    ],
    "City": [
        "Rolla"
    ],
    "Country": [
        "MO"
    ],
    "Keywords": [
        "Standards",
        "Lead acid batteries",
        "Gravity",
        "Lead",
        "Batteries",
        "Maintenance engineering",
        "Voltage measurement"
    ]
}