{
    "Title": "Automotive Aftermarket Goes Smart: A System Dynamics Approach to Innovation the Business Model in the Ecuadorian Industry",
    "Authors": [
        "Andrés Robalino-López",
        "Henry Naranjo Molina",
        "Zanna Aniscenko"
    ],
    "Date": "2023-05-15",
    "Institution": [
        "Universidad San Francisco de Quito",
        "Universidad Técnica Particular de Loja",
        "Desarrollo Humano - Escuela Politécnica Nacional"
    ],
    "City": [
        "Loja",
        "Quito"
    ],
    "Country": [
        "Ecuador"
    ],
    "Keywords": [
        "Internal Revenue Service",
        "Mental Models",
        "Inventory Level",
        "Costs",
        "Parts Supply",
        "Technical Services",
        "Production Performance",
        "Original Equipment Manufacturers",
        "Smart City",
        "Information And Communication Technologies",
        "Value Chain",
        "Business-innovation",
        "Smart cities",
        "Feedback Loop",
        "Correct Representation",
        "Increase In Demand",
        "Complex-systems",
        "Business Model",
        "Capacity Shortage",
        "Service Innovation",
        "Technical Equipment",
        "Digital Transformation",
        "Information Technology",
        "Smart-business",
        "Automotive Companies",
        "Production",
        "Maintenance engineering",
        "Industries",
        "Automotive aftermarket",
        "Technological innovation",
        "Flow Diagram",
        "Marketing",
        "Market Research",
        "System Dynamics Model",
        "Negative Feedback Loop",
        "Causal Diagram",
        "System dynamics",
        "System Dynamics",
        "Cost Overruns",
        "Sales Channels",
        "Automotive Industry"
    ]
}