{
    "Title": "EcoDialTest: Adaptive Mutation Schedule for Automated Dialogue Systems Testing",
    "Authors": [
        "Xiangchen Shen",
        "Haibo Chen",
        "Jinfu Chen",
        "Jiawei Zhang",
        "Shuhui Wang"
    ],
    "Date": "2023-05-15",
    "Institution": [
        "Jiangsu University"
    ],
    "City": [
        "Zhenjiang"
    ],
    "Country": [
        "China"
    ],
    "Keywords": [
        "Version Of Test",
        "Recurrent Neural Network Model",
        "Exploitation Phase",
        "natural language processing",
        "Multi-armed Bandit",
        "Recurrent neural networks",
        "Exploration Phase",
        "fuzzing",
        "Impurities",
        "dialogue system testing",
        "Back-translated",
        "deep learning testing",
        "Detection Purposes",
        "Text Generation",
        "Transformation Operations",
        "Security Vulnerabilities",
        "Cardinality",
        "Natural Language",
        "Social networking (online)",
        "WordNet",
        "Mutation Strategy",
        "Distribution strategy",
        "Dialogue System",
        "Primary Mission",
        "Recurrent Neural Network",
        "System testing",
        "Technological innovation",
        "Testing Tools",
        "Gini Impurity",
        "Schedules",
        "Gambling",
        "Gini Coefficient",
        "Distribution Strategy",
        "Semantic",
        "Pre-defined Threshold",
        "Bandit Problem"
    ]
}