{
    "Title": "Review of Recent Developments in Fluorescent Lighting Systems",
    "Authors": [
        "T. K. McGowan",
        "E. E. Hammer"
    ],
    "Date": "2023-05-16",
    "Institution": [
        "Nela Park"
    ],
    "City": [
        "Cleveland"
    ],
    "Country": [
        "Ohio 44112"
    ],
    "Keywords": [
        "Voltage",
        "Fluorescent lamps",
        "Fluorescence",
        "Sputtering",
        "Cathodes",
        "Lumen",
        "Electronic ballasts"
    ]
}