{
    "Title": "Simultaneous Emotional Stimuli Prolong the Timing of Vibrotactile Events",
    "Authors": [
        "Müge Cavdan",
        "Bora Celebi",
        "Knut Drewing"
    ],
    "Date": null,
    "Institution": [
        "Justus Liebig Universitat Giessen"
    ],
    "City": [
        "Giessen"
    ],
    "Country": [
        "Germany"
    ],
    "Keywords": [
        "Perceptual Effects",
        "Low Arousal",
        "Neutral Stimuli",
        "Standards",
        "arousal",
        "Emotional Stimuli",
        "Fast Fourier Transform",
        "Dominant Frequency",
        "Internal Clock",
        "Near-death Experiences",
        "haptics",
        "Touch Perception",
        "Perception Of Stimuli",
        "Sound Duration",
        "High Arousal",
        "Time-stretch",
        "Task analysis",
        "Physiology",
        "Vibrotactile Stimuli",
        "Time Perception",
        "Effect Of Duration",
        "Stimulus Valence",
        "Peak Amplitude",
        "Timing",
        "Arousal Stimuli",
        "Emotions",
        "Sound",
        "audition",
        "Actuators",
        "Physiological Arousal",
        "Main Effect Of Valence",
        "Neutral Information",
        "valence",
        "Avoidance Behavior",
        "Duration Information",
        "vibrotactile feedback",
        "Emotional Consequences",
        "Effect Of Arousal",
        "Time perception",
        "Humans",
        "Switches",
        "Touch",
        "Distortion",
        "Effect Of Valence",
        "Pacemaker",
        "Auditory Stimuli",
        "Main Effect Of Duration",
        "Neutral Events"
    ]
}