{
    "Title": "AI Based approaches for identification of COVID and non-COVID Pneumonia",
    "Authors": [
        "Pallabi Sardar",
        "Satarupa Biswas",
        "Dinesh Bhatia",
        "Moumita Mukherjee"
    ],
    "Date": "2023-05-22",
    "Institution": [
        "Adamas University",
        "North Eastern Hill University"
    ],
    "City": [
        "Kolkata",
        "Shillong"
    ],
    "Country": [
        "India"
    ],
    "Keywords": [
        "Convolutional Layers",
        "COVID-19",
        "COVID-19 pneumonia",
        "Computer-aided Diagnosis",
        "Pulmonary diseases",
        "Pleural Effusion",
        "COVID Pneumonia",
        "Pulmonary Infiltrates",
        "Deep Convolutional Neural Network",
        "Types Of Images",
        "Chest X-ray Images",
        "Max-pooling Layer",
        "Network Training Process",
        "Network Training",
        "Coronavirus",
        "Ground-glass Opacities",
        "Halo Sign",
        "Number Of Filters",
        "CT images",
        "Artificial Intelligence",
        "Lung",
        "Image Classification",
        "Convolution",
        "Artificial Neural Network",
        "Convolution Neural Network",
        "Computed tomography",
        "Pneumonia Cases",
        "Transfer Learning",
        "chest X-rays",
        "Public healthcare",
        "non-COVID Pneumonia",
        "Convolutional Neural Network",
        "Chest X-ray",
        "Chest Computed Tomography Scan",
        "Coronavirus Disease",
        "Pandemics",
        "Chest Computed Tomography Images",
        "Machine Learning",
        "Neural Network",
        "Convolutional Block"
    ]
}