{
    "Title": "A Review on Infectious and Cardiovascular Disease Classification Using Deep Learning",
    "Authors": [
        "A. Sivasangari",
        "G.V. Sai Kanth",
        "Ch. Sai Deekshith",
        "G. Manohar",
        "B. Arun Kumar",
        "K. Vasavi"
    ],
    "Date": "2023-05-24",
    "Institution": [
        "GMR Institute of Technology",
        "Institute of Technology"
    ],
    "City": [
        "Rajam"
    ],
    "Country": [
        "India"
    ],
    "Keywords": [
        "Deep Learning",
        "Biological system modeling",
        "Early Detection",
        "Deep Learning Models",
        "Research Organization",
        "Sensitivity",
        "Support vector machines",
        "Cardiovascular Disease",
        "K-nearest Neighbor",
        "Machine Learning Methodologies",
        "Learning Algorithms",
        "CNN",
        "Computational modeling",
        "Medical treatment",
        "Cardiovascular Disease Classification",
        "Medical Imaging",
        "Lung Nodules",
        "Skin Lesions",
        "ML Techniques",
        "Convolutional Neural Network",
        "Deep learning",
        "Machine learning algorithms",
        "Diagnosis Of Disease",
        "Hybrid Algorithm",
        "Machine Learning",
        "Deep Learning-based Models"
    ]
}