{
    "Title": "VAST: Validation of VP-based Heterogeneous Systems against Availability Security Properties using Static Information Flow Tracking",
    "Authors": [
        "Ece Nur Demirhan Coşkun",
        "Muhammad Hassan",
        "Mehran Goli",
        "Rolf Drechsler"
    ],
    "Date": "2023-05-24",
    "Institution": [
        "DFKI GmbH",
        "University of Bremen"
    ],
    "City": [
        "Bremen"
    ],
    "Country": [
        "Germany"
    ],
    "Keywords": [
        "Digital Control",
        "Flow Data",
        "Modern Systems",
        "Digital systems",
        "Control System",
        "Windshield",
        "Security Implications",
        "Control Flow Graph",
        "Denial Of Service",
        "Inspection",
        "Thermal analysis",
        "Information Flow Tracking",
        "Intellectual property",
        "Sensitive Data",
        "Motivating Example",
        "Flow Control",
        "Critical Path",
        "Design Process",
        "Internet Of Things",
        "Static Analysis",
        "Critical Signaling",
        "Real-world Systems",
        "Information Flow",
        "Heterogeneous Systems",
        "Ambient Signals",
        "Information Leakage",
        "Access Control",
        "Prototypes",
        "Conditional Statements",
        "Internet Of Things Devices",
        "Scalability",
        "Source Code",
        "Threat Model",
        "System C",
        "Flow Analysis",
        "Digital Technologies",
        "Heart"
    ]
}