{
    "Title": "A 160 GBaud PAM-4 Analog Multiplexer in 0.13μm SiGe BiCMOS technology",
    "Authors": [
        "Chao Guo",
        "Yingmei Chen",
        "Yinghao Chen",
        "Wentian Fan",
        "En Zhu",
        "Zhengfei Hu"
    ],
    "Date": "2023-05-12",
    "Institution": [
        "Nanjing University of Posts and Telecommunications",
        "Southeast University",
        "Purple Mountain Laboratories"
    ],
    "City": [
        "Nanjing"
    ],
    "Country": [
        "China"
    ],
    "Keywords": [
        "Signal Bandwidth",
        "Signal Rate",
        "Output Signal",
        "Analog multiplexer (AMUX)",
        "heterojunction bipolar transistor (HBT)",
        "Spectral Efficiency",
        "Optical frequency conversion",
        "BiCMOS Technology",
        "High Gain",
        "Differential Pair",
        "Bipolar Transistor",
        "III-V semiconductor materials",
        "BiCMOS integrated circuits",
        "Clock Signal",
        "Frequency modulation",
        "SiGe BiCMOS Technology",
        "Optical Transmittance",
        "Input Clock",
        "Digital Signal Processing",
        "Frequency division multiplexing",
        "optical communications",
        "Analog-to-digital Converter",
        "Input Signal",
        "Frequency Domain",
        "Inter-symbol Interference",
        "Frequency-domain analysis",
        "Symbol Rate",
        "4-level pulse amplitude modulation",
        "Optical Communication Systems",
        "Impedance",
        "Gbaud PAM4",
        "Analog Multiplexer",
        "Output Buffer",
        "digital-to-analog converter (DAC)",
        "Bandwidth"
    ]
}