{
    "Title": "Decentralized Network for Cloud Storage",
    "Authors": [
        "Chirag N",
        "Kshitij K",
        "Gaurav Gupta"
    ],
    "Date": "2023-05-23",
    "Institution": [
        "Sir M Visvesvaraya Institute of Technology",
        "Shoolini University"
    ],
    "City": [
        "Bangalore",
        "Solan H.P"
    ],
    "Country": [
        "India"
    ],
    "Keywords": [
        "dual encryption",
        "Security",
        "Data privacy",
        "decentralized storage",
        "private key",
        "cloud computing",
        "Including Health Care",
        "Data models",
        "Software",
        "Blockchain",
        "Cloud Computing",
        "ciphertext",
        "Information Leakage",
        "Encrypted File",
        "Cloud computing",
        "Hash Function",
        "Round-trip Time",
        "P2P Network",
        "Secret Key",
        "Download Time",
        "Client-side",
        "security",
        "iaas",
        "Computational modeling",
        "Slice Size",
        "slicing",
        "Central Entity",
        "Military computing",
        "Big Tech",
        "Client Software"
    ]
}