{
    "Title": "DNS Tunnel Detection Scheme Based on Machine Learning in Campus Network",
    "Authors": [
        "Xiao Dong Li",
        "Yuan Feng Song",
        "Yu Qing Li"
    ],
    "Date": "2023-05-22",
    "Institution": [
        "University of Electronic Science and Technology of China"
    ],
    "City": [
        "Chengdu"
    ],
    "Country": [
        "China"
    ],
    "Keywords": [
        "Domain Name",
        "Real-world Networks",
        "Random Forest Algorithm",
        "Malware",
        "Receiver Operating Characteristic Curve",
        "Rényi Entropy",
        "Cybercrime",
        "Training Set",
        "feature engineering",
        "Blacklist",
        "Classification algorithms",
        "Stability analysis",
        "Random Forest",
        "Stacking Method",
        "random forest",
        "DNS tunnel",
        "Domain-Flux",
        "Servers",
        "machine learning",
        "Forestry",
        "English Language",
        "Feature extraction",
        "Logistics Processes",
        "Morphemes",
        "Protocols",
        "Machine learning algorithms",
        "Decision Tree",
        "AdaBoost",
        "Whitelist",
        "Base Learners"
    ]
}