{
    "Title": "Quantum Theory Approach to Performance Enhancement in Machine Learning",
    "Authors": [
        "Marion O. Adebiyi",
        "Deborah Fatinikun-Olaniyan",
        "Francis Osang",
        "Abayomi A. Adebiyi"
    ],
    "Date": "2023-05-22",
    "Institution": [
        "Durban University of Technology",
        "Department of Computer Science"
    ],
    "City": [
        "Landmark University",
        "National Open University of Nigeria",
        "Durban"
    ],
    "Country": [
        "Nigeria",
        "South Africa",
        "Abuja"
    ],
    "Keywords": [
        "Quantum Algorithms",
        "Breast Cancer",
        "Linear Classifier",
        "Support vector machine",
        "Learning Process",
        "Quantum algorithm",
        "Classification Problem",
        "Supervised Learning",
        "Quantum Theory",
        "Large Datasets",
        "Data Instances",
        "Uncertainty",
        "Support vector machines",
        "Public Key",
        "Quantum Circuit",
        "Quantum State",
        "Learning Algorithms",
        "Era Of Data",
        "Quantum mechanics",
        "Unsupervised Learning",
        "Qubit",
        "Conventional Estimation",
        "Quantum Computing",
        "Unlabeled Data",
        "Digital bits",
        "Review Of Related Literature",
        "Computers",
        "Quantum Mechanics",
        "Quantum Gates",
        "Support Vector Machine",
        "Support Vector Machine Classifier",
        "Quantum computing",
        "Machine learning algorithms",
        "Decision Tree",
        "Qubit State",
        "Qubits",
        "Machine Learning",
        "Neural Network",
        "Computational Complexity"
    ]
}