{
    "Title": "Property-Based Mutation Testing",
    "Authors": [
        "Ezio Bartocci",
        "Leonardo Mariani",
        "Dejan Ničković",
        "Drishti Yadav"
    ],
    "Date": "2023-05-26",
    "Institution": [
        "Austrian Institute of Technology",
        "TU Wien",
        "University of Milano-Bicocca"
    ],
    "City": [
        "Vienna",
        "Milan"
    ],
    "Country": [
        "Austria",
        "Italy"
    ],
    "Keywords": [
        "Cyber-Physical Systems",
        "Addition Operations",
        "Safety Properties",
        "Mutation Testing",
        "Temporal Logic",
        "Differences In Yield",
        "Software testing",
        "Signal Temporal Logic (STL)",
        "Falsification Test",
        "Number Of Mutations",
        "Test Suite",
        "Search problems",
        "Regular Testing",
        "Cyber-physical Systems",
        "Hydraulic Actuators",
        "Engine Speed",
        "Software Testing",
        "Safety",
        "Test Case Generation",
        "Testing Tools",
        "Mutation Score",
        "Adaptation models",
        "Lookup Table",
        "Mutation Analysis",
        "Software quality",
        "Set Of Operations",
        "Semantics",
        "Semantic",
        "Proper Technique",
        "Simulink Models",
        "Software packages",
        "Experimental Subject",
        "Equivalent Mutation",
        "Original Program"
    ]
}