{
    "Title": "Performance and Reliability of 5G Communications for USV-UAV Critical Applications",
    "Authors": [
        "Kang Xue",
        "José Rodríguez-Piñeiro",
        "Yuning Yu",
        "Jingxiang Hong",
        "Xuefeng Yin",
        "Xie Shunqin"
    ],
    "Date": "2023-05-31",
    "Institution": [
        "Tongji University",
        "China Academy of Engineering Physics"
    ],
    "City": [
        "Mianyang",
        "Shanghai"
    ],
    "Country": [
        "China"
    ],
    "Keywords": [
        "Packet loss",
        "unmanned surface vehicle (USV)",
        "Autonomous aerial vehicles",
        "Packet Transmission",
        "Autonomous Surface Vehicles",
        "Throughput",
        "Critical Communication",
        "Reliable Communication",
        "Forward Error Correction",
        "end-to-end delay",
        "Channel Measurements",
        "New Radio (NR)",
        "Critical Applications",
        "Mobile Communication",
        "unmanned aerial vehicle (UAV)",
        "Wireless Local Area Network",
        "air-to-sea communications",
        "Cyclic Redundancy Check",
        "Data Rate",
        "Bit Error",
        "Channel Model",
        "Rupture Of Membranes",
        "Communication Performance",
        "Large Confidence Intervals",
        "Packet Loss Rate",
        "5G",
        "Transmitting antennas",
        "Additive Noise",
        "5G mobile communication",
        "5G New Radio",
        "Block Error Rate",
        "Moderate Values",
        "Data Packets",
        "3rd Generation Partnership Project",
        "Unmanned Aerial Vehicles",
        "Packet Loss",
        "Measurement Equipment",
        "Delays",
        "Unmanned Aerial Vehicles Communication",
        "Reliability engineering",
        "Measurement Campaign",
        "Single Transmission"
    ]
}