{
    "Title": "Application of Intelligent Residual Current Monitoring System in Low Voltage Distribution",
    "Authors": [
        "Xin Tao",
        "Qiang Zhao",
        "YuShan Feng",
        "SenBuEr Bao",
        "Chun Wang",
        "TieZheng Li",
        "Yan Li"
    ],
    "Date": "2023-05-31",
    "Institution": [
        "Ltd)"
    ],
    "City": [
        "Tongliao"
    ],
    "Country": [
        "China"
    ],
    "Keywords": [
        "Monitoring Devices",
        "Operational Personnel",
        "Fault Point",
        "Power supplies",
        "Residual Current",
        "Current Devices",
        "residual current",
        "Intelligent Monitoring",
        "Monitoring Design",
        "Early Warning",
        "remote monitoring",
        "Low voltage",
        "Residue Changes",
        "Sudden Changes",
        "Maintenance Personnel",
        "Accident Analysis",
        "Cloud Platform",
        "End Nodes",
        "Low-voltage distribution",
        "Intelligent Monitoring System",
        "Switchgear",
        "Topology",
        "Inspection",
        "Operation And Maintenance",
        "Fault Location",
        "Start-up",
        "Intelligent Systems",
        "Recording Of Events",
        "Maintenance engineering",
        "Topological Analysis",
        "Operating System",
        "Incidence Matrix",
        "Fault location",
        "Application Programming",
        "fault location",
        "Administrative System",
        "Current Waveforms",
        "Remote Monitoring",
        "disturbance wave recording",
        "Transformer",
        "Root Node",
        "Communication Protocol"
    ]
}