{
    "Title": "A Modified Modulation Scheme for T-type Traction Inverters to Enhance Low-Speed Range Efficiency in Electric Vehicles",
    "Authors": [
        "Yousefreza Jafarian",
        "Javad Ebrahimi",
        "Omid Salari",
        "Mohamed Z. Youssef",
        "Alireza Bakhshai"
    ],
    "Date": "2023-05-31",
    "Institution": [
        "Queen's University"
    ],
    "City": [
        "Kingston"
    ],
    "Country": [
        "Canada"
    ],
    "Keywords": [
        "Multilevel inverters",
        "Modulation Index",
        "Dc-link Capacitor",
        "Electric Vehicles",
        "Neutral Point Clamped",
        "Space vehicles",
        "Electric vehicles",
        "Total Harmonic Distortion",
        "Power quality",
        "Low-speed Range",
        "Support vector machines",
        "Dcdc Converter",
        "PMSM",
        "Multilevel Inverters",
        "Large Vectors",
        "Small Vectors",
        "Modulation Technique",
        "Modulation",
        "Voltage Difference",
        "Conduction Loss",
        "Space Vector Modulation",
        "Inverter Topology",
        "Switching Frequency",
        "SVM",
        "Three-level T-NPC inverter",
        "Inverters",
        "Dc-link Voltage"
    ]
}