{
    "Title": "Parallel and hierarchically-distributed Shoreline Alert Model (SAM)",
    "Authors": [
        "Ciro Giuseppe de Vita",
        "Gennaro Mellone",
        "Aniello Florio",
        "Catherine Alessandra Torres Charles",
        "Diana Di Luccio",
        "Marco Lapegna",
        "Guido Benassai",
        "Giorgio Budillon",
        "Raffaele Montella"
    ],
    "Date": "2023-06-01",
    "Institution": [
        "University of Madrid Carlos III",
        "University of Naples “Federico II”",
        "University of Naples “Parthenope”"
    ],
    "City": [
        "Madrid",
        "Naples"
    ],
    "Country": [
        "Spain",
        "Italy"
    ],
    "Keywords": [
        "Early Warning System",
        "Management Response",
        "Weather Research",
        "Shallow Water",
        "Forecasting Model",
        "October 2018",
        "Coastal Hazards",
        "Marine ingression",
        "High performance computing",
        "Angle Of Approach",
        "parallel environmental modeling",
        "Extreme Events",
        "Predictive models",
        "Parallel Strategy",
        "Extreme Weather",
        "Intermediate Water",
        "Coastal Areas",
        "Storm Surge",
        "Digital Elevation Model",
        "Weather Forecasting Model",
        "Computational modeling",
        "Water Level",
        "hierarchical distributed computation",
        "Weather Research And Forecasting",
        "Wave Model",
        "Shared Memory",
        "Numerical Simulations",
        "Domain Decomposition",
        "Sea Level",
        "Floods",
        "Early Warning",
        "Wave Height",
        "Sea measurements",
        "Mathematical models",
        "High-performance Computing",
        "coastal flooding",
        "Deep Water",
        "Numerical models"
    ]
}