{
    "Title": "A novel font color and compression text steganography technique",
    "Authors": [
        "Muhammad Askari",
        "Ahsan Mahmood",
        "Zafar Iqbal"
    ],
    "Date": "2023-06-02",
    "Institution": [
        "Air University"
    ],
    "City": [
        "Islamabad"
    ],
    "Country": [
        "Pakistan"
    ],
    "Keywords": [
        "Source Code",
        "Text Steganography",
        "Start 2",
        "Digital systems",
        "Color Scheme",
        "Extraction Process",
        "Image color analysis",
        "High Capacity",
        "Binary Digits",
        "Imperceptibility",
        "Hidden Information",
        "Social Media Platforms",
        "Binary Code",
        "Postage",
        "Data compression",
        "Steganography Techniques",
        "Binary String",
        "Least Significant Bit",
        "Data protection",
        "Human Eye",
        "Polish Language",
        "Data Security",
        "Organizations",
        "Original Text",
        "Secret Message",
        "Embedding Process",
        "Color Channels",
        "Email Address",
        "Words In Sentences",
        "Red-green-blue",
        "Steganography",
        "Steganalysis",
        "Text Characters",
        "RGB Color",
        "Font Color",
        "Robustness",
        "Red, Green, Blue Color",
        "Decimal Number",
        "Secret Information",
        "Message Size"
    ]
}