{
    "Title": "IoT based Forest Fire Prediction Framework",
    "Authors": [
        "Banu Priya Prathaban",
        "Subash Rajendran",
        "G Lakshmi"
    ],
    "Date": "2023-05-30",
    "Institution": [
        "Sri Sairam Engineering College",
        "Vel Tech Rangarajan Dr. Sakunthala R&D Institute of Science and Technology",
        "SRM Institute of science and Technology"
    ],
    "City": [
        "Chennai"
    ],
    "Country": [
        "India"
    ],
    "Keywords": [
        "Australian Bushfire",
        "Animals",
        "Satellite",
        "Wildfire",
        "Quick Response",
        "Base Station",
        "P300",
        "Electric potential",
        "GSM",
        "OpenBCI",
        "Wireless Sensor Networks",
        "Forest Fire Prediction",
        "electroencephalogram",
        "Gas Sensors",
        "Alternating Current",
        "Cloud Information",
        "Cloud Database",
        "Receivers",
        "Internet Of Things",
        "Wireless sensor networks",
        "Fire Detection",
        "Wireless Technologies",
        "Humidity Sensor",
        "Brain computer interface",
        "Serial Port",
        "Forestry",
        "Fire Location",
        "Changes In Composition",
        "Sensor Values",
        "steady state visual evoked potential",
        "Visualization",
        "Receiver End"
    ]
}