{
    "Title": "Demonstration of A 3D Chip by Logic-DRAM Stacked Using Paired TSV Interconnection through Interface for AI/Edge-Computing Application",
    "Authors": [
        "Chun-Lin Lu",
        "Chun Cheng Chen",
        "Sheng-Chieh Lin",
        "Chih-Hao Chuang",
        "Kai-Yao Shih",
        "Hsin-Yi Liao",
        "Chin-Hung Huang",
        "Min-Syong Ju",
        "Cheng-Shu Ho",
        "Chi Ming Chen",
        "Shou-Zen Chang"
    ],
    "Date": "2023-05-31",
    "Institution": [
        "Powerchip Semiconductor Manufacturing Corporation"
    ],
    "City": [
        "Hsinchu"
    ],
    "Country": [
        "Taiwan"
    ],
    "Keywords": [
        "Semiconductor device reliability",
        "Silicon",
        "Metals",
        "Contact Resistance",
        "Very large scale integration",
        "Contact resistance",
        "Memory Bandwidth",
        "Three-dimensional displays",
        "Multiprocessor interconnection",
        "Interconnected Network"
    ]
}