{
    "Title": "Virtualization for Automotive Safety and Security Exploration",
    "Authors": [
        "Md Rafiul Kabir",
        "Sandip Ray"
    ],
    "Date": "2023-05-25",
    "Institution": [
        "Gainesville"
    ],
    "City": [
        "FL"
    ],
    "Country": [
        "USA"
    ],
    "Keywords": [
        "Denial Of Service",
        "Sensor Data",
        "Safety Systems",
        "Actuator",
        "Vehicular Communication",
        "Transmission Control Protocol",
        "Load Torque",
        "Motor Load",
        "Wheel Speed",
        "Systematic Exploration",
        "MIMICs",
        "Failure Modes",
        "Coordinate Components",
        "Embedded systems",
        "Hardware",
        "Vehicle safety",
        "Software safety",
        "Adversarial Attacks",
        "Machine learning",
        "Torque Sensor",
        "Sensor systems",
        "Cyber-physical Systems",
        "Virtually",
        "Automotive Systems",
        "Real-life Scenarios"
    ]
}