{
    "Title": "Performance Analysis of Low Power Multiplexer for Communication System",
    "Authors": [
        "Lalit Rai",
        "Prashant Kumar",
        "Neeraj Gupta",
        "Rashmi Gupta"
    ],
    "Date": "2023-05-29",
    "Institution": [
        "Faridabad",
        "Haryana"
    ],
    "City": [
        "Faridabad",
        "Gurugram"
    ],
    "Country": [
        "India"
    ],
    "Keywords": [
        "Low Power Consumption",
        "Design Style",
        "Logic gates",
        "TG",
        "CMOS",
        "Semiconductor device modeling",
        "Multiplexing",
        "Transistor Size",
        "Communication systems",
        "Power demand",
        "GDI",
        "PTL",
        "Power Consumption",
        "Logic Design",
        "Logic design",
        "Conventional Design",
        "Low Power",
        "power dissipation",
        "Delays",
        "Circuit Level"
    ]
}