{
    "Title": "Investigating Low-Rank Approximations for the Finite Element-Boundary Integral Method",
    "Authors": [
        "Niklas Wingren",
        "Daniel Sjöberg"
    ],
    "Date": "2023-05-31",
    "Institution": [
        "Lund University"
    ],
    "City": [
        "Lund"
    ],
    "Country": [
        "Sweden"
    ],
    "Keywords": [
        "Open Boundary",
        "computational electromagnetics",
        "QR Decomposition",
        "hybrid methods",
        "acceleration methods",
        "open source software",
        "Integral equations",
        "Acceleration Method",
        "Europe",
        "Linearly Polarized",
        "Glass Fiber",
        "Finite element analysis",
        "Integration Method",
        "LU Factorization",
        "Finite-element Boundary Integral",
        "Finite Element Method",
        "Plane Wave",
        "Lower Threshold",
        "Mesh Size",
        "Degrees Of Freedom",
        "Wind Turbine",
        "Preconditioning",
        "Numerical Tests",
        "Codes",
        "Method Of Moments",
        "Singular Value Decomposition",
        "Scattering",
        "Elongated Structures",
        "adaptive cross approximation",
        "Software",
        "Sparse Matrix",
        "Size Parameters",
        "Integral Operator",
        "Low-rank Approximation",
        "Radar cross-sections",
        "Open-source Software",
        "Hyperbaric Oxygen",
        "Cylinder Length",
        "Radar Cross Section",
        "Iterative Solver",
        "Wind Turbine Blades"
    ]
}