{
    "Title": "A Method to Eliminate Adverse Effects on Reclosing and Automatic Input Device for Backup in Inverter-Type Distributed Generation during Grid Faults",
    "Authors": [
        "Yichao Jia",
        "Hongying Zhang",
        "Linan Qu",
        "Luming Ge",
        "Ning Chen",
        "Desheng Zhang",
        "Guofang Zhu",
        "Baoqi Lu"
    ],
    "Date": "2023-05-31",
    "Institution": [
        "China Electric Power Research Institute",
        "Shandong University"
    ],
    "City": [
        "Jinan",
        "Nanjing"
    ],
    "Country": [
        "China"
    ],
    "Keywords": [
        "Distribution Network",
        "Power supplies",
        "Power System",
        "Input devices",
        "Positive Elements",
        "Switches",
        "Simulation",
        "Short-circuit currents",
        "Grid Fault",
        "Low Voltage",
        "Automatic Device",
        "Short-circuit Current",
        "Fault Location",
        "Relay Protection",
        "Power Grid",
        "Photovoltaic System",
        "Network Reliability",
        "Circuit Breaker",
        "Overvoltage",
        "Microgrid",
        "Tr Values",
        "Low voltage",
        "Automatic input device for backup power supply",
        "Voltage Components",
        "Positive Voltage",
        "Positive Sequence",
        "Terminal Voltage",
        "Electrical engineering",
        "Transmission Line",
        "Negative Component",
        "Negative Sequence",
        "Positive Component",
        "State Machine",
        "Normal Operation",
        "Reclosing",
        "Low Defect",
        "Fault detection in power grid",
        "Switching Control",
        "Inverter-type distributed power generation",
        "Reliable Power Supply"
    ]
}