{
    "Title": "Enhanced Position Estimation Based on Hybrid Bluetooth and Pedestrian Dead Reckoning using Sensor Fusion Algorithm in Indoor Navigation",
    "Authors": [
        "Hafiz Sheraz Sheikh",
        "Awais Abbas",
        "Saadullah Farooq Abbasi",
        "Haseeb Rustam",
        "Ghulam Qasim"
    ],
    "Date": "2023-06-02",
    "Institution": [
        "Riphah International University",
        "Air University"
    ],
    "City": [
        "Islamabad"
    ],
    "Country": [
        "Pakistan"
    ],
    "Keywords": [
        "Location awareness",
        "Digital Filter",
        "Pedestrian Dead Reckoning",
        "Dead Reckoning",
        "Indoor Navigation",
        "Machine learning",
        "Localization Accuracy",
        "Localization Techniques",
        "Hybrid Model",
        "Indoor Localization",
        "Sensor Fusion Algorithm",
        "Wireless",
        "an inertial navigation system",
        "sensor fusion",
        "Local Services",
        "Inertial Navigation",
        "K-nearest Neighbor",
        "Kalman Filter",
        "Local System",
        "Global Positioning System",
        "Local Algorithm",
        "machine learning",
        "Bluetooth",
        "Object Position",
        "Dead reckoning",
        "Extended Kalman Filter",
        "Radio Frequency Identification",
        "Butterworth Digital Filter",
        "Object Detection",
        "Global Navigation Satellite System",
        "Positioning System",
        "Magnetometer",
        "Machine learning algorithms",
        "Inertial Measurement Unit",
        "Indoor Environments",
        "BLE",
        "pedestrian dead reckoning",
        "Accelerometer",
        "PDR",
        "Multi-storey",
        "Estimation",
        "Indoor navigation",
        "Position Estimation"
    ]
}