{
    "Title": "Experimental Evaluation of Liquid Immersed Electronics for High Density Power Converters",
    "Authors": [
        "Jamie E. Turnbull",
        "Giri Venkataramanan",
        "Daniel Ludois"
    ],
    "Date": "2023-05-31",
    "Institution": [
        "Madison"
    ],
    "City": [
        "WI"
    ],
    "Country": [
        "USA"
    ],
    "Keywords": [
        "High Voltage",
        "Maximum Magnitude",
        "Dielectric Breakdown",
        "DC Voltage",
        "Wide Bandgap Semiconductor",
        "Air Temperature",
        "Voltage Stress",
        "High Power",
        "Clear Distance",
        "Experimental Evaluation",
        "Power Loss",
        "Power Electronics",
        "Steady-state",
        "Breakdown Electric Field",
        "Steady State",
        "Maximum Electric Field",
        "Density measurement",
        "High-voltage techniques",
        "Heat Transfer Coefficient",
        "Alternating Current",
        "Steady Temperature",
        "Area Of Innovation",
        "Natural Convection",
        "Inverters",
        "Shape",
        "Sharp Edges",
        "High Switching Frequency",
        "Finite Element Analysis",
        "Circuit Design",
        "Liquids",
        "Printed Circuit Board",
        "Power Conversion",
        "Power Density",
        "Power system measurements",
        "Heat Transfer",
        "Immersion Liquid",
        "Maximum Field"
    ]
}