{
    "Title": "Design of Translation Accuracy Correction Algorithm for English Translation Software Based on Semantic Relations",
    "Authors": [
        "Hongxia Dong"
    ],
    "Date": "2023-06-06",
    "Institution": [
        "Zhuhai College of Science and Technology"
    ],
    "City": [
        "Zhuhai"
    ],
    "Country": [
        "China"
    ],
    "Keywords": [
        "English Sentences",
        "Semantic analysis",
        "Semantic Vectors",
        "English translation software",
        "Translation System",
        "Vocabulary",
        "Software",
        "Syntactic Analysis",
        "Rule-based",
        "Meaning Of The Sentence",
        "Sentence Completion",
        "Machine Translation",
        "Syntactics",
        "Shortest Path",
        "Semantics",
        "Correction algorithm",
        "Part-of-speech",
        "Concept Words",
        "Source Program",
        "Software algorithms",
        "Cognitive Complexity",
        "Translation Method",
        "Semantic Similarity",
        "Translation Accuracy",
        "English Literature",
        "Template For Translation",
        "Machine translation",
        "English Version",
        "Triples (Data structure)",
        "Statistical analysis",
        "English Vocabulary",
        "English Language",
        "Syntactic Features",
        "Common Phenomenon",
        "Semantic Errors",
        "English Translation"
    ]
}