{
    "Title": "Cross-Scale Dilated Residual Network for Image Compressed Sensing",
    "Authors": [
        "Yanhe Chen"
    ],
    "Date": "2023-06-12",
    "Institution": [
        "Henan University"
    ],
    "City": [
        "Kaifeng"
    ],
    "Country": [
        "China"
    ],
    "Keywords": [
        "Convolutional Layers",
        "Image coding",
        "Receptive Field",
        "Convolution Process",
        "dilated residual block",
        "Convolution Kernel",
        "Internet Of Things",
        "Feature Information",
        "cross-scale information",
        "Compressed sensing",
        "Sensors",
        "Image Reconstruction",
        "Information exchange",
        "Image reconstruction",
        "Image Block",
        "compressed sensing",
        "Information Exchange",
        "Residual Block",
        "Convolutional Neural Network",
        "Deep learning",
        "Convolution Kernel Size",
        "Dilated Convolution",
        "Deep Network",
        "Parallel Network",
        "Computational complexity"
    ]
}