{
    "Title": "Collision Avoidance Algorithm for a Quadrotor UAV in Dynamic Environments",
    "Authors": [
        "Abitha M.A.",
        "Abdul Saleem"
    ],
    "Date": "2023-06-08",
    "Institution": [
        "Thrissur APJ Abdul Kalam Technological University"
    ],
    "City": [
        "Kerala"
    ],
    "Country": [
        "India"
    ],
    "Keywords": [
        "PI control",
        "Planning",
        "minimum jerk trajectory",
        "Body Frame",
        "Trajectory",
        "Trajectory Optimization",
        "Inertial Frame",
        "Non-linear Manner",
        "Proportional-derivative Control",
        "Constant Speed",
        "Linear Model",
        "Vision Sensors",
        "Control Input",
        "Ultrasonic Sensors",
        "Moment Of Inertia",
        "Stereopsis",
        "Equations Of Motion",
        "Linear Control",
        "Nonlinear Systems",
        "Angular Velocity",
        "Obstacle Position",
        "Target tracking",
        "Kalman Filter",
        "Maintenance engineering",
        "Unmanned Aerial Vehicles",
        "Proportional-integral-derivative",
        "Trajectories In Order",
        "Heat Waves",
        "proportional integral derivative controller",
        "Heuristic algorithms",
        "quadrotor",
        "Obstacle Avoidance",
        "Center Of Mass",
        "Degrees Of Freedom",
        "PD control",
        "3D Space",
        "Collision Avoidance Algorithm",
        "collision avoidance"
    ]
}