{
    "Title": "Features of Liquid–Phase Epitaxy of (InSb)1–z(Sn2)z Solid Solutions of Molecular Substitution on GaAs and GaP Substrates",
    "Authors": [
        "Shukrullo Usmonov",
        "Umida Asatova",
        "Abduhakim Akhmedov"
    ],
    "Date": "2023-06-14",
    "Institution": [
        "Tashkent Institute of Irrigation and Agriculture Mechanization Engineers",
        "Urgench State University",
        "Physical-Technical Institute"
    ],
    "City": [
        "Urgench",
        "Tashkent"
    ],
    "Country": [
        "Uzbekistan"
    ],
    "Keywords": [
        "I-V Curves",
        "Epitaxial Layer",
        "Charge Carrier Concentration",
        "narrow-gap solid solution",
        "Solids",
        "Gallium arsenide",
        "Gapped Substrate",
        "Photocurrent",
        "Further Increase In Temperature",
        "liquid–phase epitaxy",
        "Excited Levels",
        "Temperature Range",
        "Charge Carriers",
        "Tin",
        "Fundamental Absorption",
        "Temperature dependence",
        "Epitaxial growth",
        "Free Carriers",
        "Molecular Substitution",
        "solubility in liquid metals",
        "Single Crystal Structure",
        "Increase In Temperature",
        "Temperature",
        "Heterostructures",
        "InSb",
        "Semiconductor process modeling",
        "Formation Of Molecules",
        "Carrier Concentration",
        "Free Charge Carriers",
        "Charge Carrier Recombination",
        "Binary Compounds",
        "Lattice Parameters",
        "Solid Solution",
        "Band Gap",
        "N-type Conductivity",
        "photosensitivity",
        "2D Materials"
    ]
}