{
    "Title": "OFDM communication system based on FPGA",
    "Authors": [
        "Ziping Tang"
    ],
    "Date": "2023-06-09",
    "Institution": [
        "Shenzhen University"
    ],
    "City": [
        "Shenzhen"
    ],
    "Country": [
        "China"
    ],
    "Keywords": [
        "Underwater Communication",
        "Physical Channel",
        "Underwater Acoustic",
        "Modulation",
        "Communication Systems",
        "Doppler",
        "Wireless LAN",
        "Encryption And Decryption",
        "Wireless Local Area Network",
        "Least Significant Bit",
        "Phase Correction",
        "Wireless Networks",
        "FPGA",
        "Time Synchronization",
        "Information Security",
        "5G",
        "5G mobile communication",
        "Power System",
        "Phase Compensation",
        "Training Sequences",
        "Discrete Fourier Transform",
        "Wavelet Transform",
        "Inter-symbol Interference",
        "Resistance",
        "Unlicensed Spectrum",
        "Secure Transmission",
        "Synchronization",
        "OFDM",
        "Orthogonal Frequency Division Multiplexing",
        "Information security",
        "Cyclic Prefix",
        "Data Streams"
    ]
}