{
    "Title": "Recoloring Grayscale Images using GAN",
    "Authors": [
        "Aeshita Mathur",
        "Ameesha Dabas",
        "Parikshit Rana",
        "Sanjay Kumar"
    ],
    "Date": "2023-06-08",
    "Institution": [
        "Delhi Technological University"
    ],
    "City": [
        "Delhi"
    ],
    "Country": [
        "India"
    ],
    "Keywords": [
        "Convolutional Layers",
        "Image coding",
        "Deep Learning",
        "Nanopillars",
        "Transfer Knowledge",
        "image-to-image translation",
        "3D Printing",
        "LeakyReLU Activation Function",
        "Feature Extraction",
        "Activation Function",
        "Deep Architecture",
        "Convolutional Neural Networks",
        "Generative Adversarial Network",
        "Output Image",
        "Training",
        "Color Properties",
        "Real Color",
        "Neural networks",
        "Colorization",
        "Object Recognition",
        "Image color analysis",
        "Grayscale Images",
        "Generative adversarial networks",
        "Generative Adversarial Networks",
        "Conditional Generative Adversarial Network",
        "Final Layer",
        "Feature extraction",
        "Convolutional Neural Network",
        "Gray-scale",
        "Neural Network",
        "Batch Normalization",
        "Color Images"
    ]
}