{
    "Title": "Fingerprint Recognition Scheme Based on Deep Learning and Homomorphic Encryption",
    "Authors": [
        "Jianhong Zhang",
        "Hongwei Su",
        "Yue Li",
        "Haowei Yang"
    ],
    "Date": "2023-06-07",
    "Institution": [
        "North China University of Technology"
    ],
    "City": [
        "Beijing"
    ],
    "Country": [
        "China"
    ],
    "Keywords": [
        "Face Recognition",
        "homomorphic encryption",
        "Key Generation",
        "Deep Learning",
        "Privacy",
        "Biometric Identification",
        "Previous Strategies",
        "Types Of Fingerprints",
        "Information science",
        "SM9",
        "Encryption Scheme",
        "Matching Results",
        "Deep Convolutional Neural Network",
        "Public Key",
        "Plaintext",
        "Thumbprint",
        "K-nearest Neighbor",
        "Feature Recognition",
        "Recognition Rate",
        "Biometric Technologies",
        "CNN",
        "SM4",
        "Secret Key",
        "Neural networks",
        "fingerprint identification",
        "Database Server",
        "Resists",
        "Security Of Users",
        "Fingerprint Features",
        "Feature extraction",
        "Convolutional Neural Network",
        "Deep learning",
        "Symmetric Encryption",
        "Fingerprint recognition",
        "Neural Network",
        "Recognition Strategies",
        "Authentication Service",
        "Matching Efficiency",
        "Privacy Protection"
    ]
}