{
    "Title": "High-altitude parabolic detection method based on GMM model and SORT algorithm",
    "Authors": [
        "Yun-Tao Shi",
        "Qi Luo",
        "Tao Zhang",
        "Cheng Yue Hao"
    ],
    "Date": "2023-06-15",
    "Institution": [
        "North China University of Technology"
    ],
    "City": [
        "Beijing"
    ],
    "Country": [
        "China"
    ],
    "Keywords": [
        "Simple Online",
        "Parabolic",
        "Target Recognition",
        "Gaussian Mixture Model (GMM)",
        "Video Surveillance",
        "Dynamic Tracking",
        "False Detection Rate",
        "Target Frame",
        "Gaussian Mixture Model",
        "Video Survelliance",
        "Morphological Operations",
        "Normal Distribution",
        "Intersection Over Union",
        "Dynamic Target",
        "Dynamic Goals",
        "Target recognition",
        "Kalman Filter",
        "Temporal Differences",
        "Heuristic algorithms",
        "Sociology",
        "Target tracking",
        "Target Trajectory",
        "Current Pixel",
        "Optical Flow",
        "Parabola",
        "Process In China",
        "Parabolic Method",
        "Background Model",
        "Morphological Filtering",
        "Mathematical models",
        "Video surveillance",
        "Dynamics",
        "Excellent Performance"
    ]
}