{
    "Title": "Investigation of Thermal Stress Impact to the Dielectric Properties of the Oil-paper Insulation System",
    "Authors": [
        "Ján Zbojovský",
        "Marek Pavlík",
        "Iraida Kolcunová"
    ],
    "Date": "2023-06-28",
    "Institution": [
        "Technical University of Košice"
    ],
    "City": [
        "Košice"
    ],
    "Country": [
        "Slovak Republic"
    ],
    "Keywords": [
        "Temperature",
        "Power systems",
        "Loss Factor",
        "Paper Samples",
        "Permittivity Values",
        "thermal stress",
        "Dielectric Properties",
        "Increase In Values",
        "Oil Samples",
        "Thermal Stress",
        "Krempel insulation paper",
        "insulating oils",
        "Dielectric Constant",
        "High Temperature",
        "Electrode System",
        "Thermal Aging",
        "Dielectric Capacitors",
        "Oils",
        "Heat Stress",
        "Insulation",
        "dielectric loss factor",
        "Hours Of Age",
        "Permittivity Of Samples",
        "Degradation Process",
        "Electric Strength",
        "Deterioration Of Properties",
        "Shell Diala S4 ZX-I",
        "Mogul Trafo CZ-A",
        "Temperature measurement",
        "Oil-paper Insulation System",
        "Dielectric Loss Factor",
        "Oil-paper Insulation",
        "Elevated Temperature",
        "Insulation System",
        "Dielectric loss measurement",
        "Relative Permittivity Values",
        "Dielectrics",
        "Aging Time",
        "Hours Of Stress",
        "Changes In Values",
        "Properties Of Systems",
        "Tg Values"
    ]
}