{
    "Title": "Dynamic Spatio-temporal Access Queries using Semi-Supervised Regression",
    "Authors": [
        "Chris Conlan",
        "Teddy Cunningham",
        "Hakan Ferhatosmanoglu"
    ],
    "Date": "2023-06-14",
    "Institution": [
        "University of Warwick"
    ],
    "City": [
        "Coventry"
    ],
    "Country": [
        "UK"
    ],
    "Keywords": [
        "COVID-19 Vaccine",
        "Multimodal Network",
        "Costs",
        "Query Analysis",
        "Gravity Model",
        "Large Networks",
        "Scheduled Date",
        "Accessibility Measures",
        "Accessibility Score",
        "Access Queries",
        "Correlation",
        "Spatiotemporal Dimensions",
        "Analytical models",
        "Original Point",
        "Legged locomotion",
        "Multilayer Perceptron",
        "Time Interval",
        "Cost Of Access",
        "Urban Analytics",
        "Bus Stop",
        "Machine Learning",
        "Graph Neural Networks",
        "Start Time",
        "Small Budget",
        "Machine learning",
        "Targeting Vector",
        "Travel Time",
        "Spatiotemporal Data",
        "Job Centers",
        "Semi-Supervised Learning",
        "Semi-supervised Regression",
        "Prediction algorithms",
        "Deep Learning",
        "Aggregates",
        "Low Budget",
        "Accessibility",
        "Fair Distribution",
        "Census Tracts",
        "Monetary Cost",
        "Reduce Processing Time"
    ]
}