{
    "Title": "Business Intelligence Dashboard for Asset Inventory Management Monitoring at PT Indonesia Power Head Office",
    "Authors": [
        "Muhammad Ridho",
        "Ilona Irena Gutandjala",
        "Agnes Tyas Windart",
        "Teguh Pransandy"
    ],
    "Date": "2023-06-19",
    "Institution": [
        "Bina Nusantara University"
    ],
    "City": [
        "Jakarta"
    ],
    "Country": [
        "Indonesia"
    ],
    "Keywords": [
        "Recording",
        "Device Management",
        "Inventory Of Assets",
        "Business Intelligence",
        "Related Data",
        "Companies",
        "Accessible Way",
        "Data Visualization Tools",
        "Information Technology Industry",
        "Patterns In Data",
        "Licenses",
        "Process Monitoring",
        "Use Of Information Technology",
        "Assets Of The Company",
        "Asset Inventory Management",
        "Inventory management",
        "Development Of Information Technology",
        "Inventory Management",
        "Business Companies",
        "Tableau",
        "Information System",
        "Portable computers",
        "Monitoring Information",
        "Data Visualization",
        "Dashboard",
        "Asset Management",
        "Software",
        "Business Development",
        "Business Activities",
        "Computers",
        "Solar Wind",
        "Data Version"
    ]
}