{
    "Title": "Modified Versoria Function-Based Fast Zero Attraction LMS Algorithm applied to Grid Tied Solar PV System",
    "Authors": [
        "Md. Khalid Akhlaque",
        "J. N. Rai",
        "S. T. Nagarajan"
    ],
    "Date": "2023-06-16",
    "Institution": [
        "Delhi Technological University"
    ],
    "City": [
        "New Delhi"
    ],
    "Country": [
        "India"
    ],
    "Keywords": [
        "Harmonic analysis",
        "Solar Array",
        "Convergence Efficiency",
        "Power system harmonics",
        "Weight Loading",
        "Solar photovoltaic (PV) Array",
        "Control Mechanisms",
        "Renewable Sources",
        "Solar Power",
        "Smart Grid",
        "Total Harmonic Distortion",
        "Adaptive Filter",
        "Solar Photovoltaic",
        "Power quality",
        "Load Current",
        "VSC",
        "Maximum Power Point",
        "Control Strategy",
        "Weight Components",
        "Topology",
        "Photovoltaic System",
        "Maximum Power",
        "Computational modeling",
        "3-phase",
        "Indirect Control",
        "Power Quality",
        "RES",
        "MVFZA-LMS",
        "Nonlinear Load",
        "Boost Converter",
        "Unbalanced Load",
        "MPPT",
        "Least Mean Square",
        "Grid Current",
        "Renewable Energy Sources",
        "Mathematical models",
        "Software packages",
        "Switching Pulses",
        "Power Quality (PQ)",
        "DC Link",
        "Line Voltage",
        "Dc-link Voltage"
    ]
}