{
    "Title": "Value Sensitive Design meets Participatory Value Evaluation for autonomous systems in Defence",
    "Authors": [
        "Christine Boshuijzen-van Burken",
        "Shannon Spruit",
        "Lotte Fillerup",
        "Niek Mouter"
    ],
    "Date": "2023-06-23",
    "Institution": [
        "Populytics",
        "UNSW",
        "Delft University of Technology"
    ],
    "City": [
        "Leiden",
        "Delft",
        "Canberra"
    ],
    "Country": [
        "Australia",
        "The Netherlands"
    ],
    "Keywords": [
        "Ethical Framework",
        "Design Process",
        "Systematic Framework",
        "Participatory Design",
        "Semi-structured Interviews",
        "Climate Change Mitigation",
        "Economics",
        "Autonomous systems",
        "Climate Change",
        "Environmental Values",
        "Autonomous Drone",
        "National Citizenship",
        "group decision room",
        "military technology",
        "autonomous systems",
        "University Human Research Ethics",
        "Ethics",
        "Design Requirements",
        "Tree Planting",
        "Data mining",
        "Participation Rate",
        "value sensitive design",
        "Context Of Use",
        "Weapons",
        "Autonomic System",
        "Additional Stakeholders",
        "University Human Research",
        "Human-in-the-loop",
        "Drones",
        "participatory value evaluation",
        "System Design",
        "International Humanitarian Law"
    ]
}