{
    "Title": "Uniformity detection of covering layers for workpieces with Near-field microwave microscopy",
    "Authors": [
        "Haoyun Liu",
        "Juntao Guo",
        "Zhe Wu"
    ],
    "Date": "2023-06-27",
    "Institution": [
        "University of Electronic Science and Technology of China"
    ],
    "City": [
        "Chengdu"
    ],
    "Country": [
        "China"
    ],
    "Keywords": [
        "Oxide Layer",
        "covering layer",
        "Signal Propagation",
        "nondestructive testing",
        "Mechanical Devices",
        "Probe Tip",
        "Signal Reception",
        "Generation Of Devices",
        "Wires",
        "Less Than Or Equal",
        "Echo Signal",
        "Packaging",
        "Hardware",
        "Sample Surface",
        "Q-factor",
        "Resonant Cavity",
        "Near-field Microwave",
        "Resonant frequency",
        "Workpiece Surface",
        "Microwave Microscopy",
        "uniformity",
        "Nickel alloys",
        "Near-field Microscopy",
        "near-field microwave microscopy",
        "Quality Factor",
        "Resonance Frequency",
        "Microwave theory and techniques",
        "Standard Samples"
    ]
}