{
    "Title": "Formation and Electromagnetic radiation of ion-focused virtual cathode oscillation",
    "Authors": [
        "Shengpeng Yang",
        "Changjian Tang",
        "Yubin Gong"
    ],
    "Date": "2023-06-27",
    "Institution": [
        "University of Electronic Science and Technology of China",
        "Ministry of Education Sichuan University"
    ],
    "City": [
        "Chengdu"
    ],
    "Country": [
        "China"
    ],
    "Keywords": [
        "Phase Space",
        "Electron Beam",
        "Electron beams",
        "Electronic Parts",
        "ion focus",
        "Ions",
        "Vacuum systems",
        "Vacuum electronics",
        "Elastic Collisions",
        "Green Arrows",
        "Frequency modulation",
        "beam-plasma system",
        "Electromagnetic Radiation",
        "Plasma Waves",
        "Electromagnetic radiation",
        "particle in cell",
        "Neutral Gas",
        "Multi-stage Structure",
        "Plasmas",
        "virtual cathode",
        "Virtual Cathode",
        "White Dotted Line",
        "Space Charge Limited Current"
    ]
}