{
    "Title": "Predicting the Risk of Myopia Exacerbation Based on a Naive Bayesian Classification Algorithm",
    "Authors": [
        "Sun Lina"
    ],
    "Date": "2023-06-27",
    "Institution": [
        "Telecommunications and Control Systems. Ural Federal University named after the first President of Russia B.N.Yeltsin"
    ],
    "City": [
        "Yekaterinburg"
    ],
    "Country": [
        "Russia"
    ],
    "Keywords": [
        "Naive Model",
        "Good Job",
        "Bayesian Classifier Algorithm",
        "Machine learning",
        "natural language processing",
        "Retina",
        "Receiver Operating Characteristic Curve",
        "Global Public Health Problem",
        "Recall Score",
        "Training Set",
        "Naive Algorithm",
        "Predictive models",
        "Bayesian Classifier",
        "Prediction algorithms",
        "Natural Language",
        "WHO Report",
        "Bayesian Model",
        "Naïve Bayesian Classifier",
        "F1 Score",
        "machine learning",
        "Medical Data",
        "Prediction Probability",
        "Bayesian classification algorithm",
        "High Myopia",
        "Natural languages",
        "Precision Score",
        "myopia",
        "Accuracy Scores",
        "Bayesian Inference",
        "Surveys",
        "Machine learning algorithms",
        "Predicted Class Label",
        "Naive Method",
        "Bayesian Algorithm",
        "Prediction Model",
        "Confusion Matrix"
    ]
}