{
    "Title": "Development of a Control Framework to Autonomously Install Clip Bird Diverters on High-Voltage Lines",
    "Authors": [
        "Simone D’Angelo",
        "Francesca Pagano",
        "Fabio Ruggiero",
        "Vincenzo Lippiello"
    ],
    "Date": "2023-06-26",
    "Institution": [
        "University of Naples Federico II"
    ],
    "City": [
        "Naples"
    ],
    "Country": [
        "Italy"
    ],
    "Keywords": [
        "PWM Signal",
        "Software packages",
        "Stability analysis",
        "Cartesian Space",
        "Installation Of Devices",
        "Manipulators",
        "High-voltage Lines",
        "Inertia Matrix",
        "Optimal Control",
        "Flight Control",
        "Tracking Control",
        "Aerial Platforms",
        "Task analysis",
        "Force Sensor",
        "Physics Engine",
        "Body-fixed Frame",
        "Angular Position",
        "High Altitude",
        "Angular Velocity",
        "Prototype",
        "Installation Process",
        "High-voltage techniques",
        "Tracking Error",
        "Robot sensing systems",
        "Robotic Arm",
        "Unmanned Aerial Vehicles",
        "Force Feedback",
        "Integration Of Activities",
        "Task Execution",
        "Carbon Fiber",
        "BirdLife",
        "N Force",
        "Birds",
        "Interaction Forces",
        "Center Of Mass",
        "Force Measurements"
    ]
}