{
    "Title": "Fault Diagnosis and Detection for Battery System in Real-World Electric Vehicles Based on Long-Term Feature Outlier Analysis",
    "Authors": [
        "Xiaoyu Li",
        "Xiao Gao",
        "Zhaosheng Zhang",
        "Qiping Chen",
        "Zhenpo Wang"
    ],
    "Date": null,
    "Institution": [
        "Hebei University of Technology",
        "East China Jiaotong University",
        "Beijing Institute of Technology"
    ],
    "City": [
        "Beijing",
        "Nanchang",
        "Tianjin"
    ],
    "Country": [
        "China"
    ],
    "Keywords": [
        "Big Data",
        "Long-term Analysis",
        "Charge Capacity",
        "density-based spatial clustering of applications with noise (DBSCAN) cluster",
        "fault diagnosis",
        "Electric Vehicles",
        "Window Size",
        "Savitzky-Golay Filter",
        "Batteries",
        "Fault Diagnosis",
        "Cumulative Percentage Of Variance",
        "electric vehicles (EVs)",
        "Battery management system",
        "Core Point",
        "Root Mean Square Error",
        "Battery System",
        "Filtering Algorithm",
        "Feature Dimension",
        "New Energy Vehicle",
        "Principal Component Analysis Algorithm",
        "Machine Learning",
        "Short-term Data",
        "Fault Diagnosis Method",
        "Battery Failure",
        "System For Electric Vehicles",
        "Internal Temperature",
        "Data mining",
        "Integrated circuit modeling",
        "Large-scale Data",
        "Feature extraction",
        "Long Short-term Memory",
        "Potential Failure",
        "Safety",
        "Fault Features",
        "Total Voltage",
        "Terminal Voltage",
        "Temperature Sensor",
        "Energy Vehicles",
        "Circuit faults",
        "Real-world Data",
        "Fault diagnosis"
    ]
}