{
    "Title": "Enhanced wake mixing in wind farms using the Helix approach: A loads sensitivity study",
    "Authors": [
        "Aemilius A.W. Van Vondelen",
        "Sachin T. Navalkar",
        "Daan R.H. Kerssemakers",
        "Jan-Willem Van Wingerden"
    ],
    "Date": "2023-07-03",
    "Institution": [
        "Siemens Gamesa Renewable Energy",
        "Delft University of Technology"
    ],
    "City": [
        "Delft",
        "The Hague"
    ],
    "Country": [
        "The Netherlands"
    ],
    "Keywords": [
        "Clockwise Direction",
        "Offshore Wind",
        "Ambient Wind",
        "Offshore Wind Farms",
        "Excitation Frequency",
        "Sensitivity",
        "Cyclic Loading",
        "Strouhal Number",
        "Wind Turbine",
        "Increase In Load",
        "Tuning",
        "Yaw Moment",
        "Blades",
        "Fundamental Frequency",
        "Wind Farm",
        "Wind farms",
        "Wind turbines",
        "Ambient Flow",
        "Power Spectrum",
        "Large Eddy Simulation",
        "Poles and towers",
        "Helix Approach",
        "Wind Direction",
        "Pitch Control",
        "Surface Plots",
        "Power Production",
        "Thrust Force"
    ]
}