{
    "Title": "Improved Apriori Algorithm in Higher Vocational English Education Information Data Mining",
    "Authors": [
        "Ying Liu",
        "Lvlin Zeng"
    ],
    "Date": "2023-06-21",
    "Institution": [
        "Beijing Polytechnic"
    ],
    "City": [
        "Beijing"
    ],
    "Country": [
        "China"
    ],
    "Keywords": [
        "Big Data",
        "Vocational Training",
        "Information Content",
        "Data analysis",
        "Data visualization",
        "Rich Content",
        "Algorithm For Data",
        "Improved Apriori Algorithm",
        "Apriori Algorithm",
        "Boolean Matrix",
        "Data Mining Process",
        "Multithreading",
        "Educational Platform",
        "Organizations",
        "Educational Materials",
        "Association Rule Mining",
        "Process Mining",
        "Mining Results",
        "Data Mining Algorithms",
        "Model Evaluation",
        "Association Rules",
        "English Teachers",
        "Big Data Processing",
        "Teaching Mode",
        "Higher Vocational English Education",
        "Data Mining",
        "Education",
        "Scheduling",
        "Science And Technology",
        "Education Information",
        "Higher Education"
    ]
}