{
    "Title": "The Analysis of THz Electromagnetic Waves Effect on Acetylcholine Synthesis based on MD Simulation",
    "Authors": [
        "Hui Ning",
        "Kaicheng Wang",
        "Qin Zhang",
        "Lianghao Guo",
        "Shaomeng Wang",
        "Yubin Gong"
    ],
    "Date": "2023-06-27",
    "Institution": [
        "University of Electronic Science and Technology of China"
    ],
    "City": [
        "Chengdu"
    ],
    "Country": [
        "China"
    ],
    "Keywords": [
        "Proteins",
        "Electromagnetic scattering",
        "In vivo",
        "Molecular Dynamics Simulations",
        "Frequency synthesizers",
        "Wave Events",
        "THz wave irritation",
        "THz electromagnetic waves",
        "Electromagnetic Wave",
        "Vibrational Frequencies",
        "Electric potential",
        "Interaction energy",
        "Neurotransmitters",
        "Electromagnetic Frequency",
        "Frequency Of Electromagnetic Wave",
        "Dipole Moment",
        "Analytical models",
        "MD simulation"
    ]
}