{
    "Title": "Pulsatile Impedance Monitoring Circuit",
    "Authors": [
        "Sharisse Poff",
        "Daniel Tebbs",
        "Robert C. Davis",
        "Shiuh–hua Wood Chiang"
    ],
    "Date": "2023-06-20",
    "Institution": [
        "Provo"
    ],
    "City": [
        "Utah"
    ],
    "Country": [
        "USA"
    ],
    "Keywords": [
        "Heart beat",
        "Voltage Drop",
        "Impedance Curves",
        "Impedance Model",
        "impedance monitoring",
        "Output Current",
        "Time measurement",
        "Impedance Monitoring",
        "Small Pulse",
        "Series Resistance",
        "transimpedance amplifier",
        "Blood Glucose Levels",
        "Tissue Resistance",
        "Hz Pulse",
        "pulsatile",
        "Frequency measurement",
        "Biological Properties",
        "Impedance Measurements",
        "instrumentation amplifier",
        "Sine Wave",
        "Impedance Variation",
        "Constant Impedance",
        "Settling Time",
        "Circuit Design",
        "Electrode",
        "Ideal Curve",
        "Semiconductor device measurement",
        "Resistance Change",
        "Photoresist",
        "Lumped Elements",
        "Pulse measurements",
        "Small Changes",
        "Circuit Simulation",
        "Operational Amplifier",
        "Oscilloscope",
        "Impedance",
        "Printed Circuit Board",
        "Circuit Response",
        "Transimpedance Amplifier",
        "Texas Instruments",
        "Impedance measurement"
    ]
}