{
    "Title": "Stranded Away: Implementation and User Experience Evaluation of an Indie Platformer Game Developed Using Unity Engine",
    "Authors": [
        "Luka Blašković",
        "Alesandro Žužić",
        "Tihomir Orehovački"
    ],
    "Date": "2023-06-29",
    "Institution": [
        "Juraj Dobrila University of Pula"
    ],
    "City": [
        "Pula"
    ],
    "Country": [
        "Croatia"
    ],
    "Keywords": [
        "Video Games",
        "Alpha Coefficient",
        "Pressure Plate",
        "First Year Of Study",
        "Visualization",
        "Post-Use Questionnaire",
        "Object Interaction",
        "Year Of Study",
        "Game Mechanics",
        "Indie Game",
        "Game Design",
        "Games",
        "Game Experience",
        "Inventory System",
        "Pixel-Art",
        "Game Development",
        "Visual Design",
        "Engines",
        "Player Movement",
        "Videogames",
        "Task analysis",
        "User Experience",
        "Game Genres",
        "Unity Engine",
        "Game World",
        "Ray Casting",
        "Visual Elements",
        "Cronbach’s Alpha",
        "Video Game Industry",
        "Industries",
        "2D Platformer",
        "Game Elements",
        "Empirical Study",
        "Human-Computer Interaction",
        "State Machine",
        "Video games",
        "User experience",
        "Game Level",
        "Gaming Platforms",
        "Puzzle Games",
        "Experienced Players",
        "Majority Of Participants",
        "Successful Game",
        "Behavioral Intention"
    ]
}