{
    "Title": "A Method of a Small-Sized Robotic System Direction Finding Using a Mobile Observer in Rugged Topography Conditions",
    "Authors": [
        "Liubov Martynova",
        "Konstantin Lantsov",
        "Valentin Lantsov",
        "Alexandr Koryakin"
    ],
    "Date": "2023-07-06",
    "Institution": [
        "State Research Institute of Applied Problems (GosNIIPP)",
        "JSC"
    ],
    "City": [
        "St. Petersburg",
        "Saint-Petersburg"
    ],
    "Country": [
        "Russia"
    ],
    "Keywords": [
        "Signal Propagation",
        "Robotic System",
        "small-sized robotic systems",
        "Attenuation",
        "Multiple Reflections",
        "Receiver Antenna",
        "Error Model",
        "Navigation",
        "signal reflection",
        "Omnidirectional Antenna",
        "Decrease In Error",
        "Kalman Filter",
        "Power Mobility",
        "Direction Of Arrival",
        "Use Of Filters",
        "Observers",
        "Unmanned Aerial Vehicles",
        "Signal processing algorithms",
        "Rugged Topography",
        "Marine Environment",
        "Hardware",
        "Surface Reflectance",
        "complex relief",
        "Arrival Of Signal",
        "Method For Determination",
        "Difficult Conditions",
        "Receivers",
        "Motion Model",
        "Geometrical Optics",
        "noise direction finding mode",
        "multipath",
        "Planar Antenna",
        "Signal processing",
        "Signal Beam",
        "Autonomous Underwater Vehicles",
        "Signal-to-noise"
    ]
}