{
    "Title": "Research on active equalization of lithium battery based on two-layer topology",
    "Authors": [
        "Fan Xu",
        "Xin Wang",
        "Yan Ye",
        "Yishen Xu"
    ],
    "Date": "2023-07-10",
    "Institution": [
        "Soochow University"
    ],
    "City": [
        "Suzhou"
    ],
    "Country": [
        "China"
    ],
    "Keywords": [
        "Level Scheme",
        "Inductor Current",
        "Series Circuit",
        "Electric Vehicles",
        "Electrical Energy",
        "Single Battery",
        "Lithium Batteries",
        "Low Voltage",
        "Integrated circuit modeling",
        "Magnetic Energy",
        "active equalization",
        "Electrochemical Cell",
        "Bidirectional Converter",
        "Topology",
        "PWM Signal",
        "Voltage Difference",
        "Safety",
        "Voltage Values",
        "Energy Transfer",
        "voltage balance",
        "double-layer topology",
        "Balance Method",
        "Supercapacitors",
        "High Voltage",
        "Lithium batteries",
        "Bottom Layer",
        "lithium battery equalization"
    ]
}