{
    "Title": "Cache-Aided Multi-User Private Information Retrieval using PDAs",
    "Authors": [
        "Kanishak Vaidya",
        "B Sundar Rajan"
    ],
    "Date": "2023-06-28",
    "Institution": [
        "IISc"
    ],
    "City": [
        "Bangalore"
    ],
    "Country": [
        "India"
    ],
    "Keywords": [
        "Codes",
        "Costs",
        "Delivery Phase",
        "Servers",
        "File Content",
        "Cache Size",
        "Conferences",
        "User-generated Content",
        "Optimal Rate",
        "Product Design",
        "User Cost",
        "Content Caching",
        "Set Of Integers",
        "Time In Column",
        "Information retrieval",
        "Private Information Retrieval"
    ]
}