{
    "Title": "Comparative Study On Segmentation Methods Of Fundus Images",
    "Authors": [
        "Juan Cao",
        "JinJia Liu"
    ],
    "Date": "2023-07-07",
    "Institution": [
        "Chongqing Jiaotong University"
    ],
    "City": [
        "Chongqing"
    ],
    "Country": [
        "China"
    ],
    "Keywords": [
        "Watersheds",
        "Computer-aided Diagnosis",
        "Segmentation Method",
        "Edge Detection",
        "Blood vessels",
        "Image Segmentation Algorithm",
        "Vessel Segmentation",
        "Region-based Methods",
        "Comparative Analysis",
        "Kind Of Algorithm",
        "Control systems",
        "Horizontal Plane",
        "Image Level",
        "Retinal",
        "Geodesic Distance",
        "Traditional Segmentation",
        "Image Pixels",
        "Medical Imaging",
        "Glaucoma",
        "Grayscale Value",
        "Threshold Segmentation",
        "Active Contour",
        "Blood Vessels",
        "Field Of Medical Imaging",
        "Image segmentation",
        "Canny Edge Detection",
        "Cerebrovascular Disease",
        "Image Segmentation",
        "Biomedical imaging",
        "Fundus Images",
        "Field Direction",
        "Image Segmentation Methods",
        "Evaluation Of Disease",
        "Image edge detection",
        "Learning systems"
    ]
}