{
    "Title": "High-Power Single-Cycle Terahertz Cherenkov Radiation Using a High-Charge Bunch to Drive Dielectric Prisms",
    "Authors": [
        "Zhi Tao",
        "Li Sun",
        "Zheng Zhou",
        "Hongliang Xu",
        "Weihao Liu"
    ],
    "Date": null,
    "Institution": [
        "Sun Yat-sen University",
        "Anhui",
        "China Academy of Engineering Physics",
        "Jiangsu"
    ],
    "City": [
        "Guangzhou",
        "Nanjing",
        "Mianyang",
        "Hefei"
    ],
    "Country": [
        "China"
    ],
    "Keywords": [
        "Ultrafast optics",
        "Sun",
        "Spectral Bands",
        "Cherenkov Radiation",
        "Transverse Direction",
        "Terahertz Spectroscopy",
        "Longitudinal Direction",
        "Potential Applications In Imaging",
        "Mathematical models",
        "Spectroscopy",
        "Terahertz Imaging",
        "Field Strength",
        "High Charge",
        "electron bunch",
        "Cherenkov radiation",
        "Imaging Applications",
        "Simulation Verification",
        "High-power Terahertz",
        "Terahertz Region",
        "Terahertz Time-domain Spectroscopy",
        "Application Of Spectroscopy",
        "Theoretical Verification",
        "Optical Pulse",
        "Temporal Dimension",
        "Charge Density",
        "Photocathode",
        "Terahertz Pulse",
        "Transverse Cross-section",
        "Coherent Radiation",
        "Electron guns",
        "Dielectric Medium",
        "Broadband antennas",
        "Dielectrics",
        "terahertz (THz) pulse",
        "Science And Technology",
        "High-intensity Pulses",
        "Electron Gun",
        "Detailed Theoretical Analysis",
        "Radiative Properties"
    ]
}