{
    "Title": "Eddy Currents Compensation in MRI",
    "Authors": [
        "Daniel Gogola",
        "Andrej Krafčík",
        "Ivan Frollo",
        "Pavol Szomolányi"
    ],
    "Date": "2023-07-03",
    "Institution": [
        "Medical University of Vienna",
        "Institute of Measurement Science"
    ],
    "City": [
        "Vienna",
        "Bratislava"
    ],
    "Country": [
        "Austria",
        "Slovakia"
    ],
    "Keywords": [
        "MRI",
        "Current Effect",
        "Coils",
        "Eddy currents",
        "Gradient Coil",
        "Time Constant",
        "Magnetic Field",
        "Current measurement",
        "Broad Peak",
        "Compensation Method",
        "Magnetic resonance imaging",
        "Gradients",
        "Input Signal",
        "Eddy Current Effect",
        "Eddy Currents",
        "Calibration",
        "Pulse Shape",
        "Eddy Current",
        "Fast Fourier Transform",
        "Half Height"
    ]
}