{
    "Title": "TODE-Trans: Transparent Object Depth Estimation with Transformer",
    "Authors": [
        "Kang Chen",
        "Shaochen Wang",
        "Beihao Xia",
        "Dongxu Li",
        "Zhen Kan",
        "Bin Li"
    ],
    "Date": "2023-07-04",
    "Institution": [
        "Huazhong University of Science and Technology",
        "University of Science and Technology of China"
    ],
    "City": [
        "Hefei",
        "Wuhan"
    ],
    "Country": [
        "China"
    ],
    "Keywords": [
        "Feature Fusion",
        "Fine-grained Features",
        "Transparent Objects",
        "Local Features",
        "Color Images",
        "Depth Camera",
        "Transformers",
        "Depth Prediction",
        "Training Set",
        "Convolutional Neural Network",
        "Light Refraction",
        "Mean Absolute Error",
        "Encoder Layer",
        "Automation",
        "Root Mean Square Error",
        "Global Feature Extraction",
        "Depth Estimation",
        "Transparent Area",
        "Global Information",
        "Deep Neural Network",
        "Semantics",
        "Object Surface",
        "Robot sensing systems",
        "Point Cloud",
        "Objective Estimates",
        "Depth Information",
        "Depth Images",
        "Feature Fusion Module",
        "Feature extraction",
        "Attention Mechanism",
        "RGB Images",
        "Object Depth",
        "Global Features",
        "Estimation",
        "Training Dataset",
        "Visualization",
        "Light Reflection"
    ]
}