{
    "Title": "Research on Radar Detection Performance of Short-wave Communication Signal",
    "Authors": [
        "Haotian Kong",
        "Kun Lu",
        "Yuanyuan Zheng",
        "Jian Cao",
        "Wei Jiang"
    ],
    "Date": "2023-07-06",
    "Institution": [
        "Nanjing Research Institute of Electronic Technology"
    ],
    "City": [
        "Nanjing"
    ],
    "Country": [
        "China"
    ],
    "Keywords": [
        "RadCom",
        "Wide Band",
        "Continuous Wave",
        "Detection Performance",
        "short-wave communication",
        "Cyclic Prefix",
        "Doppler shift",
        "Impact Of Channels",
        "Signal Processing",
        "Standard Series",
        "Radar Waveform",
        "Doppler Shift",
        "Single Carrier",
        "Channel Width",
        "Single Waveform",
        "Transfer Rate",
        "Short-wave channel",
        "Military standards",
        "System integration",
        "Channels Of Influence",
        "Radar",
        "Autocorrelation Function",
        "Doppler Spread",
        "Pulse Compression",
        "Peak-to-average Power Ratio",
        "Receivers",
        "Channel Response",
        "Signal processing",
        "Delay Spread",
        "Ambiguity Function",
        "radar",
        "Radar detection"
    ]
}