{
    "Title": "Trajectory Optimization for Distributed Manipulation by Shaping a Physical Field",
    "Authors": [
        "Adam Uchytil",
        "Jií Zemánek"
    ],
    "Date": "2023-07-04",
    "Institution": [
        "Department of Control Engineering"
    ],
    "City": [
        "Faculty of Electrical Engineering"
    ],
    "Country": [
        "Czech Technical University in Prague"
    ],
    "Keywords": [
        "Steel",
        "Control Loop",
        "Planning",
        "Automation",
        "Force Model",
        "Initialization Strategy",
        "Magnetic Field",
        "Nonlinear Programming",
        "Feedback Control",
        "Optimal Control",
        "General Form",
        "Real-time systems",
        "Task analysis",
        "Coil Current",
        "Control Input",
        "Quadratic Programming",
        "Tracking Error",
        "Ball Position",
        "Collision",
        "Force Scaling",
        "Multiple Users",
        "Control Horizon",
        "Collision-free Path",
        "Path Planning",
        "Steel Ball",
        "Parallel processing",
        "Multiple Objects",
        "Optimization Problem",
        "Ball Velocity",
        "Trajectory Optimization",
        "Optimization Variables",
        "Actuators",
        "Goal Position",
        "Individual Objects",
        "Magnetic Monopoles",
        "Single Object"
    ]
}