{
    "Title": "Joint Planning of Substations and Feeders in Urban Distribution Network Considering Real Street Layouts",
    "Authors": [
        "Junyu Ge",
        "Dayang Yu",
        "Mingqiang Wang",
        "Caishuai Liang"
    ],
    "Date": "2023-07-07",
    "Institution": [
        "Ministry of Education (Shandong University)"
    ],
    "City": [
        "Jinan"
    ],
    "Country": [
        "China"
    ],
    "Keywords": [
        "Distribution networks",
        "Planning",
        "Joint Planning",
        "Simulated Annealing Method",
        "mixed integer linear programming",
        "Substations",
        "Objective Function",
        "Commercial Solver",
        "Urban Distribution Network",
        "Transmission Network",
        "Line Length",
        "Balance Of Power",
        "Power Line",
        "Maximum Power",
        "Site Layout",
        "Local Optimum",
        "real street layout",
        "Urban Distribution",
        "Output Power",
        "Number Of Feeding",
        "Line Balancing",
        "Auxiliary Variables",
        "Layout",
        "Distribution Network",
        "Original Objective Function",
        "Urban Network",
        "Power engineering",
        "Linear programming",
        "Mixed Integer Linear Programming",
        "Road Layout",
        "Action Plan",
        "distribution network planning",
        "Planning Model",
        "Power Grid",
        "Mixed integer linear programming",
        "Connection Mode",
        "Maximum Output Power",
        "Power Balance Constraint",
        "joint planning",
        "Power In China"
    ]
}