{
    "Title": "Improvement in Synchronous Motor Speed Control System Using MPC Technique",
    "Authors": [
        "Sandeep Kumar Sunori",
        "Mehul Manu",
        "Pradeep Juneja"
    ],
    "Date": "2023-07-21",
    "Institution": [
        "Graphic Era University",
        "Graphic Era Hill University"
    ],
    "City": [
        "Dehradun",
        "Bhimtal"
    ],
    "Country": [
        "India"
    ],
    "Keywords": [
        "Translational Motion",
        "PI control",
        "Speed Control System",
        "Motion Model",
        "Speed Control",
        "Predictive models",
        "Electric Vehicles",
        "Control System",
        "Synchronous Speed",
        "Model Plant",
        "Permanent Magnet",
        "Synchronous motor",
        "PID",
        "Constant Speed",
        "Control System Design",
        "Prime Mover",
        "Induction Motor",
        "Synchronous Motor",
        "Prediction Horizon",
        "Model Predictive Control Technique",
        "Ziegler-Nichols",
        "Power Factor",
        "Synchronous motors",
        "Control move",
        "MPC",
        "Proportional-integral-derivative",
        "Motor Control",
        "Prediction horizon",
        "Speed control",
        "Model Predictive Control",
        "Transfer functions",
        "Disturbance Input",
        "Power factor correction",
        "PD control",
        "Velocity control",
        "Settling Time",
        "Stator Winding"
    ]
}