{
    "Title": "Deep Learning-Based Solution for Differently-Abled Persons in The Society",
    "Authors": [
        "Rahul. M",
        "Ravichandra. P",
        "Mohammed Mubashir Yakoobi",
        "Naveen Chandra Gowda"
    ],
    "Date": "2023-07-10",
    "Institution": [
        "Computer Science and Engineering"
    ],
    "City": [
        "REVA University"
    ],
    "Country": [
        "Bengaluru"
    ],
    "Keywords": [
        "Object detection",
        "Deep Learning",
        "Person In Society",
        "Navigation",
        "Spatial Pyramid Pooling Module",
        "Millions Of People Worldwide",
        "Training Loss",
        "audio feedback",
        "Real-time systems",
        "Frames Per Second",
        "Multi-label",
        "Region Proposal Network",
        "Image Object",
        "Autonomous Vehicles",
        "Object Detection Model",
        "Visual Impairment",
        "Bounding Box",
        "Non-maximum Suppression",
        "Speech Recognition",
        "Assistive technologies",
        "Transforms",
        "Feature Pyramid Network",
        "Detection Accuracy",
        "Greater Confidence",
        "Assistive Technology",
        "Data Augmentation",
        "YOLOv4",
        "Real-time Object",
        "Visual impairment",
        "Convolutional Neural Network",
        "Mask R-CNN",
        "Deep learning",
        "Object Detection",
        "Field Of Computer Vision",
        "deep-learning",
        "Mobile App",
        "Machine Learning",
        "visual impairments",
        "Accurate Object Detection",
        "Faster R-CNN"
    ]
}