{
    "Title": "Research on Real-time Dynamic Object Detection Based on YOLOv3 Deep Learning Network",
    "Authors": [
        "Yang Yu"
    ],
    "Date": "2023-07-17",
    "Institution": [
        "Macau University of Science and Technology"
    ],
    "City": [
        "Macau"
    ],
    "Country": [
        "China"
    ],
    "Keywords": [
        "Optimization methods",
        "Real-time Detection",
        "Object detection",
        "Deep Learning",
        "Feature Maps",
        "Video Surveillance",
        "F1 Values",
        "Target detection",
        "Target Frame",
        "Target Category",
        "Standard Datasets",
        "Real-time",
        "Learning Principles",
        "Regression Prediction",
        "Measurement",
        "Real-time Object Detection",
        "Detection Speed",
        "Convolution",
        "YOLOv3",
        "Backward Propagation",
        "Forward Propagation",
        "Mean Average Precision",
        "Target tracking",
        "Target Detection Task",
        "Detection Accuracy",
        "Feature extraction",
        "Deep learning",
        "Object Detection",
        "Deep Network",
        "Security Intelligence",
        "Real-time Model",
        "Video surveillance",
        "Target Detection Performance",
        "Neural Network",
        "Loss Function",
        "Real-time Target"
    ]
}