{
    "Title": "Fault Diagnosis of ERT System Based on Choquet Integral",
    "Authors": [
        "Kun Li",
        "Shihong Yue",
        "Fanpeng Dong",
        "Ying Xu"
    ],
    "Date": "2023-07-13",
    "Institution": [
        "School of Electrical and Information Engineering Tianjin University"
    ],
    "City": [
        "Tianjin"
    ],
    "Country": [
        "China"
    ],
    "Keywords": [
        "Individual Characteristics",
        "Excavation",
        "Solid Phase",
        "False Positive Rate",
        "Indicator Values",
        "Electrical Impedance Tomography",
        "Flow Velocity",
        "Resistance",
        "Types Of Defects",
        "Choquet integral",
        "Technology In Recent Years",
        "Electrical Resistance Tomography System",
        "Electromagnetic Flowmeter",
        "Large Correlation",
        "Real-time systems",
        "Steel Pipe",
        "Experimental Platform",
        "Ball Valve",
        "Defect Model",
        "Feed-forward Network",
        "Liquid Phase",
        "Computational modeling",
        "electrical resistance tomography",
        "fault diagnosis",
        "Tomography",
        "Source Of Information",
        "Fault diagnosis",
        "Excitation Source",
        "Different Types Of Defects",
        "Electrode Measurements",
        "Choquet Integral",
        "Feature extraction",
        "Sample Types",
        "Measurement Values",
        "Input Features",
        "Fault Diagnosis"
    ]
}