{
    "Title": "Speed Model Predictive Control for SPMSM Based on EKF Observer",
    "Authors": [
        "Guangyu Liao",
        "Wei Xu",
        "Siwei Cheng",
        "Yirong Tang"
    ],
    "Date": "2023-07-11",
    "Institution": [
        "Huazhong University of Science and Technology"
    ],
    "City": [
        "Wuhan"
    ],
    "Country": [
        "China"
    ],
    "Keywords": [
        "PI Regulator",
        "Prediction Step",
        "Simulation",
        "Predictive models",
        "Equation Of State",
        "Control System",
        "Noise Covariance Matrix",
        "extended Kalman filter",
        "SPMSM",
        "Dynamic Performance",
        "Observers",
        "Reference Trajectory",
        "Coordinate System",
        "Synchronous Motor",
        "PI Controller",
        "Voltage Equation",
        "Equations Of Motion",
        "Nonlinear Systems",
        "Sensor Locations",
        "Rotor Position",
        "Synchronous motors",
        "Position Information",
        "Extended Kalman Filter Observer",
        "Kalman Filter",
        "Permanent magnet motors",
        "Control systems",
        "Electromotive Force",
        "Control Block Diagram",
        "speed model predictive control",
        "System Noise",
        "Prediction algorithms",
        "Measurement Noise",
        "Sensorless Control",
        "Correction Step",
        "Model Predictive Control",
        "Estimated Values",
        "Covariance Matrix",
        "Back Electromotive Force",
        "Extended Kalman Filter",
        "Error Covariance Matrix"
    ]
}