{
    "Title": "Applications of Metaheuristic Algorithms for MPPT Under Partial Shaded Condition in PV System",
    "Authors": [
        "Sampath Kumar Vankadara",
        "Shamik Chatterjee",
        "Praveen Kumar Balachandran"
    ],
    "Date": "2023-07-10",
    "Institution": [
        "Lovely Professional University",
        "Vardhaman College of Engineering"
    ],
    "City": [
        "Hyderabad",
        "Phagwara"
    ],
    "Country": [
        "India"
    ],
    "Keywords": [
        "Electric variables",
        "Search For Agents",
        "Metaheuristic",
        "Duty Ratio",
        "Velocity Ratio",
        "Exploitation Phase",
        "Large Carnivores",
        "Canis Lupus",
        "Irradiation",
        "Maximum Power",
        "Marine Predators",
        "Photovoltaic System",
        "Metaheuristics",
        "Step Size",
        "Solar Panels",
        "Steady-state",
        "Pulse width modulation",
        "Partial Shading Conditions",
        "Grey Wolf Optimizer",
        "Solar Cells",
        "Heuristic algorithms",
        "Random Number",
        "Metaheuristic Algorithms",
        "Exploration Phase",
        "Global MPP",
        "Hunting",
        "Levy Flight",
        "Probability Density Function"
    ]
}