{
    "Title": "Modelbased Validation of Gridconnected DFIGbased Wind Turbine for Harmonic and Interharmonic Analysis",
    "Authors": [
        "Emmanuel Hernandez",
        "Jesús Darío Mina Antonio",
        "Vicente Torres García",
        "Reynaldo Iracheta Cortez"
    ],
    "Date": null,
    "Institution": [
        "Facultad de Ingeniería",
        "Cuernavaca",
        "Tehuantepec"
    ],
    "City": [
        "CONACYT–UNISTMO",
        "Oaxaca",
        "Morelos"
    ],
    "Country": [
        "México"
    ],
    "Keywords": [
        "Harmonic analysis",
        "DFIG",
        "Atmospheric modeling",
        "back-to-back power converter",
        "Wind turbines",
        "Integrated circuit modeling",
        "IEEE transactions",
        "Doubly fed induction generators",
        "Harmonic and inter-harmonic analysis",
        "Rotors"
    ]
}