{
    "Title": "Insights into Female Contributions in Open-Source Projects",
    "Authors": [
        "Arifa I. Champa",
        "Md Fazle Rabbi",
        "Minhaz F. Zibran",
        "Md Rakibul Islam"
    ],
    "Date": "2023-07-12",
    "Institution": [
        "University of Wisconsin",
        "Department of Computer Science"
    ],
    "City": [
        "Eau Claire",
        "Idaho State University"
    ],
    "Country": [
        "USA"
    ],
    "Keywords": [
        "Female Participants",
        "Address Research Question",
        "female",
        "Open-source Projects",
        "Classification Task",
        "Distinct Projection",
        "Field Of Engineering",
        "study",
        "Encoding",
        "Software Development",
        "Gender Diversity",
        "Fortran",
        "Task analysis",
        "Programming Language",
        "Development Core",
        "Codes",
        "Male Authors",
        "JavaScript",
        "Female Authors",
        "Software",
        "diversity",
        "Coding Task",
        "C++ languages",
        "open-source",
        "Project Participants",
        "gender",
        "Computer languages",
        "Software Engineering",
        "Data mining"
    ]
}