{
    "Title": "Supervised Learning of Lyapunov Functions Using Laplace Averages of Approximate Koopman Eigenfunctions",
    "Authors": [
        "Shankar A. Deka",
        "Dimos V. Dimarogonas"
    ],
    "Date": null,
    "Institution": [
        "KTH Royal Institute of Technology"
    ],
    "City": [
        "Stockholm"
    ],
    "Country": [
        "Sweden"
    ],
    "Keywords": [
        "Semigroup",
        "Data-driven Techniques",
        "Compact Set",
        "Deep Learning",
        "Domain Of Attraction",
        "Multilayer Perceptron",
        "Supervised Learning",
        "Eigenvalues and eigenfunctions",
        "Stability analysis",
        "Undirected",
        "Eigenvalues",
        "Trajectory Data",
        "Finite-dimensional",
        "Multi-agent Systems",
        "Lyapunov Function",
        "Estimation Error",
        "Lyapunov function",
        "Asymptotically Stable",
        "Space Of Functions",
        "Nonlinear Systems",
        "Nonlinear Dynamics",
        "Error Bounds",
        "Cyber-physical Systems",
        "machine learning",
        "Neural networks",
        "Global Trajectory",
        "Sublevel Set",
        "Large Domain",
        "Koopman operator",
        "Deep Neural Network",
        "Trajectory",
        "neural networks",
        "Deep learning",
        "Koopman Eigenfunctions",
        "Region Of Attraction",
        "Local Estimates",
        "Convergence",
        "Data-driven modeling",
        "Lyapunov Equation",
        "Lyapunov methods",
        "Loss Of Generality",
        "System Dynamics"
    ]
}