{
    "Title": "Investigation of Physiological Features by Age Groups in Children with Autism",
    "Authors": [
        "Elif Toprak",
        "Sevgi Nur Bilgin Aktas",
        "Buket Coşkun",
        "Pinar Uluer",
        "Hatice Kose",
        "Duygun Erol Barkana"
    ],
    "Date": "2023-07-17",
    "Institution": [
        "Istanbul Technical University",
        "Yeditepe University",
        "Galatasaray University"
    ],
    "City": [
        "Istanbul"
    ],
    "Country": [
        "Turkey"
    ],
    "Keywords": [
        "Feature Selection Methods",
        "Parametric Statistical Tests",
        "Humanoid robots",
        "Interaction Scenarios",
        "ANOVA Test",
        "Children In This Age Group",
        "Important Ones",
        "Effect Of Age",
        "feature extraction",
        "physiological signals",
        "Selection Algorithm",
        "Mean Absolute Deviation",
        "Autism",
        "Physiology",
        "Results Of Feature Selection",
        "Statistical Tests",
        "children with autism",
        "Humanoid Robot",
        "Medical treatment",
        "Amplitude Range",
        "Social Skills In Children",
        "Feature Selection Algorithm",
        "Feature Selection Techniques",
        "Youngest Group",
        "Physiological Signals",
        "Statistical Methods",
        "Stress In Children",
        "Social Skills",
        "Feature extraction",
        "Middle Group",
        "Developmental Age",
        "Social Robots",
        "feature selection",
        "Affective Computing",
        "Pediatrics",
        "Robot sensing systems",
        "Age Groups",
        "Review Of Techniques",
        "Emotion Recognition",
        "Pairwise Comparisons"
    ]
}