{
    "Title": "Possibilities of Edge Repetition using Double Mean Labeling",
    "Authors": [
        "Nandhini M",
        "Maheswari V.",
        "V. Balaji"
    ],
    "Date": "2023-07-21",
    "Institution": [
        "Secred Heart College",
        "Vels Institute of Science Technology & Advanced Studies (VISTAS)"
    ],
    "City": [
        "Tirupattur",
        "Chennai-117"
    ],
    "Country": [
        "India"
    ],
    "Keywords": [
        "Labeling",
        "Graph Labeling",
        "Double Meaning",
        "Parity Function",
        "Bijective Mapping",
        "Double Labeling",
        "Double Mean Labeling",
        "Stars",
        "Root Node",
        "Successor Vertex Set Mathematical classification 05C78",
        "Adjacent Vertices",
        "Static Nodes",
        "Edge Labels",
        "Pendant Double Mean Labeling",
        "Mean Graph",
        "Mean Labeling",
        "Vertex Labels",
        "Adjacent Nodes",
        "Image edge detection",
        "Communications technology"
    ]
}