{
    "Title": "A Compact Dual U-shape of slots loaded Microstrip Patch Antenna for Sub-6 GHz 5G RFEH and WPT Applications",
    "Authors": [
        "Sanjay Kumar Sharma",
        "Akhilendra Pratap Singh",
        "Taimoor Khan"
    ],
    "Date": "2023-07-13",
    "Institution": [
        "Lucknow",
        "NIT Silchar"
    ],
    "City": [
        "Uttar Pradesh",
        "Assam"
    ],
    "Country": [
        "India"
    ],
    "Keywords": [
        "Microstrip antennas",
        "U-shape of slots",
        "Antenna Gain",
        "Gain Values",
        "Operating Frequency",
        "Slot Width",
        "wireless power transmission (WPT)",
        "Maximum Gain",
        "Microstrip Antenna",
        "GHz Band",
        "Ground Plane",
        "Resonance Frequency",
        "circular aperture slot",
        "Slot Length",
        "Energy Harvesting",
        "Microwave antennas",
        "radio frequency (RF)",
        "Transmitting antennas",
        "energy harvesting (EH)",
        "5G mobile communication",
        "Patch antennas",
        "5G Sub-6 GHz",
        "Wireless Power Transfer",
        "Microstrip Patch",
        "aperture coupling",
        "Patch Antenna",
        "Compact Antenna",
        "Internet Of Things",
        "Resonant frequency",
        "Slot antennas",
        "Omnidirectional Radiation",
        "Operating Band",
        "High Gain",
        "GHz Frequency",
        "omnidirectional",
        "RF Energy"
    ]
}