{
    "Title": "Optimal Placement of a Combined Wind-Solar Farm Suppling a Railway Network in Morocco",
    "Authors": [
        "Amine Drissi",
        "Mohammed Ouassaid"
    ],
    "Date": "2023-07-14",
    "Institution": [
        "Engineering for Smart-Sustainable Systems Research Center Mohammadia School of Engineers"
    ],
    "City": [
        "Mohammed V University in Rabat"
    ],
    "Country": [
        "Morocco"
    ],
    "Keywords": [
        "Renewable Energy Integration",
        "Renewable energy sources",
        "Substations",
        "Wind",
        "Wind Turbine",
        "Reduce CO2 Emissions",
        "Series Of Calculations",
        "Multi-criteria Decision-making",
        "Microgrid",
        "Multi-Criteria Decision Making",
        "Calculation Results",
        "Railway Network",
        "Railway Substation",
        "Solar Panels",
        "Decision making",
        "Analytic Hierarchy Process",
        "Wind Power",
        "Solar Power",
        "Rails",
        "Power Estimation",
        "Technique For Order Preference",
        "Wind Farm",
        "Wind power generation",
        "Optimal location",
        "Microgrids",
        "Solar Energy",
        "Solar Cells",
        "Wind energy",
        "Renewable Energy",
        "Weibull Distribution",
        "Data Envelopment Analysis",
        "Greenhouse Gas",
        "Rail Network"
    ]
}