{
    "Title": "Improved Radiation Hardness for Nanosheet FETs with Partial Bottom Dielectric Isolation",
    "Authors": [
        "Xun-Ting Zheng",
        "Vita Pi-Ho Hu"
    ],
    "Date": "2023-07-21",
    "Institution": [
        "National Taiwan University"
    ],
    "City": [
        "Taipei"
    ],
    "Country": [
        "Taiwan"
    ],
    "Keywords": [
        "Nanosheet FETs",
        "Voltage Drop",
        "Impact Of Radiation",
        "Voltage",
        "Radiation Tolerance",
        "Heavy Ions",
        "Single event transients",
        "Effects Of Radiation",
        "Inverters",
        "Ions",
        "Silicon",
        "Field effect transistors",
        "Inverter",
        "Particle Radiation",
        "Resistance"
    ]
}