{
    "Title": "16-layer 3D Vertical RRAM with Low Read Latency (18ns), High Nonlinearity (>5000) and Ultra-low Leakage Current (~pA) Self-Selective Cells",
    "Authors": [
        "Yaxin Ding",
        "Jianguo Yang",
        "Yu Liu",
        "Jianfeng Gao",
        "Yuan Wang",
        "Pengfei Jiang",
        "Shuxian Lv",
        "Yuting Chen",
        "Boping Wang",
        "Wei Wei",
        "Tiancheng Gong",
        "Kan-Hao Xue",
        "Qing Luo",
        "Xiangshui Miao",
        "Ming Liu"
    ],
    "Date": "2023-07-24",
    "Institution": [
        "State Key Lab of Fabrication Technologies for Integrated Circuits",
        "University of the Chinese Academy of Sciences",
        "Huazhong University of Science and Technology"
    ],
    "City": [
        "Wuhan",
        "Beijing",
        "Institute of Microelectronics"
    ],
    "Country": [
        "China",
        "Chinese Academy of Sciences"
    ],
    "Keywords": [
        "Leakage currents",
        "Late Time",
        "Three-dimensional displays",
        "High Nonlinearity",
        "Current density",
        "I-V Curves",
        "3D Array",
        "Performance evaluation",
        "Very large scale integration",
        "Read Voltage",
        "Sensors",
        "Read Latency",
        "Energy Band"
    ]
}