{
    "Title": "SNR Impact of Magnetic Capping Layer in Granular FePt-L10 Media",
    "Authors": [
        "Jian-Gang Zhu",
        "Lei Zhang",
        "Kenji Shimizu"
    ],
    "Date": null,
    "Institution": [
        "Minato-ku",
        "Pittsburgh"
    ],
    "City": [
        "Tokyo",
        "PA"
    ],
    "Country": [
        "USA",
        "Japan"
    ],
    "Keywords": [
        "heat-assisted magnetic recording (HAMR)",
        "Couplings",
        "FePt",
        "Magnetic Properties",
        "Discrete Field",
        "Curie Temperature",
        "Perpendicular magnetic anisotropy",
        "Signal to noise ratio",
        "Capping Layer",
        "Anisotropic magnetoresistance",
        "Magnetic Layer",
        "Effective Field",
        "Superlattice",
        "Media",
        "Temperature Of Layer",
        "Signal-to-noise Ratio Gain",
        "Thin Layer",
        "Medium Noise",
        "Exchange Coupling",
        "Iron",
        "Signal Enhancement",
        "Average Magnetization",
        "Temperature Dependence",
        "Magnetization",
        "L1₀",
        "Zeeman Energy",
        "Magnetic Orientation",
        "Magnetic Moment",
        "Uniaxial Anisotropy",
        "Anisotropy Field",
        "Granular Media",
        "Saturation Magnetization",
        "Magnetic Anisotropy",
        "Grain Size",
        "Thermal Agitation",
        "Signal-to-noise",
        "Field Amplitude",
        "signal-to-noise ratio (SNR)",
        "Linear Density",
        "Effect Of Layer",
        "Track Width"
    ]
}