{
    "Title": "Facial Landmarks Detection System with OpenCV Mediapipe and Python using Optical Flow (Active) Approach",
    "Authors": [
        "Narendra Kumar Rao B",
        "Nagendra Panini Challa",
        "E S Phalguna Krishna",
        "S. Sreenivasa Chakravarthi"
    ],
    "Date": "2023-07-24",
    "Institution": [
        "Mohan Babu University",
        "Amrita Vishwa Vidayapeetham",
        "VIT-AP University",
        "GITAM (Deemed to be University)"
    ],
    "City": [
        "Tirupati",
        "Amaravati",
        "Bengaluru",
        "Chennai"
    ],
    "Country": [
        "India"
    ],
    "Keywords": [
        "Facial Landmark Detection",
        "Face Position",
        "Facial Emotion Recognition",
        "Semantic segmentation",
        "Benchmark Datasets",
        "Predictive models",
        "Low-resolution Images",
        "Benchmark testing",
        "Convolutional Neural Network",
        "Machine Learning Library",
        "Facial Appearance",
        "Face Recognition",
        "Video Frames",
        "Face Detection",
        "Image motion analysis",
        "Computer Vision",
        "Python Module",
        "Head Pose",
        "Facial Expressions",
        "Optical Flow Approach",
        "Deepfake",
        "Maintenance engineering",
        "Deep Learning",
        "Computer Vision Problems",
        "Landmark Detection",
        "Ultraviolet sources",
        "Facial Points",
        "Emotion Recognition",
        "Computational modeling",
        "Face Images",
        "media pipe Facial Landmark",
        "Semantic Segmentation",
        "Ability Of The Device",
        "Optical Flow",
        "Common Methodology",
        "Python Library",
        "Face Model",
        "OpenCV",
        "Human Faces"
    ]
}