{
    "Title": "When Computer Vision Meets Algae",
    "Authors": [
        "Fusheng Yu"
    ],
    "Date": "2023-07-26",
    "Institution": [
        "Huazhong University of Science and Technology"
    ],
    "City": [
        "Wuhan"
    ],
    "Country": [
        "China"
    ],
    "Keywords": [
        "Field Of Object Detection",
        "Fuses",
        "Object detection",
        "Biological system modeling",
        "Post-processing Operations",
        "Computer Vision",
        "object detection",
        "algae",
        "Candidate Boxes",
        "IoU Threshold",
        "Global Village",
        "Bounding Box",
        "Algae",
        "Computational modeling",
        "Computer vision",
        "Marine Microalgae",
        "Data Augmentation",
        "Convolutional Neural Network",
        "Object Detection",
        "Organic Matter",
        "Microscopy"
    ]
}