{
    "Title": "Designing Medium Access Control Protocol Sequences Through Deep Reinforcement Learning",
    "Authors": [
        "Cedric Adjih",
        "Chung Shue Chen",
        "Chetanveer Sharma Gobin",
        "Iman Hmedoush"
    ],
    "Date": "2023-07-26",
    "Institution": [
        "Rue Honore d'Estienne d'Orves",
        "Nokia Bell Labs",
        "Institut National des Sciences Appliquées (INSA) de Lyon",
        "Standards Research"
    ],
    "City": [
        "Palaiseau",
        "Massy",
        "Villeurbanne"
    ],
    "Country": [
        "France"
    ],
    "Keywords": [
        "deep reinforcement learning (DRL)",
        "TMUI",
        "Deep Learning",
        "Polar Codes",
        "Bitstream",
        "Duty Factor",
        "Policy Gradient Method",
        "Markov Decision Process",
        "Medium Access Control",
        "MAC",
        "Deep Reinforcement Learning",
        "6G mobile communication",
        "Simple Protocol",
        "Simulation",
        "End Of Episode",
        "Design methodology",
        "Number Theory",
        "Deep Reinforcement Learning Algorithm",
        "Throughput Maximization",
        "Internet Of Things",
        "Proximal Policy Optimization",
        "Code Division Multiple Access",
        "Cyclic Shift",
        "Medium Access Control Protocol",
        "Deep Reinforcement Learning Approach",
        "col-lision channel without feedback",
        "Access Control",
        "Deep Neural Network",
        "Successive Interference Cancellation",
        "Access Control Protocol",
        "protocol sequence",
        "Forward Error Correction",
        "Deep learning",
        "Time Slot",
        "Ad Hoc Networks",
        "Reinforcement learning",
        "Protocols",
        "Multiple Access",
        "Access control",
        "AlphaGo",
        "Deep Reinforcement Learning Framework"
    ]
}