{
    "Title": "COVID-19 Waves and Their Impacts to Society",
    "Authors": [
        "Sunil Kumar",
        "Biswajit Bhowmik"
    ],
    "Date": "2023-07-21",
    "Institution": [
        "National Institute of Technology Karnataka"
    ],
    "City": [
        "Mangalore"
    ],
    "Country": [
        "Bharat"
    ],
    "Keywords": [
        "Viral Variants",
        "Social Activities",
        "COVID-19",
        "Deep Learning",
        "Novel Coronavirus",
        "Mental Well-being",
        "Number Of Cases",
        "March 2020",
        "Deep Learning Models",
        "Recent Pandemic",
        "Acute Respiratory Distress Syndrome",
        "Chest X-ray Images",
        "Housewives",
        "Wave Of COVID-19",
        "Aging",
        "Data models",
        "Public Health Measures",
        "Spread Of The Virus",
        "Variants Of Concern",
        "Job Loss",
        "COVID-19 Waves",
        "Computed tomography",
        "Societal Level",
        "Emotional Well-being",
        "SARS-CoV-2 Variants",
        "Contact Tracing",
        "World Health Organization",
        "December 2019",
        "SARS-Cov-2",
        "Deep learning",
        "Increase In Cases",
        "Pandemics",
        "Epidemic",
        "Training data",
        "False Negative",
        "Severe Acute Respiratory Syndrome Coronavirus 2"
    ]
}