{
    "Title": "Mutual user Authentication using Inherent Techniques for Cloud and Fog Computing",
    "Authors": [
        "Inas Ismael Imran",
        "Refed Adnan Jaleel"
    ],
    "Date": "2023-07-24",
    "Institution": [
        "Al-Nahrain University",
        "College of Education for Women"
    ],
    "City": [
        "Baghdad",
        "University of Baghdad"
    ],
    "Country": [
        "Iraq"
    ],
    "Keywords": [
        "Biometric Identification",
        "Authentication Techniques",
        "Key Security",
        "Authentication Scheme",
        "Local Factors",
        "IoT",
        "Security Issues",
        "Collusion",
        "Real-time systems",
        "Systems architecture",
        "Encryption",
        "End-users",
        "Cloud computing",
        "Security",
        "Internet Of Things",
        "Fog Nodes",
        "Authentication Method",
        "Cybersecurity",
        "Man-in-the-middle",
        "Authentication",
        "Servers",
        "Mutual Authentication",
        "Information Leakage",
        "Hash Function",
        "Internet Of Things Devices",
        "Internet of Things",
        "Real-time Performance",
        "Cloud Computing",
        "Fog Computing",
        "Security Risks",
        "End Devices",
        "Mutual authentication",
        "Unauthorized Users",
        "Edge Devices",
        "Legitimate Users"
    ]
}