{
    "Title": "Impedance Standard Substrate Characterization and EM model definition for Cryogenic and Quantum-Computing Applications",
    "Authors": [
        "Ehsan Shokrolahzade",
        "Fabio Sebastiano",
        "Faisal Mubarak",
        "Masoud Babaie",
        "Marco Spirito"
    ],
    "Date": "2023-07-28",
    "Institution": [
        "VSL",
        "Department of Quantum & Computing Engineering & QuTech",
        "Electronic Circuits and Architectures (ELCA)"
    ],
    "City": [
        "TU Delft",
        "Dutch Metrology Institute"
    ],
    "Country": [
        "The Netherlands"
    ],
    "Keywords": [
        "Calibration Process",
        "Electromagnetic Simulation",
        "Cryogenics",
        "Load management",
        "Transformers",
        "Conductive Layer",
        "Kelvin",
        "Vector Network Analyzer",
        "Thermal Expansion",
        "cryo-EM Model",
        "Standard Model",
        "Temperature measurement",
        "Cryogenic Temperatures",
        "Applications In Quantum Computing",
        "Dimensional Structure",
        "Nominal Response",
        "Quartz Substrate",
        "Scattering Matrix",
        "Impedance Standard Substrate",
        "Electromagnetic Model",
        "Resistance Of Layer",
        "Calibration",
        "Standard Definition",
        "Reference Data",
        "Microwave devices"
    ]
}