{
    "Title": "Framework for Quality Evaluation of Smart Roadside Infrastructure Sensors for Automated Driving Applications",
    "Authors": [
        "Laurent Kloeker",
        "Chenghua Liu",
        "Chao Wei",
        "Lutz Eckstein"
    ],
    "Date": "2023-07-27",
    "Institution": [
        "RWTH Aachen University"
    ],
    "City": [
        "Aachen"
    ],
    "Country": [
        "Germany"
    ],
    "Keywords": [
        "Laser radar",
        "Sensor Data",
        "Sensing Data Sets",
        "Types Of Sensors",
        "Training Dataset",
        "Smart cities",
        "Computer Hardware",
        "Vertical Pixel",
        "Quality assessment",
        "Infrastructure Sensors",
        "Object Tracking",
        "Real-time systems",
        "Highest Resolution",
        "Object Detection",
        "Sensor Resolution",
        "Use Of Cameras",
        "Users In The Form",
        "automated driving",
        "Coordinate Transformation",
        "Road Users",
        "Automated Vehicles",
        "Intersection Over Union",
        "Sensor systems",
        "Radar Sensor",
        "Sensor Technology",
        "Holistic Evaluation",
        "Digital Twin",
        "Smart roadside infrastructure sensors",
        "Data integrity",
        "Raw Sensor Data",
        "digital twin",
        "Docker Container",
        "LiDAR Sensor",
        "Robot Operating System",
        "Number Of Objects",
        "Digital Field",
        "Quality Assessment",
        "quality assessment",
        "framework",
        "Image Sensor",
        "Camera Resolution",
        "Roads"
    ]
}