{
    "Title": "Brief-Term Electricity Load Forecasting Based on Improved PSO-Optimized BP Neural Network",
    "Authors": [
        "Rui Liu",
        "Lisheng Wei",
        "Ruiren Wang"
    ],
    "Date": "2023-08-01",
    "Institution": [
        "Anhui Key Laboratory of Electric Drive and Control",
        "Anhui Polytechnic University"
    ],
    "City": [
        "Wuhu"
    ],
    "Country": [
        "China"
    ],
    "Keywords": [
        "Random Forest Algorithm",
        "particle swarm algorithm",
        "Forecasting Model",
        "Particle Swarm Algorithm",
        "Optimal Weight",
        "Adaptive Learning",
        "Predictive models",
        "Random Forest",
        "Backpropagation",
        "Mean Square Error",
        "BP neural network",
        "Prediction algorithms",
        "Back Propagation Neural Network",
        "temporary-term power load forecasting",
        "Prediction Accuracy",
        "Balanced Accuracy",
        "Statistics",
        "Electricity Load Forecasting",
        "Forecast Accuracy",
        "Load Forecasting",
        "Ultimate Value",
        "Fitness Function",
        "Search Optimization",
        "Sociology",
        "Particle Swarm",
        "Neural networks",
        "Electrical Load",
        "chaotic initialization",
        "Local Optimum",
        "Short-term Power",
        "nonlinear inertia weights",
        "Load Prediction",
        "Demand Forecasting",
        "Iterative algorithms",
        "Convergence Rate",
        "Particle Speed",
        "Load forecasting"
    ]
}