{
    "Title": "Schema Item Matters in Knowledge Base Question Answering",
    "Authors": [
        "Zhe Wen",
        "Qingyi Si",
        "Zheng Lin",
        "Huan Liu",
        "Peng Fu",
        "Weiping Wang"
    ],
    "Date": "2023-08-02",
    "Institution": [
        "Chinese Academy of Sciences",
        "University of Chinese Academy of Sciences"
    ],
    "City": [
        "Beijing"
    ],
    "Country": [
        "China"
    ],
    "Keywords": [
        "Logic Model",
        "Important Role In Applications",
        "Force",
        "Combinatorial Explosion",
        "Popular Datasets",
        "Exact Match",
        "Training Set",
        "Self-supervised Learning",
        "Matching Score",
        "Task analysis",
        "Negative Samples",
        "Generators",
        "F1 Score",
        "Free Base",
        "Neural networks",
        "Mainstream Approaches",
        "High Recall Rate",
        "Left Branch",
        "Question answering (information retrieval)",
        "Top-ranked Candidate",
        "Knowledge Base",
        "Knowledge based systems",
        "Final Answer",
        "SPARQL Query",
        "Feeds"
    ]
}