{
    "Title": "Can AI have a personality?",
    "Authors": [
        "Umarpreet Singh",
        "Parham Aarabhi"
    ],
    "Date": "2023-08-02",
    "Institution": [
        "University of Toronto"
    ],
    "City": [
        "Toronto"
    ],
    "Country": [
        "Canada"
    ],
    "Keywords": [
        "Personality",
        "Test Persons",
        "Human Personality",
        "Myers-Briggs Type Indicator",
        "Artificial intelligence",
        "Natural Language Processing",
        "Personal Development",
        "Personality Traits",
        "Extraversion",
        "Large Model",
        "Neuroticism",
        "Large Language Models",
        "Training",
        "Chatbots",
        "Personality Inventory",
        "Language Model",
        "Artificial Intelligence"
    ]
}