{
    "Title": "Obsolescence in Operating Systems and Microprocessors",
    "Authors": [
        "Dheeraj Naraharisetti",
        "Ramesh Karne",
        "Joel Weymouth",
        "Alex Wijesinha"
    ],
    "Date": "2023-08-03",
    "Institution": [
        "Morgan State University",
        "Towson University",
        "Marriot’s Ridge HS"
    ],
    "City": [
        "Towson",
        "Baltimore",
        "Marriotsville"
    ],
    "Country": [
        "MD"
    ],
    "Keywords": [
        "Multiple Cores",
        "software obsolescence",
        "Mobile communication",
        "Technological Improvements",
        "Security Issues",
        "Aging",
        "Original Architecture",
        "Kernel Function",
        "extensible designs",
        "L2 Cache",
        "microprocessors",
        "Operating System",
        "Processing Technology",
        "Clock Frequency",
        "Hardware",
        "Microprocessors",
        "operating systems",
        "Communication Protocol",
        "Software",
        "Operating systems",
        "Multi-core",
        "software evolution",
        "Pentium",
        "Clock Rate",
        "Chip Design",
        "Linux"
    ]
}