{
    "Title": "Implementing Cache Coherence Protocols in the VivioJS Environment: an Experience Report",
    "Authors": [
        "Miloš Nastić",
        "Marko Mišić"
    ],
    "Date": "2023-07-27",
    "Institution": [
        "University of Belgrade"
    ],
    "City": [
        "Belgrade"
    ],
    "Country": [
        "Serbia"
    ],
    "Keywords": [
        "multiprocessor systems",
        "Coherence Protocol",
        "Overview Of Framework",
        "Animation",
        "Remote Memory",
        "simulations",
        "Coherence",
        "Active Users",
        "cache coherence protocols",
        "animations",
        "VivioJS",
        "JavaScript",
        "Proposals",
        "Protocols",
        "Computational modeling",
        "Computer architecture",
        "Cache Coherence",
        "Cache Coherence Protocols",
        "Z Coordinates",
        "Visualization"
    ]
}