{
    "Title": "Evaluation of the Relevance of Adverse Drug Reactions Based on ERNIE-DPCNN",
    "Authors": [
        "Hongliang Liu",
        "Zhiyu Chen",
        "Miao Yu",
        "Wenbo Cui",
        "Lin Zang",
        "Wei Ren",
        "Yongfang Hou"
    ],
    "Date": "2023-08-02",
    "Institution": [
        "National Medical Products Administration",
        "Tsinghua University",
        "North University of China",
        "Cross-Strait Tsinghua Research Institute"
    ],
    "City": [
        "Taiyuan",
        "Xiamen",
        "Beijing"
    ],
    "Country": [
        "China"
    ],
    "Keywords": [
        "Convolutional Layers",
        "Language Model",
        "Text recognition",
        "natural language processing",
        "Input Sequence",
        "Analytical models",
        "BERT Model",
        "Deep Convolutional Neural Network",
        "Text Classification",
        "Bidirectional Long Short-term Memory Network",
        "Text Sequence",
        "Bidirectional Long Short-term Memory",
        "Adverse Events",
        "Bidirectional Model",
        "Residual Connection",
        "Precision Rate",
        "Reporting Quality",
        "Comparison Of Experimental Results",
        "Global Pooling Layer",
        "Text Classification Tasks",
        "F-value",
        "Drugs",
        "Textual Features",
        "Computational modeling",
        "Input Layer",
        "deep learning",
        "Validation Set",
        "Classification Model",
        "Original Text",
        "Output Layer",
        "Knowledge Extraction",
        "Software",
        "Recall Rate",
        "Semantic Information",
        "Deep learning",
        "Semantic Features",
        "Pooling Layer",
        "adverse drug reactions",
        "Self-attention Mechanism",
        "Text categorization"
    ]
}