{
    "Title": "A Single-Channel 160 Gbps PDM-OFDM Enabled Integrated SMF-FSO Transmission: Performance Evaluation under External Weather Conditions",
    "Authors": [
        "Ritu Sharma",
        "Harjeevan Singh",
        "Bhawna Goyal",
        "Ayush Dogra"
    ],
    "Date": "2023-08-01",
    "Institution": [
        "Chandigarh University",
        "Chitkara University Institute of Engineering and Technology Chitkara University"
    ],
    "City": [
        "Mohali",
        "Punjab"
    ],
    "Country": [
        "India"
    ],
    "Keywords": [
        "Orthogonal Frequency Division Multiplexing",
        "Sustainable Industrialization",
        "Sustainable Development",
        "Optical Power",
        "Channel Estimation",
        "High-speed Transmission",
        "FSO",
        "High-speed networks",
        "Weather Attenuation",
        "Optics",
        "Orthogonal Frequency Division Multiplexing Signal",
        "Transmission Performance",
        "Optical Fiber",
        "Rain",
        "Optic Cables",
        "Single-mode Fiber",
        "Optical fiber networks",
        "Performance evaluation",
        "Clear Sky",
        "DP-32-QAM",
        "Research Precision",
        "Urban areas",
        "Light Beam",
        "External Weather",
        "SMF",
        "Intelligent Systems",
        "Data Transmission",
        "OFDM",
        "External Weather Conditions",
        "Performance Metrics"
    ]
}