{
    "Title": "A Hybrid Machine Learning Approach to Anomaly Detection in Industrial IoT",
    "Authors": [
        "Jayesh T P",
        "Pandiaraj K",
        "Arya Paul",
        "Ranjeesh R Chandran",
        "Prasanth P Menon"
    ],
    "Date": "2023-08-07",
    "Institution": [
        "Adi Shankara Institute of Engineering and Technology",
        "Srivilliputhur"
    ],
    "City": [
        "Tamil Nadu",
        "Kerala"
    ],
    "Country": [
        "India"
    ],
    "Keywords": [
        "Categorical Values",
        "Markov Decision Process",
        "security",
        "Analytical models",
        "Traffic Prediction",
        "Smart Grid",
        "Support vector machines",
        "Smart Buildings",
        "Data models",
        "Industrial Internet Of Things",
        "Measurement",
        "Encryption",
        "K-nearest Neighbor",
        "Industrial Systems",
        "Learning Algorithms",
        "Industrial Internet of Things",
        "the intrusion detection system",
        "Computational modeling",
        "machine learning",
        "Attack detection",
        "Regression Tree",
        "Machine Learning Classifiers",
        "Oil And Gas",
        "Feature Column",
        "Gradient Boosting",
        "Anomaly Detection",
        "Attack Detection",
        "hybrid model",
        "Hybrid Machine Learning",
        "Threat assessment",
        "Linear Discriminant Analysis",
        "Positive Instances",
        "Support Vector Machine",
        "Smart Home",
        "AdaBoost",
        "Machine Learning",
        "Neural Network",
        "Computer crime",
        "Performance Metrics"
    ]
}