{
    "Title": "Distribution Modelling for Yield Analysis using Variational Autoencoders",
    "Authors": [
        "B. Carbunescu-Stoenescu",
        "E. David",
        "M. Topa",
        "A. Buzo",
        "G. Pelz"
    ],
    "Date": "2023-07-28",
    "Institution": [
        "Technical University of Cluj-Napoca",
        "Infineon Technologies AG",
        "Infineon Technologies"
    ],
    "City": [
        "Neubiberg",
        "Cluj-Napoca",
        "Bucharest"
    ],
    "Country": [
        "Germany",
        "Romania"
    ],
    "Keywords": [
        "Manufacturing processes",
        "Yield estimation",
        "Density Estimation",
        "Analytical models",
        "Synthetic Function",
        "Variational Autoencoder",
        "Bayesian Optimization",
        "variational autoencoder",
        "Circuits and systems",
        "Latent Space",
        "density estimation",
        "Generative Adversarial Networks",
        "Posterior Probability",
        "Multivariate Distribution",
        "yield estimation",
        "Yield Estimation",
        "Latent Variables",
        "Production",
        "Normal Distribution",
        "Integrated circuit modeling",
        "Evidence Lower Bound",
        "Adaptive Moment Estimation",
        "Statistical Distribution",
        "Hyperbolic Tangent Activation Function",
        "Semiconductor Industry",
        "Neural Network",
        "Bayes methods",
        "Kernel Function"
    ]
}