{
    "Title": "Skin Cancer Detection using VGG16, InceptionV3 and ResUNet",
    "Authors": [
        "B. Swathi",
        "K.S. Kannan",
        "S. Sreenivasa Chakravarthi",
        "Getla Ruthvik",
        "J. Avanija",
        "C. Chandra Mohan Reddy"
    ],
    "Date": "2023-08-01",
    "Institution": [
        "Kurnool",
        "Kalasalingam Academy of Research and Education(Deemed to be University)",
        "Amrita Vishwa Vidyapeetham",
        "Sree Vidyanikethan Engg. College",
        "Mohan Babu University(Erstwhile Sree Vidyanikethan Engineering. College)"
    ],
    "City": [
        "Tirupati",
        "AP",
        "Krishnankoil",
        "Chennai"
    ],
    "Country": [
        "India",
        "Tamil Nadu"
    ],
    "Keywords": [
        "Climate change",
        "VGG16",
        "Collaboration",
        "Skin",
        "Dermoscopic Images",
        "Transfer learning",
        "Transfer Learning",
        "ResUNet",
        "Imaging",
        "Skin Cancer Detection",
        "Color Images",
        "Global warming",
        "InceptionV3",
        "Convolutional Neural Network",
        "Convolutional Network",
        "Lesion Images",
        "Ensemble method",
        "Forms Of Cancer",
        "Melanoma",
        "Machine Learning",
        "Deep Neural Network",
        "Inception V3 Model",
        "Support Vector Machine",
        "Skin Lesions",
        "Combined Model",
        "Model Performance",
        "Basal Cell Carcinoma",
        "ResNet-50 Model",
        "Deep Learning Techniques",
        "Deep Learning",
        "VGG16 Model",
        "Deep Learning Models",
        "Skin Diseases",
        "Individual Models",
        "Neural Network",
        "Deep Convolutional Neural Network",
        "Ensemble Model",
        "Skin Cancer",
        "Computer architecture",
        "Convolutional Neural Network Architecture",
        "and International Skin Imaging Collaboration",
        "Training Dataset"
    ]
}