{
    "Title": "A Programmable Circuit Based on the Combination of VTM Cellular Crossbars",
    "Authors": [
        "Farzad Mozafari",
        "Majid Ahmadi",
        "Arash Ahmadi"
    ],
    "Date": "2023-07-31",
    "Institution": [
        "Ottawa",
        "Windsor"
    ],
    "City": [
        "Ontario"
    ],
    "Country": [
        "Canada"
    ],
    "Keywords": [
        "Biological system modeling",
        "Pipelines",
        "Input Voltage",
        "Logic gates",
        "Vertical Line",
        "OR Gate",
        "Analytical models",
        "Simulation Results",
        "Boolean Logic",
        "Memristors",
        "Solid Line",
        "Programmable Circuits",
        "VTM method",
        "Programmable logic arrays",
        "programmable circuit",
        "Pipeline",
        "Upper Line",
        "Rows Of Cells",
        "Novelty Of This Work",
        "Circuit synthesis",
        "Cell Yield",
        "Input Cells",
        "Truth Table",
        "cellular crossbar arrays",
        "Switching Control",
        "Crossbar Array",
        "Group Of 4",
        "Fourth Column"
    ]
}