{
    "Title": "Using Control Signals to Obtain Synchronization of Transmitters in Indoor VLC systems",
    "Authors": [
        "Safwan Hafeedh Younus"
    ],
    "Date": "2023-08-08",
    "Institution": [
        "Ninevah University"
    ],
    "City": [
        "Mosul"
    ],
    "Country": [
        "Iraq"
    ],
    "Keywords": [
        "signal to noise ratio",
        "Line-of-sight",
        "Indoor Visible Light Communication",
        "Transmission Power",
        "High Data Rate",
        "Work Targets",
        "bit error rate",
        "Observers",
        "Optical transmitters",
        "Delay Spread",
        "Visible Light Communication",
        "Control Signal",
        "Data Rate",
        "Signal-to-noise",
        "Optical fiber networks",
        "Propagation Effects",
        "Receivers",
        "Inter-symbol Interference",
        "Visible Light Communication System",
        "Delays",
        "Control signals",
        "Synchronization",
        "Bandwidth",
        "Line-of-sight Component"
    ]
}