{
    "Title": "A Pilot Study Using Biospeckle Photography for Optical Breast Cancer Screening",
    "Authors": [
        "Doaa Youssef",
        "Tawfik Ismail",
        "Somia A.M. Soliman",
        "Jala El-Azab"
    ],
    "Date": "2023-08-08",
    "Institution": [
        "Faculty of Medicine",
        "Wireless Intelligent Networks Center",
        "National Institute of Laser Enhanced Sciences"
    ],
    "City": [
        "Nile University",
        "Cairo University"
    ],
    "Country": [
        "Egypt"
    ],
    "Keywords": [
        "Biomedical optical imaging",
        "Histograms",
        "Multivariate Data Analysis",
        "biospeckle",
        "Breast Cancer",
        "Cancer Screening",
        "Normal Breast Tissue",
        "Optical imaging",
        "Integrated optics",
        "medical imaging",
        "Statistical Parameters",
        "Tissue Properties",
        "breast cancer",
        "Cancer Tissues",
        "Local Measurements",
        "PCA",
        "Non-destructive Technique",
        "Breast Cancer Screening",
        "Women Worldwide",
        "Breast Cancer Tissues",
        "Breast tissue",
        "Normal Breast",
        "Human Tissue",
        "Intensity Histogram",
        "Optical Characteristics",
        "Optical fiber networks",
        "Optical Tomography",
        "Major Cause Of Mortality",
        "Breast Tissue",
        "Local Contrast",
        "local contrast",
        "Photography",
        "Set Of Matrices",
        "Speckle Pattern",
        "Optical Properties",
        "Laser Light",
        "Spatial Distribution Of Intensity",
        "Cancer Diagnosis",
        "Magnetic Resonance Imaging"
    ]
}