{
    "Title": "Successful Selection of the SoC Clocking Architecture",
    "Authors": [
        "Krzysztof Kasiński",
        "Dariusz Ziółkowski",
        "Paweł Banachowicz",
        "Joanna Iwanicka"
    ],
    "Date": "2023-08-09",
    "Institution": [
        "Silicon Creations sp. z o.o.",
        "AGH University of Science and Technology"
    ],
    "City": [
        "Kraków"
    ],
    "Country": [
        "Poland"
    ],
    "Keywords": [
        "Clock Frequency",
        "Reference Clock",
        "Jitter",
        "integrated circuit",
        "Key performance indicator",
        "Key Performance Indicators",
        "Power Consumption",
        "PLL",
        "Clocks",
        "Flicker Noise",
        "Phase Noise",
        "Bill Of Materials",
        "Integrated Circuit Design",
        "clock",
        "digital logic",
        "Integrated circuit synthesis",
        "Clock Generator",
        "Phase-locked Loop",
        "jitter",
        "Technology Node",
        "Output Buffer"
    ]
}