{
    "Title": "Blockchain Based Banking Transactions Enabled by Big Data",
    "Authors": [
        "K Balaji"
    ],
    "Date": "2023-08-09",
    "Institution": [
        "Presidency University"
    ],
    "City": [
        "Bangalore"
    ],
    "Country": [
        "India"
    ],
    "Keywords": [
        "Financial Services Sector",
        "Risk Management",
        "Banking",
        "Data Security",
        "Cryptocurrencies",
        "Smart Contracts",
        "Financial Risk",
        "Data Privacy",
        "Supply Chain Management",
        "Financial Industry",
        "Blockchain technology",
        "Finance",
        "Bitcoin",
        "Use Of Blockchain",
        "Financial Sector",
        "Financial Technology",
        "Blockchain Applications",
        "financial sector",
        "Financial Data",
        "International Transfer",
        "Financial Services",
        "Financial Services Industry",
        "Big Data Analytics",
        "Technological innovation",
        "Medical services",
        "Fintech",
        "Supply Chain",
        "Banking System",
        "Big Data Applications",
        "Surveys",
        "Financial Management",
        "Engineering Applications",
        "Financial System",
        "Supply chains",
        "Big Data",
        "Banking Sector",
        "Banking industry",
        "Program processors",
        "Big data"
    ]
}