{
    "Title": "Faster-RCNN Based Star Image Extraction Algorithm Suitable for Star Sensors Disturbed by Gaussian Noise",
    "Authors": [
        "Feng Wu",
        "Xifang Zhu",
        "Qingquan Xu",
        "Ruxi Xiang",
        "Chen Wang",
        "Jiapeng Lu"
    ],
    "Date": "2023-08-10",
    "Institution": [
        "Changzhou Institute of Technology",
        "Suzhou University of Science and Technology"
    ],
    "City": [
        "Suzhou",
        "Changzhou"
    ],
    "Country": [
        "China"
    ],
    "Keywords": [
        "Star Image",
        "Image sensors",
        "Operation Time",
        "Convolutional Layers",
        "ResNet-50",
        "Estimation",
        "Ability Of The Sensor",
        "Strong Noise",
        "Space vehicles",
        "Faster-RCNN",
        "star sensor",
        "Stars",
        "Image Plane",
        "Gaussian noise",
        "Training",
        "star image extraction",
        "Gaussian Noise",
        "Interference",
        "Star Sensor",
        "Loss Function",
        "Regression Network",
        "Defocus"
    ]
}