{
    "Title": "XDNet: A Few-Shot Meta-Learning Approach for Cross-Domain Visual Inspection",
    "Authors": [
        "Xian Yeow Lee",
        "Lasitha Vidyaratne",
        "Mahbubul Alam",
        "Ahmed Farahat",
        "Dipanjan Ghosh",
        "Teresa Gonzalez Diaz",
        "Chetan Gupta"
    ],
    "Date": "2023-08-14",
    "Institution": [
        "Industrial AI Lab"
    ],
    "City": [
        "Hitachi America Ltd."
    ],
    "Country": [
        "R&D"
    ],
    "Keywords": [
        "Transfer Learning Method",
        "Visual Inspection",
        "Transfer Learning",
        "Contrastive Loss",
        "Meta-learning Approach",
        "Metalearning",
        "Industrial Settings",
        "Classification Problem",
        "ImageNet",
        "Support Set",
        "Fold Data",
        "Multilayer Perceptron",
        "Prototypical Network",
        "Increase In Performance",
        "Query Set",
        "Query Sample",
        "Anti-aliasing Filter",
        "Zero-shot",
        "Benchmark",
        "Unsupervised Learning",
        "Random Classifier",
        "Class Prototypes",
        "Deep Learning",
        "Different Types Of Defects",
        "Feature Extraction Backbone",
        "Leather",
        "Deep Learning Models",
        "Domain Data",
        "Computational modeling",
        "Types Of Defects",
        "Computer architecture",
        "Adaptation models",
        "Training",
        "Fault Detection Problem",
        "Deep learning",
        "Visualization",
        "Anomaly Detection"
    ]
}