{
    "Title": "A Stratified Approach to Monitoring Cloud Services",
    "Authors": [
        "Smitha GV",
        "Pavithra B",
        "Izin Noushad",
        "Rahul Joshi",
        "Ujjwal Vats"
    ],
    "Date": "2023-08-04",
    "Institution": [
        "Bangalore"
    ],
    "City": [
        "Karnataka"
    ],
    "Country": [
        "India"
    ],
    "Keywords": [
        "Monitoring Techniques",
        "Effective Monitoring",
        "Infrastructure",
        "Computational Resources",
        "Cloud Providers",
        "Information Technology Industry",
        "Decision Boundary",
        "Support vector machines",
        "Virtual Machines",
        "Random Forest",
        "Data models",
        "Predictive Maintenance",
        "Random Forest Model",
        "Learning Algorithms",
        "Cloud computing",
        "Internet Of Things",
        "Corrective Actions",
        "Cause Of Problems",
        "CPU Usage",
        "etc",
        "Heuristic algorithms",
        "Support Vector Machine Model",
        "F1 Score",
        "Cloud Environment",
        "Cloud Monitoring",
        "Memory Usage",
        "Stratified Approach",
        "Adaptation models",
        "Anomaly Detection",
        "Data Center",
        "Memory usage",
        "Cloud Computing",
        "Reliability",
        "Support Vector Machine",
        "CPU usage",
        "Machine learning algorithms",
        "Machine Learning",
        "Demand For Services",
        "Global Anomalies",
        "Reliable Services",
        "Performance Metrics"
    ]
}