{
    "Title": "Isolating Signals in Passive Non-Line-of-Sight Imaging using Spectral Content",
    "Authors": [
        "Connor Hashemi",
        "Rafael Avelar",
        "James Leger"
    ],
    "Date": null,
    "Institution": [
        "University of Minnesota Twin Cities"
    ],
    "City": [
        "Minneapolis"
    ],
    "Country": [
        "USA"
    ],
    "Keywords": [
        "Passive non-line-of-sight imaging",
        "Imaging",
        "Scattering",
        "Light fields",
        "Surface waves",
        "Hyperspectral imaging",
        "Image reconstruction",
        "Clutter",
        "clutter rejection",
        "multispectral unmixing",
        "blind source separation"
    ]
}