{
    "Title": "Modeling and Design of High-Frequency Magnetic Components with Large Air Gaps for Electric Vehicle Charger Application",
    "Authors": [
        "Zheyuan Yi",
        "Zengyang Liu",
        "Kai Sun",
        "Xi Xiao"
    ],
    "Date": "2023-08-22",
    "Institution": [
        "State Key Lab of Power Systems"
    ],
    "City": [
        "Tsinghua University"
    ],
    "Country": [
        "China"
    ],
    "Keywords": [
        "Magnetic Components",
        "Finite Element Analysis",
        "Large Air Gap",
        "Magnetic cores",
        "Electric Vehicles",
        "LLC Converter",
        "Air gaps",
        "Optimal Strategy",
        "Solid modeling",
        "Design Method",
        "Magnetic Field",
        "Simulation Results",
        "Winding Loss",
        "Optimization Method",
        "2D Simulations",
        "Loss Model",
        "Proximity Effect",
        "Skin Depth",
        "Design methodology",
        "magnetic component",
        "FEA simulation",
        "Magnetic Field Strength",
        "Computational modeling",
        "Litz Wire",
        "Electric Vehicles Charging",
        "winding loss",
        "Windings",
        "Wire Resistance",
        "Finite Element Analysis Simulation",
        "Transformer",
        "Ohm’s Law",
        "Pareto Front",
        "3D Simulation",
        "Air Gap",
        "core loss",
        "Impedance",
        "Atmospheric modeling",
        "Design Strategies",
        "Modeling Method",
        "Turns Ratio",
        "Core Loss"
    ]
}