{
    "Title": "Research on Multimedia Information Processing System based on Data Mining Technology",
    "Authors": [
        "Jianqing Li"
    ],
    "Date": "2023-08-16",
    "Institution": [
        "jinan"
    ],
    "City": [
        "shandong"
    ],
    "Country": [
        "China"
    ],
    "Keywords": [
        "Data visualization",
        "Mining Technology",
        "Modulation Of Processes",
        "Control Signal",
        "Data Cube",
        "Aforementioned Design",
        "Multimedia databases",
        "Information processing",
        "Content Features",
        "Data Mining Process",
        "Streaming media",
        "Multidimensional Data",
        "System Design Optimizationt",
        "Trend Analysis",
        "System performance",
        "Imaging Data",
        "Data Clustering",
        "Association Rule Mining",
        "Systems architecture",
        "Data Mining Technology",
        "Extraction Of Content",
        "Original System",
        "Multimedia Information Processing",
        "Multimedia Data",
        "Association Rules",
        "Objective Value",
        "Mining Results",
        "Data Mining",
        "Pattern Of Effects",
        "Database Content",
        "Printed Circuit Board",
        "Metadata Extraction. Data Clustering",
        "Semantics",
        "Video Content",
        "Data Transmission",
        "Text Data",
        "Meaningful Patterns",
        "Multimedia Information",
        "Data Mining Methods"
    ]
}