{
    "Title": "Hull deformation angle measurement algorithm based on improved particle swarm optimization inertia matching",
    "Authors": [
        "Xiaofeng Wei",
        "Fei Yu",
        "Shiwei Fan",
        "Ya Zhang",
        "Zixuan Ning",
        "Wen Xing",
        "Feng Shen"
    ],
    "Date": "2023-08-22",
    "Institution": [
        "Harbin"
    ],
    "City": [
        "Heilongjiang Province"
    ],
    "Country": [
        "China"
    ],
    "Keywords": [
        "Accurate Measurement",
        "Particle Swarm Optimization",
        "inertia matching",
        "Hull Deformation",
        "PSO Algorithm",
        "Real-time Adjustment",
        "attitude reference",
        "Atmospheric measurements",
        "Navigation System",
        "Static Angle",
        "Current Iteration Number",
        "Dynamic Adjustment",
        "Deformation Angle",
        "Inertial Navigation",
        "Dynamic Deformation",
        "Kalman Filter",
        "Coordinate System",
        "Global Positioning System",
        "White Noise",
        "Measurement Methods",
        "Inertial System",
        "Solution Algorithm",
        "Deformation",
        "Heuristic algorithms",
        "Maximum And Minimum",
        "Sea Conditions",
        "Deformable models",
        "Particle Swarm",
        "hull deformation",
        "Model Parameters",
        "Angular Velocity",
        "Particle measurements",
        "Angular Speed",
        "High Measurement Accuracy",
        "Optimization Algorithm",
        "Sea measurements",
        "improved particle swarm optimization",
        "Improved Particle Swarm Optimization",
        "Random Error",
        "Measurement Algorithm",
        "Oceans"
    ]
}