{
    "Title": "Finite-thrust Spacecraft Trajectory optimization via Direct State Transition Method",
    "Authors": [
        "Yang Zhou",
        "Linjie Kong"
    ],
    "Date": "2023-08-15",
    "Institution": [
        "Zhejiang University",
        "Zhejiang College of Construction"
    ],
    "City": [
        "Hangzhou"
    ],
    "Country": [
        "China"
    ],
    "Keywords": [
        "Unknown Constant",
        "Multi-objective Optimization Problem",
        "Paper Studies",
        "Space vehicles",
        "Direct Transition",
        "Control Problem",
        "Simulation",
        "Programming",
        "Optimal Control",
        "Trajectory Optimization Problem",
        "Orbital Plane",
        "direct state transition method",
        "Equality Constraints",
        "Pontryagin Maximum Principle",
        "Transition State",
        "Single-objective Optimization Problem",
        "Leisure Time",
        "finite-thrust",
        "Optimal control",
        "Quadratic programming",
        "Multi-objective Optimization",
        "Optimal Control Problem",
        "Fuel Consumption",
        "Transfer Time",
        "Single-objective Optimization",
        "Termination Condition",
        "Nonlinear Programming Problem",
        "Indirect Method",
        "trajectory optimization",
        "nonlinear programming problem",
        "Circular Orbit",
        "Terminal Time",
        "Optimization Problem",
        "Segmentation Points",
        "Mathematical models",
        "Trajectory Optimization",
        "Nonlinear Problem",
        "Numerical models",
        "Objective Optimization Problem"
    ]
}