{
    "Title": "Unleashing the Potential of PIM: Accelerating Large Batched Inference of Transformer-Based Generative Models",
    "Authors": [
        "Jaewan Choi",
        "Jaehyun Park",
        "Kwanhee Kyung",
        "Nam Sung Kim",
        "Jung Ho Ahn"
    ],
    "Date": null,
    "Institution": [
        "Seoul National University",
        "Champaign"
    ],
    "City": [
        "IL",
        "Seoul"
    ],
    "Country": [
        "South Korea",
        "USA"
    ],
    "Keywords": [
        "Input Sequence Length",
        "Language Model",
        "Previous Stage",
        "Matrix Size",
        "Memory Capacity",
        "Large Batch Size",
        "Input Tokens",
        "Portion Of Time",
        "Input Sequence",
        "Memory Bandwidth",
        "Conventional Platforms",
        "Decoding",
        "Matrix converters",
        "Bandwidth Requirements",
        "attention",
        "Projection Layer",
        "Sequence Of Tokens",
        "Transformers",
        "Pre-trained Weights",
        "Fully-connected Layer",
        "Softmax Operation",
        "Batch Size",
        "Sequence Length",
        "Throughput Improvement",
        "processing-in-memory",
        "Context modeling",
        "Computational modeling",
        "Throughput",
        "Entire Weight",
        "Energy Efficiency",
        "Off-chip Memory",
        "Memory management",
        "Computing Units",
        "Multiple Requests",
        "Embedding Vectors",
        "Attention Layer",
        "Energy Consumption",
        "Transformer-based generative model",
        "Output Sequence"
    ]
}