{
    "Title": "Gear Fault Detection Method Based on the Improved YOLOv5",
    "Authors": [
        "Xin Wan",
        "Manyi Wang"
    ],
    "Date": "2023-08-22",
    "Institution": [
        "XiaoLing Wei Street"
    ],
    "City": [
        "Nanjing"
    ],
    "Country": [
        "China"
    ],
    "Keywords": [
        "Feature Fusion",
        "YOLOv5",
        "Gear fault detection",
        "Precision Rate",
        "Gears",
        "Fault Detection Method",
        "Computational Cost",
        "Detection Model",
        "object detection.",
        "Leaky ReLU",
        "Real-time Detection",
        "Solid modeling",
        "Detection Time",
        "Model Size",
        "Spatial Pyramid Pooling",
        "Input Features",
        "Average Precision",
        "Detection Speed",
        "Experimental Platform",
        "Wide Range Of Industries",
        "Feature Maps",
        "Gear Fault",
        "lightweight detector",
        "Computational Speed",
        "Industries",
        "Attention Mechanism",
        "Positive Predictor",
        "Computational modeling",
        "Mechatronics",
        "Performance evaluation",
        "Python Version",
        "Feature Pyramid",
        "Fault diagnosis"
    ]
}