{
    "Title": "Design and Development of a Remote Intelligent Inspection System",
    "Authors": [
        "Yen-Jen Chen",
        "Jen-Fu Yang"
    ],
    "Date": "2023-08-14",
    "Institution": [
        "Ming Chi University of Technology"
    ],
    "City": [
        "New Taipei City"
    ],
    "Country": [
        "Taiwan"
    ],
    "Keywords": [
        "GPS Information",
        "inspection",
        "Smartphone",
        "Videoconferencing",
        "Instrumental Value",
        "Behavioral sciences",
        "Inspection",
        "Predictive Maintenance",
        "Meters",
        "Optical Character Recognition",
        "System Architecture",
        "Artificial intelligence",
        "Greater Than Or Equal",
        "Read Data",
        "Industrial Plants",
        "State Diagram",
        "Costs",
        "Automatic Reading",
        "Latitude",
        "Counter Value",
        "behavior detection",
        "Technological innovation",
        "Object Recognition",
        "Meter reading",
        "Mobile Communication",
        "smart glasses",
        "Manufacturing Sites",
        "Real-time Video",
        "remote guidance",
        "Innovation Studies",
        "GPS",
        "Intelligent Systems",
        "Mobile App",
        "Instrument Data",
        "AI",
        "Digital Meter",
        "Real-time Streaming"
    ]
}