{
    "Title": "A Fusion Location Method for Unmanned Vehicle (UMV) Based on Unscented Kalman Filter",
    "Authors": [
        "De-Kun Tan",
        "Zhe Yang"
    ],
    "Date": "2023-08-25",
    "Institution": [
        "Nanchang Institute of Technology"
    ],
    "City": [
        "Nanchang"
    ],
    "Country": [
        "China"
    ],
    "Keywords": [
        "Simulation Results",
        "Satellites",
        "Vehicle Position",
        "Costs",
        "Stability analysis",
        "Low Precision",
        "Transformation Matrix",
        "Velocity Information",
        "Data Fusion",
        "Output Velocity",
        "integrated navigation",
        "Position Error",
        "Navigation Errors",
        "Research And Development",
        "Filtering algorithms",
        "Measurement Equation",
        "inertial measurement unit",
        "Signal processing",
        "Signal processing algorithms",
        "State Space",
        "Navigation System",
        "unscented Kalman filter",
        "global satellite navigation system",
        "Inertial Measurement Unit",
        "Kalman Filter",
        "Inertial Measurement Unit Data",
        "Inertial Navigation",
        "Measurement Noise",
        "Optimal Estimation",
        "multiple sensors",
        "Unscented Kalman Filter",
        "Traffic Environment",
        "Nonlinear Model",
        "Measurement units",
        "Global Navigation Satellite System",
        "Extended Kalman Filter",
        "Observation Equation"
    ]
}