{
    "Title": "Wideband Dual-Polarized Antenna with High Port Isolation",
    "Authors": [
        "Jian-Hui Xun",
        "Long-Zhi Liu",
        "Wen-Feng Wang"
    ],
    "Date": "2023-08-15",
    "Institution": [
        "Qufu Normal University"
    ],
    "City": [
        "Qufu"
    ],
    "Country": [
        "China"
    ],
    "Keywords": [
        "Antenna Ports",
        "Gain measurement",
        "Vertical Polarization",
        "Symmetric Structure",
        "Yoz Plane",
        "Radiation Gain",
        "wideband antenna",
        "Dipole antennas",
        "Beamwidth",
        "Antenna Array",
        "Wide Band",
        "Radiation Pattern",
        "Port Isolation",
        "Wireless Communication Systems",
        "Entire Band",
        "Surface Current",
        "Prototypes",
        "Wireless communication",
        "Array Configuration",
        "Prototype",
        "Frequency Band",
        "Wideband Dual-polarized Antenna",
        "Wide Bandwidth",
        "Antenna Design",
        "Patch Antenna",
        "Impedance",
        "Wireless Communication Applications",
        "Broadband antennas",
        "Impedance Bandwidth",
        "Array Pattern",
        "High Port Isolation",
        "antenna decoupling",
        "Array Elements",
        "Frequency Range",
        "Horizontal Polarization",
        "dual-polarized antenna",
        "GHz Frequency Band",
        "GHz Frequency",
        "Antenna measurements"
    ]
}