{
    "Title": "A Dual-Path Supplemental Information Learning Architecture for Breast Cancer Ki-67 Status Prediction in T2w MRI",
    "Authors": [
        "Wentian Cai",
        "Yulin Cheng",
        "Ying Gao",
        "Weixiao Liu",
        "Xinyan Xie",
        "Xiongwen Luo",
        "Weixian Yang",
        "Zaiyi Liu",
        "Changhong Liang"
    ],
    "Date": "2023-08-25",
    "Institution": [
        "Guangdong Academy of Medical Sciences",
        "South China University of Technology",
        "The First Affiliated Hospital of Jinan University"
    ],
    "City": [
        "Guangzhou"
    ],
    "Country": [
        "China"
    ],
    "Keywords": [
        "Validation Dataset",
        "Breast Cancer",
        "Feature Maps",
        "Breast Magnetic Resonance Imaging",
        "Architecture For Prediction",
        "Three-dimensional displays",
        "Receiver Operating Characteristic Curve",
        "CNN Features",
        "Regular Items",
        "CNN Model",
        "Medical Image Analysis",
        "Global Average Pooling",
        "supplemental information",
        "Dynamic Contrast-enhanced Magnetic Resonance Imaging",
        "Sensitivity",
        "Multi-scale Features",
        "aspect overlap loss",
        "Heterogeneous Model",
        "breast cancer",
        "Pathological Features",
        "Ki-67 Status",
        "Final Prediction",
        "Image analysis",
        "T2w Magnetic Resonance Imaging",
        "Pathological Information",
        "Supplementary Information",
        "Magnetic resonance imaging",
        "Ki-67 status",
        "Healthcare",
        "dual-path architecture",
        "Medical Imaging",
        "Transfer Learning",
        "Feature Extraction Ability",
        "Receivers",
        "Transfer Network",
        "Down-sampling Operation",
        "Pathology",
        "Semantic Information",
        "Semantic Features",
        "Semantics",
        "Multi-scale Feature Extraction",
        "Magnetic Resonance Imaging",
        "General Characteristics"
    ]
}