{
    "Title": "The Effect of Using Tangible User Interfaces Compared to Traditional Learning for Teaching Programming in Higher Education: An Experimental Study",
    "Authors": [
        "Ashraf Hany",
        "Enjy Ramadan",
        "Amr Akl",
        "Ayman Atia"
    ],
    "Date": "2023-08-24",
    "Institution": [
        "Dept. of Computer Science",
        "October University for Modern Sciences and Arts (MSA)"
    ],
    "City": [
        "Giza",
        "Faculty of Computers and AI"
    ],
    "Country": [
        "Egypt",
        "Helwan University October University for Modern Sciences and Arts (MSA)"
    ],
    "Keywords": [
        "High Grade",
        "First-in-first-out",
        "Computer Science",
        "Traditional Learning Methods",
        "Higher Education",
        "Atmospheric measurements",
        "Tangible Objects",
        "Better Understanding Of The Results",
        "Data Structure",
        "User interfaces",
        "Older Women",
        "Correction Code",
        "Aging",
        "Object Motion",
        "Physical Body",
        "Black Squares",
        "Education",
        "Digital Information",
        "Programming profession",
        "Traditional Learning",
        "Learning Outcomes",
        "Learning Rate",
        "Wheelchair",
        "Graphical Representation",
        "3D-printed Models",
        "Understanding Of Outcomes",
        "Environmental Education",
        "Tangible User Interfaces",
        "Particle measurements",
        "Learning Session",
        "Information Exchange",
        "Priority Queue",
        "Active Learning",
        "Between-subjects Design",
        "Teaching Methods",
        "Learning systems"
    ]
}