{
    "Title": "GSFormer: Geometric-Spatial Transformer on Point Cloud Completion",
    "Authors": [
        "Yijun Long",
        "Zhaoyu Chen",
        "Hong Lu",
        "Wenqiang Zhang"
    ],
    "Date": "2023-08-25",
    "Institution": [
        "Fudan University"
    ],
    "City": [
        "Shanghai"
    ],
    "Country": [
        "China"
    ],
    "Keywords": [
        "Displacement Characteristics",
        "Point cloud compression",
        "Spatial Module",
        "Partial Point",
        "Local Features",
        "K-nearest Neighbor",
        "Input Transformation",
        "Geometric Keypoints",
        "Global Structural Information",
        "Transformers",
        "Linear Projection",
        "Correlation",
        "Three-dimensional displays",
        "Geometric Features",
        "Original Point",
        "Graph Convolutional Network",
        "Encoding",
        "Graph Convolution",
        "Blank Area",
        "Neighboring Points",
        "Global Information",
        "Transformation Module",
        "Point Cloud",
        "Shape",
        "Geometric Details",
        "Feature Points",
        "Position Embedding",
        "Local Details",
        "Loss Function",
        "Global Features",
        "Convolution",
        "PyTorch",
        "Encoding Of Information",
        "Transformer",
        "Point Cloud Completion"
    ]
}