{
    "Title": "Indoor Human Target Detection Based on WiFi and Programmable Intelligent Surface",
    "Authors": [
        "Peng Bai",
        "Jing Jing Yang",
        "Ming Huang",
        "Dong Sheng Lu",
        "Si Zhu Chen"
    ],
    "Date": "2023-08-18",
    "Institution": [
        "Radio Monitoring Center of Yunnan Province",
        "Yunnan University"
    ],
    "City": [
        "Kunming"
    ],
    "Country": [
        "China"
    ],
    "Keywords": [
        "Object detection",
        "Target Monitoring",
        "Human Targets",
        "Simulation",
        "Feed Antenna",
        "Reconfigurable Intelligent Surface",
        "Binary Code",
        "Convolutional Neural Network",
        "Software",
        "Delay Spread",
        "Base Station",
        "Convolutional Neural Network Model",
        "Field Strength",
        "Radar Cross Section",
        "Varactor",
        "Detection Accuracy",
        "Indoor Localization",
        "Non-line-of-sight",
        "Characteristics Of Data",
        "Horn Antenna",
        "Angular Spread",
        "Received Signal Strength Indicator",
        "Received Signal Strength",
        "Programmable intelligent surface",
        "Spreading Angle",
        "WiFi Signals",
        "Mobile Stations",
        "Radiation Source",
        "Location awareness",
        "Feature extraction",
        "Wireless",
        "Delays",
        "Target Location",
        "Propagation Angle",
        "Convolutional neural networks"
    ]
}