{
    "Title": "Resource Allocation Mechanism of Federated Learning System for Highly Dynamic and Changeable Businesses",
    "Authors": [
        "Jiahiu Guo",
        "Siya Xu",
        "Xuesong Qiu"
    ],
    "Date": "2023-08-16",
    "Institution": [
        "Beijing University of Posts and Telecommunications"
    ],
    "City": [
        "Beijing"
    ],
    "Country": [
        "China"
    ],
    "Keywords": [
        "Resource Allocation",
        "Internet of Vehicles",
        "Local Data",
        "Number Of Businesses",
        "Federated Learning",
        "Resources Of Nodes",
        "Resource management",
        "Data Privacy",
        "Federated Learning System",
        "Deep Reinforcement Learning",
        "General Business",
        "Resource Allocation Model",
        "Federated Learning Model",
        "Predictive models",
        "Movement Trajectories",
        "Highly dynamic",
        "Task migration",
        "Prediction algorithms",
        "Selection Algorithm",
        "Local Training",
        "Changeable business",
        "Raw Volume",
        "Local Algorithm",
        "Multiple Terminals",
        "Dynamic Selection",
        "Training",
        "Heuristic algorithms",
        "Computational modeling",
        "Vehicle Trajectory",
        "Central Server",
        "Type Of Business",
        "User Behavior",
        "Edge Nodes",
        "Small Businesses",
        "Federated learning",
        "Assembly Mechanisms",
        "Accuracy Of Model",
        "Resource Consumption",
        "Model Aggregation",
        "Large Businesses",
        "Number Of Terminals"
    ]
}