{
    "Title": "Fast Optimal Transport for Latent Domain Adaptation",
    "Authors": [
        "Siddharth Roheda",
        "Ashkan Panahi",
        "Hamid Krim"
    ],
    "Date": "2023-09-11",
    "Institution": [
        "Electrical and Computer Engineering Department",
        "Dept. of Computer Science and Engineering",
        "Samsung Research Institute"
    ],
    "City": [
        "Chalmers University",
        "North Carolina State University",
        "Bangalore"
    ],
    "Country": [
        "Sweden",
        "USA",
        "India"
    ],
    "Keywords": [
        "Target Domain Data",
        "Latent Space",
        "Domain Adaptation",
        "Distancing Measures",
        "Target Domain",
        "Transportation Costs",
        "Predictive models",
        "Webcams",
        "Prediction algorithms",
        "Loss Of Transport",
        "Costs",
        "Source Domain",
        "Computational modeling",
        "Ground Truth Labels",
        "Latent Representation",
        "Real Samples",
        "Adaptation models",
        "Optimal Transport",
        "Generative Adversarial Networks",
        "Image processing",
        "Optimization Problem",
        "Conditional Generative Adversarial Network"
    ]
}