{
    "Title": "Virtual Plant Design: Automatic Sortation and Warehouse System for Distribution Intralogistics based on Petri-Net Method",
    "Authors": [
        "Eka Iskandar",
        "Ali Fatoni",
        "Aqil Rabbani Nurhadi"
    ],
    "Date": "2023-08-23",
    "Institution": [
        "Institut Teknologi Sepuluh Nopember"
    ],
    "City": [
        "Surabaya"
    ],
    "Country": [
        "Indonesia"
    ],
    "Keywords": [
        "Sensor phenomena and characterization",
        "Automatic Warehouse",
        "Actuator",
        "Warehouse System",
        "Shipping Pallet",
        "Functional Blocks",
        "Warehousing",
        "Role In Distribution",
        "Supply chains",
        "Industrial Revolution",
        "Conditioning Step",
        "Programming",
        "Manual Process",
        "Programmable Logic Controllers",
        "Retroreflective",
        "Petri-Net Method",
        "Virtual Design",
        "Virtual Plant",
        "Sequencing System",
        "Seminars",
        "Petri nets",
        "PLC",
        "Petri Net Method",
        "Discrete Event Simulation",
        "Programmable logic devices",
        "Final Product",
        "Supply Chain"
    ]
}