{
    "Title": "Fourier Ptychography-based VCSEL array spots imaging quality enhancement",
    "Authors": [
        "Xin Qian",
        "Lingyu Ai"
    ],
    "Date": "2023-08-23",
    "Institution": [
        "Jiangnan University"
    ],
    "City": [
        "Wuxi"
    ],
    "Country": [
        "China"
    ],
    "Keywords": [
        "Tube Lens",
        "Complex Field",
        "Ultraviolet sources",
        "Optical imaging",
        "Vertical-cavity Surface-emitting Lasers",
        "Fourier Ptychographic microscopy",
        "Optical System",
        "Optical recording",
        "Far-field",
        "Lighting",
        "Laser Spot",
        "Phase Retrieval Algorithm",
        "Beam Quality",
        "Power lasers",
        "Vertical-cavity Surface-emitting Laser Array",
        "Optical detectors",
        "Diffuse Reflectance",
        "LED Array",
        "Numerical Aperture",
        "Digital Micromirror Device",
        "Throughput",
        "Divergence Angle",
        "Phase Retrieval",
        "varied chip angle",
        "Gaussian Beam",
        "Illumination",
        "VCSEL",
        "Spots In Images"
    ]
}