{
    "Title": "Measurement of Rhythmical Movements in Street Dance for Quantifying Movement Timing Skills",
    "Authors": [
        "Ritsuko Kiso",
        "Yuko Hashimoto",
        "Masashi Nakatani"
    ],
    "Date": "2023-08-25",
    "Institution": [
        "Keio University",
        "Ochanomizu University"
    ],
    "City": [
        "Tokyo",
        "Fujisawa"
    ],
    "Country": [
        "Japan"
    ],
    "Keywords": [
        "Haptic interfaces",
        "Rhythmic Movements",
        "Audition",
        "Time Difference",
        "Visual Information",
        "Atmospheric measurements",
        "Fast Movements",
        "Dance Performance",
        "Training Group",
        "Movement In Response",
        "Critical Frequency",
        "Joint Position",
        "dance",
        "Force Feedback",
        "Participation In Training",
        "Movement Time",
        "Skill Acquisition",
        "Coordination Patterns",
        "Experimental Task",
        "Physical Movement",
        "Rhythm",
        "Novice Learners",
        "Type Of Movement",
        "Phase Transition",
        "rhythm of movement",
        "Audience",
        "motion capture",
        "Right-hand",
        "pseudo-haptics",
        "haptic tutoring",
        "Experimental Trials",
        "Machine Vision",
        "Motion measurement",
        "Particle measurements",
        "Body Movements",
        "Physical Skills",
        "Vector Of Length",
        "Synchronization",
        "Street Dance",
        "Within-subject Factor",
        "Novice Group"
    ]
}