{
    "Title": "Inductive heating based on VHF-ISM radio band frequencies as technology platform for efficient heating of metallic micro-scaled bonding layers in MEMS packaging",
    "Authors": [
        "Christian Hofmann",
        "Martin Kroll",
        "Sushant Panhale",
        "Maik Wiemer",
        "Andreas Kunke",
        "Karla Hiller",
        "Harald Kuhn"
    ],
    "Date": "2023-09-04",
    "Institution": [
        "Fraunhofer Institute for Electronic Nano Systems ENAS",
        "University of Technology"
    ],
    "City": [
        "Chemnitz"
    ],
    "Country": [
        "Germany"
    ],
    "Keywords": [
        "Heating Efficiency",
        "Radio Band",
        "Microcoil",
        "Coils",
        "Packaging",
        "electronics packaging",
        "Electromagnetic induction",
        "Thermal Stress",
        "Induction Heating",
        "selective heating",
        "FE Simulations",
        "Process control",
        "microelectromechanical systems",
        "Homogeneous Heating",
        "Iron",
        "Micrometers",
        "Radiofrequency",
        "Electromagnetic heating",
        "Micromechanical devices",
        "radio frequency",
        "Electromagnetic Field",
        "Fast Heating Rate",
        "Penetration Depth"
    ]
}