{
    "Title": "A Genetic Algorithm based Parallel Task Planning Method for Cooperative MRS",
    "Authors": [
        "Li Yu",
        "Wang Tianyang",
        "Zhang Zhongqiu",
        "Ren Xiaokun"
    ],
    "Date": "2023-08-28",
    "Institution": [
        "Northwestern Polytechnical University",
        "School of Computer Northwestern Polytechnical University",
        "Center of Information Northwestern Polytechnical University"
    ],
    "City": [
        "Xi'an"
    ],
    "Country": [
        "China"
    ],
    "Keywords": [
        "Selection Operator",
        "Planning",
        "Intelligent systems",
        "Verification",
        "Active Task",
        "Crossover Operator",
        "Market research",
        "Parallelization",
        "Task analysis",
        "Solution Space",
        "Parallel Algorithm",
        "Parallel Solution",
        "Cooperative Control",
        "Performance Of Genetic Algorithm",
        "Multiple Robot Systems",
        "Resource management",
        "Isomorphism",
        "Task Planning",
        "Directed Acyclic Graph",
        "Fitness Function",
        "Swarm Intelligent System",
        "Software algorithms",
        "Internet Of Things",
        "Robotic Group",
        "Task Execution",
        "Task Cooperation",
        "Planning Methods",
        "Genetic Algorithm Operators",
        "Genetic Algorithm",
        "Parallel algorithms"
    ]
}