{
    "Title": "More Synergy, Less Redundancy: Exploiting Joint Mutual Information for Self-Supervised Learning",
    "Authors": [
        "Salman Mohamadi",
        "Gianfranco Doretto",
        "Donald A. Adjeroh"
    ],
    "Date": "2023-09-11",
    "Institution": [
        "Lane Department of Computer Science and Electrical Engineering"
    ],
    "City": [
        "West Virginia University"
    ],
    "Country": [
        "USA"
    ],
    "Keywords": [
        "Degradation",
        "Redundancy",
        "Cross-correlation Matrix",
        "Linear Classifier",
        "Self-supervised Learning",
        "Off-diagonal",
        "Projector",
        "Matrix Elements",
        "Joint Mutual Information",
        "Self-supervised learning",
        "Reliability",
        "View Of The Sample",
        "Representative View",
        "Training Protocol",
        "Latent Space",
        "Mutual Information Estimation",
        "Mutual Information",
        "Target Variable",
        "Role Of Information",
        "Pretext Task",
        "Image processing",
        "Redundant Information",
        "Redundancy Reduction",
        "Protocols",
        "Off-diagonal Elements Of Matrix",
        "Loss Function",
        "Data Augmentation",
        "Training"
    ]
}