{
    "Title": "Blockchain Technology in Talent Retention and Capability Development in HRM",
    "Authors": [
        "Mohini Damle",
        "Prasanna Kulkarni",
        "Madhavi Damle"
    ],
    "Date": "2023-08-28",
    "Institution": [
        "Symbiosis International (Deemed University)"
    ],
    "City": [
        "Pune"
    ],
    "Country": [
        "India"
    ],
    "Keywords": [
        "Data Security",
        "Human Resource Management",
        "Smart Contracts",
        "Human Resources",
        "Data Privacy",
        "Human Resources Department",
        "Organizations",
        "Digital Identity",
        "Blockchain Network",
        "Bitcoin",
        "Resource-based View",
        "Use Of Blockchain",
        "Business Continuity",
        "Capacity Building",
        "Performance Expectancy",
        "Encryption",
        "Implications for HR Practice",
        "Blockchain Applications",
        "Distributed Ledger",
        "Security",
        "Internet Of Things",
        "Data privacy",
        "Learning And Development",
        "Authentication",
        "Employee Satisfaction",
        "Consensus Mechanism",
        "Loyalty Programs",
        "Technological innovation",
        "Data Storage",
        "Supply Chain",
        "Blockchains",
        "Case Scenario",
        "Blockchain",
        "Capability",
        "Recruitment",
        "Performance Management",
        "Talent Management",
        "Use Case Scenarios",
        "Employment",
        "Career Trajectories"
    ]
}