{
    "Title": "Shoe-type Wearable Device for Measuring Ground Reaction Force and Center of Pressure",
    "Authors": [
        "Ryuichi Kawasaki",
        "Seiichiro Katsura"
    ],
    "Date": "2023-08-31",
    "Institution": [
        "Keio University"
    ],
    "City": [
        "Yokohama"
    ],
    "Country": [
        "Japan"
    ],
    "Keywords": [
        "Knee Angle",
        "Walking Conditions",
        "Motion Data",
        "Fast Walking",
        "Level Of Accuracy",
        "Biped Locomotion",
        "Force measurement",
        "Reaction Force",
        "Normal Speed",
        "Walking In A Straight Line",
        "Motion Capture System",
        "Legged locomotion",
        "Gait Analysis",
        "Pressure Force",
        "Anterior Cruciate Ligament",
        "Wearable Devices",
        "Wearable computers",
        "Wide Range Of Fields",
        "Force Plate",
        "Force Sensitive Resistors",
        "Motion Force",
        "Shape",
        "Reaction Center",
        "Force",
        "Walking Model",
        "Center Of Pressure",
        "Bipedal Walking",
        "Motion Capture",
        "Simple Walk",
        "Shape measurement",
        "Body Shape",
        "Pressure measurement",
        "Round Trip",
        "Ground Reaction Force"
    ]
}