{
    "Title": "A Blockchain-Based Transactive Energy Management Scheme for Nano-Grids using Power Flow Coloring",
    "Authors": [
        "Abdullah Bin Masood",
        "Saher Javaid",
        "Yasuo Tan",
        "Vasos Vassiliou",
        "Marios Lestas"
    ],
    "Date": "2023-08-31",
    "Institution": [
        "Frederick University",
        "University of Cyprus",
        "Japan Advanced Institute of Science and Technology",
        "CYENS - Centre of Excellence"
    ],
    "City": [
        "Nicosia",
        "Ishikawa"
    ],
    "Country": [
        "Japan",
        "Cyprus"
    ],
    "Keywords": [
        "Energy Management",
        "Feed-in",
        "Stability analysis",
        "Energy Trading",
        "Transactive energy",
        "Smart Home",
        "Blockchain Network",
        "Distributed power generation",
        "Scalability",
        "Blockchain",
        "Electric potential",
        "Real-time systems",
        "Trade Data",
        "Solar Panels",
        "Consensus Protocol",
        "Energy Management Strategy",
        "Distributed Energy Resources",
        "Power Source",
        "Load Power",
        "IoT",
        "Cyber-physical Systems",
        "Internet Of Things",
        "Model System",
        "Transactive Energy",
        "Blockchain Nodes",
        "Energy Distribution",
        "Power Flow Control",
        "Power Devices",
        "Smart Meters",
        "Prosumer Nano-Grid",
        "Fluctuations",
        "Efficient Management",
        "Power Flow Coloring",
        "Transactive Energy Management"
    ]
}