{
    "Title": "Food Rotting Prediction and Detection System for Warehouse",
    "Authors": [
        "Nabilah Tabassum Oshin",
        "Fardin Ahsan Shafi",
        "Mahfuzur Rahman",
        "Halima Khatun",
        "Mohammad Rejwan Uddin",
        "Mahady Hasan"
    ],
    "Date": "2023-08-28",
    "Institution": [
        "Independent University of Bangladesh"
    ],
    "City": [
        "Dhaka"
    ],
    "Country": [
        "Bangladesh"
    ],
    "Keywords": [
        "Food Products",
        "Food Waste",
        "Microcontroller",
        "Humidity",
        "Flammable Gas",
        "Food Supply Chain",
        "Shelf Life",
        "Food Storage",
        "Digital Signal",
        "Food Supply",
        "Air Resistance",
        "Carbon Monoxide",
        "Changes In Humidity",
        "Emission",
        "Gas Concentration",
        "Sensitivity Of The Sensor",
        "Soft sensors",
        "Arduino",
        "ML algorithm",
        "Learning Algorithms",
        "Hardware Components",
        "Gas Sensors",
        "Carbon Dioxide",
        "Food industry",
        "Input Variables",
        "Safety",
        "Logistic Function",
        "Improve Food Safety",
        "Sensor",
        "Food Spoilage",
        "Resistance Ratio",
        "Supply Chain",
        "Calibration",
        "Rotten",
        "Productivity",
        "Management System",
        "Reduce Food Waste",
        "Humidity Levels",
        "Temperature sensors",
        "Food waste"
    ]
}