{
    "Title": "A Dual-band Sample Selection Method for 2-Dimension Digital Predistortion",
    "Authors": [
        "Yi Gao",
        "Cuiping Yu",
        "Shulan Li",
        "Yuanan Liu"
    ],
    "Date": "2023-09-01",
    "Institution": [
        "Beijing University of Posts and Telecommunications"
    ],
    "City": [
        "Beijing"
    ],
    "Country": [
        "China"
    ],
    "Keywords": [
        "2-dimension digital-predistortion (2-D-DPD)",
        "Predistortion",
        "Digital Predistortion",
        "Nonlinear Order",
        "Computational Complexity Reduction",
        "Upper Band",
        "Normalized Mean Square Error",
        "Complexity Reduction",
        "computational complexity",
        "Computational complexity",
        "Electromagnetics",
        "Dual band",
        "Conferences",
        "Input Signal",
        "Lower Band",
        "Technological innovation",
        "Frequency Band",
        "sample selection",
        "Signal Amplitude",
        "power amplifier",
        "Representative Subset",
        "Index Set",
        "Computational Complexity",
        "Sample Selection Process"
    ]
}