{
    "Title": "Data transmission under Smoke pool conditions based on an active mode-locked tunable 2-μm fiber laser",
    "Authors": [
        "Deqi Li",
        "Baoqun Li",
        "Sunde Wang",
        "Silun Du",
        "Tianshu Wang"
    ],
    "Date": "2023-09-06",
    "Institution": [
        "Changchun University of Science and Technology"
    ],
    "City": [
        "Changchun"
    ],
    "Country": [
        "China"
    ],
    "Keywords": [
        "space laser communication",
        "Laser mode locking",
        "Longitudinal Mode",
        "Noise Tolerance",
        "Tuning",
        "active mode locking",
        "Atmospheric Turbulence",
        "Visual Conditions",
        "Eye Diagrams",
        "Optical polarization",
        "Repetition Frequency",
        "Central Wavelength",
        "Phase-locked",
        "Linewidth",
        "Eye Pattern",
        "Fiber Laser",
        "Optical fiber networks",
        "Mach-Zehnder Modulator",
        "Pulse Width",
        "Pulse Signal",
        "Pulsed Mode",
        "Rare Earth Elements",
        "atmospheric turbulence",
        "signal-to-noise ratio",
        "Resonant Cavity",
        "Voltage Mode",
        "Optical Amplifier",
        "Laser applications",
        "Polarization State",
        "Mode-locked Laser",
        "Nonlinear Effects",
        "Gain Medium",
        "Fundamental Frequency",
        "fiber laser",
        "Mach-Zehnder interferometers",
        "Digital Signal",
        "Optical fiber polarization",
        "Intensity Modulation",
        "Arbitrary Waveform Generator",
        "Fiber Length",
        "Wavelength Tuning",
        "Gain Spectrum"
    ]
}