{
    "Title": "Prediction of Original Reliability Parameters in Power Systems Based on Improved Discrete Grey Model",
    "Authors": [
        "Zhiwei Han",
        "Cong Zhou",
        "Shujuan Gan",
        "Xiang Li"
    ],
    "Date": "2023-09-22",
    "Institution": [
        "University of Electronic Science and Technology of China",
        "Ltd"
    ],
    "City": [
        "Chengdu",
        "Beijing"
    ],
    "Country": [
        "China"
    ],
    "Keywords": [
        "Power System",
        "Power system stability",
        "Original Sequence",
        "Symmetric Matrix",
        "Actual Series",
        "Number Of Matrices",
        "Predictive models",
        "Types Of Components",
        "Asia",
        "Large Number Of Conditions",
        "Discrete Grey Model",
        "Series Of Values",
        "Reliability engineering",
        "Intermediate Parameters",
        "Systems Theory",
        "Community In Recent Years",
        "Industries",
        "Original Parameters",
        "Original Reliability Parameters",
        "Electrical engineering",
        "Series Of Parameters",
        "Nonzero Constant",
        "Reliability theory",
        "Condition Number Of Matrix",
        "Original Series",
        "Initial Value",
        "Prediction",
        "Grey System",
        "Differential Equations"
    ]
}