{
    "Title": "Performance Analysis of Facial Expression Recognition Algorithms Based on Machine Learning and Deep Learning",
    "Authors": [
        "Lijie Qin",
        "Nengkun Tao",
        "Siyi Zheng",
        "Xiarui Zheng"
    ],
    "Date": "2023-09-06",
    "Institution": [
        "No.1 Middle School of Liuyang Hunan",
        "Nord Anglia Chinese International School Shanghai",
        "University of Wisconsin Madison",
        "Beijing National Day School"
    ],
    "City": [
        "Shanghai",
        "Wisconsin",
        "Liuyang",
        "Beijing"
    ],
    "Country": [
        "China",
        "America"
    ],
    "Keywords": [
        "Face Recognition",
        "People’s Daily",
        "Convolutional Layers",
        "Facial expression recognition",
        "Deep Learning",
        "Emotion recognition",
        "Chance Of Overfitting",
        "Non-verbal Communication",
        "Analytical models",
        "Convolutional neural network",
        "Support vector machines",
        "Facial Expressions",
        "Random Forest",
        "Daily Communication",
        "Geometric Features",
        "Kernel Function",
        "Learning Algorithms",
        "Psychological Emotions",
        "Important Role In People",
        "Dropout Layer",
        "Accurate Method",
        "SVM Algorithm",
        "Face recognition",
        "Activity In Real Time",
        "Hidden Layer",
        "Facial Expression Recognition",
        "Apparent Features",
        "Accuracy Of Different Methods",
        "Scale-invariant Feature Transform",
        "Gini Impurity",
        "Convolutional Neural Network",
        "SVM",
        "Deep learning",
        "Support Vector Machine",
        "Machine learning algorithms",
        "Decision Tree",
        "Machine Learning",
        "Neural Network",
        "Psychology",
        "Face Detection"
    ]
}