{
    "Title": "Enhanced Storm Surge Forecasting Model for Digital Twin Watershed Applications of Ningbo",
    "Authors": [
        "Hongjie Zhou"
    ],
    "Date": "2023-09-01",
    "Institution": [
        "Ningbo Hydrology Center"
    ],
    "City": [
        "Ningbo"
    ],
    "Country": [
        "China"
    ],
    "Keywords": [
        "Coastal Areas",
        "Time Series",
        "Predictive models",
        "storm surge",
        "Supercomputing Center",
        "Hydrological",
        "Water Conservation",
        "Long-term Memory",
        "Numerical models",
        "Early Warning",
        "Flood Forecasting",
        "digital twin watershed",
        "Future Data",
        "Storm Surge Forecast",
        "Autoregressive Model",
        "Model Domain",
        "Storms",
        "Months Of July",
        "Automatic Optimization",
        "People’s Republic",
        "Digital twins",
        "Watersheds",
        "Storm Surge",
        "Disaster Prevention",
        "Forecast Error",
        "Digital Twin",
        "Prediction Model",
        "Intelligent Model",
        "Prevention Plan",
        "Water Level",
        "Recurrent Neural Network",
        "forecast model",
        "Long Short-term Memory",
        "Fourier Analysis",
        "Sea measurements",
        "Time Series Data",
        "Adaptation models",
        "Forecasting Model",
        "Hydrodynamic Model",
        "Tide Level"
    ]
}