{
    "Title": "1-bit Conformal Programmable Metasurface for RCS Reduction",
    "Authors": [
        "Yuhao Wu",
        "Jiaqi Han",
        "Long Li"
    ],
    "Date": "2023-09-01",
    "Institution": [
        "Xidian University"
    ],
    "City": [
        "Xi’an"
    ],
    "Country": [
        "China"
    ],
    "Keywords": [
        "Simulation Results",
        "Simulation",
        "reconfigurable",
        "Metasurfaces",
        "Reflection",
        "Stealth Technology",
        "Conformal Theory",
        "PIN Diodes",
        "Phased arrays",
        "Programmable Metasurface",
        "PIN photodiodes",
        "Coding metasurface",
        "Technological innovation",
        "Radar Cross Section Reduction",
        "RCS",
        "Switches",
        "Reflection Phase",
        "Great Application Prospects",
        "Conformal"
    ]
}