{
    "Title": "Single-Fed Electrically Small Antenna with Circular Polarization",
    "Authors": [
        "Marwan Jadid",
        "Christophe Delaveaud",
        "Serge Bories",
        "Anthony Bellion"
    ],
    "Date": "2023-09-07",
    "Institution": [
        "Université Grenoble Alpes",
        "CNES"
    ],
    "City": [
        "Toulouse",
        "Grenoble"
    ],
    "Country": [
        "France"
    ],
    "Keywords": [
        "Conferences",
        "Reflection Coefficient",
        "Antenna Array",
        "Left-handed Circularly Polarized",
        "Reactive Load",
        "Impedance Matching",
        "Loaded antennas",
        "Electrically Small Antennas",
        "Polarization",
        "Load flow control",
        "Impedance",
        "Circularly Polarized",
        "Axial Ratio"
    ]
}