{
    "Title": "Graphene Photonics Nested Mach-Zehnder Modulator for Advanced Modulation Formats",
    "Authors": [
        "Vito Sorianello",
        "Alberto Montanaro",
        "Marco Angelo Giambra",
        "Nadia Ligato",
        "Wolfgang Templ",
        "Paola Galli",
        "Marco Romagnoli"
    ],
    "Date": "2023-09-04",
    "Institution": [
        "Nokia Bell Labs",
        "INPHOTEC",
        "CNIT",
        "Nokia Solutions and Networks Italia"
    ],
    "City": [
        "Pisa",
        "Stuttgart",
        "Vimercate"
    ],
    "Country": [
        "Italy",
        "Germany"
    ],
    "Keywords": [
        "Temperature",
        "Graphene",
        "Quadrature Phase Shift Keying",
        "Real-time Oscilloscope",
        "Bit Error Rate",
        "Binary Shift",
        "Quadrature Phase Shift",
        "Eye Diagrams",
        "Optical materials",
        "Optical sensors",
        "Phase Shift Keying",
        "Differential Signal",
        "Chemical Vapor Deposition",
        "Dual-channel",
        "Constellation Diagram",
        "Bit Error",
        "Photonic Applications",
        "Binary phase shift keying",
        "Binary Phase Shift Keying",
        "Phase Shift",
        "Key Modulator",
        "Coherent Receiver",
        "Temperature sensors",
        "Great Potential For Applications",
        "Mach-Zehnder Modulator",
        "Optical modulation"
    ]
}