{
    "Title": "Complete Computation of Macroscopic High Harmonic Generation using Artificial Intelligence",
    "Authors": [
        "José Miguel Pablos-Marín",
        "Javier Serrano",
        "Carlos Hernández-García"
    ],
    "Date": "2023-09-04",
    "Institution": [
        "University of Salamanca"
    ],
    "City": [
        "Salamanca"
    ],
    "Country": [
        "Spain"
    ],
    "Keywords": [
        "Maxwell’s Equations",
        "Mathematical models",
        "Topological Charge",
        "Generation Of Radiation",
        "Frequency conversion",
        "Macroscopic Level",
        "Deep Learning",
        "X-rays",
        "High Harmonic Generation",
        "Vortex Beam",
        "Paradigmatic Example",
        "Nonlinear Optical",
        "Ultraviolet sources",
        "Orbital Angular Momentum",
        "Europe",
        "Artificial intelligence",
        "Attosecond",
        "Form Of Pulses",
        "Strong Field",
        "Quantum computing",
        "Use Of Artificial Intelligence",
        "Microscopic Level",
        "Artificial Intelligence"
    ]
}