{
    "Title": "Automated Design of a Broadside-Radiating Linearly Polarized Isotropic Metasurface Antenna",
    "Authors": [
        "M. Zucchi",
        "A. Scarabosio",
        "M. Righero",
        "G. Giordanengo",
        "F. Vernì",
        "G. Vecchi"
    ],
    "Date": "2023-09-07",
    "Institution": [
        "Politecnico di Torino",
        "Fondazione LINKS",
        "Milan Research Center"
    ],
    "City": [
        "Segrate",
        "Turin"
    ],
    "Country": [
        "Italy"
    ],
    "Keywords": [
        "Software",
        "Shape",
        "Polarization",
        "Far-field",
        "Final Design",
        "Impedance Values",
        "Surface impedance",
        "Circular Patch",
        "Traditional Antenna",
        "Conferences",
        "Metasurface Antenna",
        "Metasurfaces",
        "Circular Antenna",
        "Full-wave Simulation",
        "Antenna Design",
        "Linearly Polarized",
        "Linear programming"
    ]
}