{
    "Title": "Cost-Effective Joint Establishment of Fronthaul and Virtual Base Stations in a Stochastic C-RAN",
    "Authors": [
        "Yunyi Wu",
        "Yongbing Zhang"
    ],
    "Date": "2023-09-01",
    "Institution": [
        "The Graduate School of Systems and Information Engineering"
    ],
    "City": [
        "University of Tsukuba"
    ],
    "Country": [
        "Japan"
    ],
    "Keywords": [
        "Total Cost",
        "Link Bandwidth",
        "Network Model",
        "Solution Space",
        "Mobile Users",
        "Previous Iteration",
        "Master Problem",
        "Decision making",
        "Cloud Radio Access Network",
        "Virtual Network Functions",
        "Upper Bound",
        "Critical Infrastructure",
        "Telecommunication traffic",
        "Traffic Load",
        "Radio Access Network",
        "Costs",
        "Objective Function",
        "Virtual Base Stations",
        "Strong Duality",
        "Demand For Resources",
        "Lower Bound",
        "User Access",
        "Heuristic Approach",
        "Large-scale Networks",
        "Optimal Cut",
        "Network Topology",
        "Numerical Experiments",
        "Base Station",
        "Flow Routing",
        "Base stations",
        "Shortest Path",
        "Future Position",
        "Routing",
        "Delays",
        "Bandwidth",
        "User Location"
    ]
}