{
    "Title": "Design of an Active Polarizer for Wideband Quad-Polarization Conversion",
    "Authors": [
        "Chengxiang Xu",
        "Jianxun Su",
        "Meijun Qu",
        "Zengrui Li",
        "Kainan Qi",
        "Hongcheng Yin"
    ],
    "Date": null,
    "Institution": [
        "Science and Technology on Electromagnetic Scattering Laboratory",
        "Communication University of China"
    ],
    "City": [
        "Beijing"
    ],
    "Country": [
        "China"
    ],
    "Keywords": [
        "Metallic Patch",
        "PIN Diodes",
        "Circularly Polarized",
        "reconfigurable",
        "Left-handed Circularly Polarized",
        "Linearly Polarized",
        "Inductors",
        "Series Resistance",
        "Switches",
        "Polarization",
        "Wireless",
        "Wave Direction",
        "Wireless communication",
        "Polarization Mode",
        "Active polarizer",
        "quad-polarization conversion",
        "Coordinate System",
        "Right-handed Circularly Polarized",
        "Active Components",
        "Pins",
        "PIN photodiodes",
        "Electric Vector",
        "Metals",
        "Phase Shift",
        "Equivalent Circuit",
        "Incident Wave",
        "Polarization Conversion",
        "PIN diode",
        "Reflection Coefficient"
    ]
}