{
    "Title": "Broken-bar Fault Detection by Injecting a Frequency Modulated Continuous Wave Signal",
    "Authors": [
        "Dehong Liu",
        "Anantaram Varatharajan",
        "Abraham Goldsmith",
        "Chuizheng Kong",
        "Laxman Kumar Sigatapu",
        "Yebin Wang"
    ],
    "Date": "2023-09-06",
    "Institution": [
        "Troy",
        "Cambridge",
        "Boston"
    ],
    "City": [
        "NY",
        "MA"
    ],
    "Country": [
        "USA"
    ],
    "Keywords": [
        "Voltage Signal",
        "Model Analysis",
        "Fault detection",
        "Small Slip",
        "FMCW",
        "Loop Circuit",
        "Broken Bar Fault",
        "Correlation",
        "Wave Signal",
        "Operating Frequency",
        "Motor Speed",
        "Loop Current",
        "Analytical models",
        "Cross-correlation",
        "Noisy Measurements",
        "Frequency modulation",
        "Induction Motor",
        "Signal injection",
        "Stator Inductance",
        "Time-frequency analysis",
        "Equivalent Circuit",
        "Frequency Modulated Continuous Wave",
        "Signal Processing Techniques",
        "Frequency Band",
        "Frequency Domain",
        "Stator Current",
        "Stator Voltage",
        "Induction motors",
        "Frequency Components",
        "Characteristic Components",
        "Coupling Coefficient",
        "Faulty Conditions",
        "Fundamental Frequency",
        "Current Spectrum",
        "Frequency Spectrum",
        "Induction motor",
        "Voltage measurement",
        "Broken-bar",
        "Stator Winding",
        "Healthy Conditions",
        "Three-phase Motor"
    ]
}