{
    "Title": "Backstepping Control Design of Supercavitating Vehicle with Time Delay based on State Observer",
    "Authors": [
        "Xinhua Zhao",
        "Kaiyan Niu",
        "Hongyu Ma",
        "Kang Wang"
    ],
    "Date": "2023-09-18",
    "Institution": [
        "Harbin Engineering University"
    ],
    "City": [
        "Harbin"
    ],
    "Country": [
        "China"
    ],
    "Keywords": [
        "Tail",
        "Fractional-order Model",
        "Force",
        "Vertical Speed",
        "Control Design",
        "Resistance",
        "Beginning Of The Simulation",
        "Backstepping Control",
        "Pitch Rate",
        "Effect Of Time Delay",
        "Simulation",
        "External Disturbances",
        "System State",
        "Perturbation Parameter",
        "Linear Parameter Varying",
        "supercavitating vehicle",
        "Backstepping Method",
        "Asymptotically Stable",
        "Tracking Error",
        "Positive Diagonal Matrix",
        "Deflection Angle",
        "State Observer",
        "Nonlinear Force",
        "Pitch Angle",
        "Cavitation",
        "Cavity Effect",
        "Backstepping",
        "Variation Curve",
        "backstepping method",
        "Active Control",
        "Time Delay",
        "state observer",
        "Robust Control",
        "time delay characteristics",
        "Planing",
        "Actuator Failures",
        "State Variables",
        "Delay effects"
    ]
}