{
    "Title": "Development of Cyclist Health Notifications Based on Route Tracking and Body’s Parameters",
    "Authors": [
        "Nasya Alfa Shaumy",
        "Nur Adi Siswandari",
        "Ari Wijayanti",
        "Okkie Puspitorini",
        "Muhamad Milchan",
        "Karimatun Nisa’"
    ],
    "Date": "2023-09-12",
    "Institution": [
        "Telecommunication Engineering"
    ],
    "City": [
        "Surabaya"
    ],
    "Country": [
        "Indonesia"
    ],
    "Keywords": [
        "Monitoring",
        "Hypotension",
        "health",
        "distance",
        "Travel Time",
        "History",
        "Satellite images",
        "Blood Pressure",
        "Destination Point",
        "Cycle Path",
        "Body Parameters",
        "Web services",
        "bicycle",
        "Measurement uncertainty",
        "Fitness Levels",
        "Routing Tracks",
        "History Of Disease",
        "Cycling Safety",
        "Decision Matrix",
        "Hypertension",
        "Start Button",
        "Biomedical monitoring",
        "Simple Additive Weighting (SAW)",
        "Photography",
        "Personal Data",
        "Several Types Of Data"
    ]
}