{
    "Title": "A Low-Noise 32-Channel Readout Circuit for Silicon Drift Detectors Aimed to X-Ray Imaging",
    "Authors": [
        "Xuelei Huang",
        "Jia Wang",
        "Duanyang Fan",
        "Ran Zheng",
        "Feifei Xue",
        "Xiaomin Wei",
        "Ruiguang Zhao",
        "Yongcai Hu"
    ],
    "Date": "2023-09-11",
    "Institution": [
        "Northwestern Polytechnical University"
    ],
    "City": [
        "Xi’an"
    ],
    "Country": [
        "China"
    ],
    "Keywords": [
        "Transfer Function",
        "Readout System",
        "Adaptive Feedback",
        "Industrial electronics",
        "DC-coupled",
        "High Gain",
        "Shot Noise",
        "Small Dynamic Range",
        "Simulation Results",
        "Low-frequency Noise",
        "Readout circuits",
        "Detectors",
        "Low noise",
        "Transistor Size",
        "Parasitic Capacitance",
        "Silicon Drift Detector",
        "Feedback circuits",
        "Total Noise",
        "Dynamic range",
        "Silicon",
        "Capacitors C2",
        "Readout Circuit",
        "Current Range",
        "Equivalent Charge",
        "Capacitor C1",
        "Power Consumption",
        "Prototypes",
        "Dynamic Range",
        "Noise Performance",
        "Direct Coupling",
        "Multichannel",
        "Low-noise Readout",
        "Low-pass",
        "Equivalent Circuit",
        "Thermal Noise",
        "Fluctuations",
        "Feedback Circuit",
        "SDD detector",
        "Low Noise",
        "Circuit Activity"
    ]
}