{
    "Title": "An Improved Genetic Algorithm for Cooperative Allocation with Orbit-Like Tasks",
    "Authors": [
        "Guangkun Tang",
        "Yang-Yang Chen",
        "Rui Yu",
        "Yi Dong",
        "Yize Yang"
    ],
    "Date": "2023-09-18",
    "Institution": [
        "Engineering Shanghai Research Institute for Intelligent Autonomous Systems Tongji University",
        "Nanjing"
    ],
    "City": [
        "Shanghai",
        "Jiangsu"
    ],
    "Country": [
        "China"
    ],
    "Keywords": [
        "Selection Operator",
        "Orbits",
        "Costs",
        "Genetics",
        "Crossover Operator",
        "Improved Genetic Algorithms",
        "Gene Segments",
        "Node Selection",
        "Task analysis",
        "Optimal Allocation",
        "Orbit-like Tasks",
        "Lagrange Interpolation",
        "Line Segment",
        "Heuristic Algorithm",
        "Simulated Scene",
        "Task Case",
        "Cooperative Allocation",
        "Continuous Curve",
        "Individual Codes",
        "Traveling Salesman Problem",
        "Resource management",
        "Multiple Agents",
        "Position Of Segment",
        "Fitness Function",
        "Collision avoidance",
        "Ith Agent",
        "Task Allocation",
        "Interpolation",
        "Improved Genetic Algorithm",
        "Particle Swarm Optimization",
        "Distance Matrix",
        "Maximum Value Of Function",
        "Obstacle Avoidance",
        "Particle Swarm",
        "Discrete Set Of Points",
        "Position Of Agent",
        "Work In This Area",
        "Curve Equation"
    ]
}