{
    "Title": "IoT Enabled Battery Status Monitoring System for Electric Vehicles",
    "Authors": [
        "Sthitprajna Mishra",
        "Chinmoy Kumar Panigrahi",
        "Subhra Debdas",
        "Dokkada Venkat Prasad Varma",
        "Maneesh Yadav"
    ],
    "Date": "2023-09-20",
    "Institution": [
        "KIIT Deemed to be University",
        "KIIT Deemed to be University of"
    ],
    "City": [
        "Bhubaneswar"
    ],
    "Country": [
        "India"
    ],
    "Keywords": [
        "Lithium Ion",
        "Batteries",
        "Electric Vehicles",
        "Node-Red",
        "Voltage Mode",
        "Circuit faults",
        "Raspberry Pi",
        "Electric vehicles",
        "Switches",
        "Electric Vehicles Battery",
        "Internal Combustion Engine Vehicles",
        "Battery State",
        "Internet of things",
        "Industrial Internet Of Things",
        "Transportation",
        "Vehicle Type",
        "Renewable Energy Systems",
        "State Of Charge",
        "Battery Management System",
        "Internet Of Things",
        "Efficient Management",
        "Fourth Step",
        "Voltage",
        "Wireless Systems",
        "Electrochemical Cell",
        "Electric Vehicle",
        "Battery Temperature",
        "Internet Of Things Devices",
        "Battery management systems",
        "Mechanical Design",
        "Battery Performance",
        "Cloud Computing",
        "Battery State Of Charge"
    ]
}