{
    "Title": "Detection of X-ray prohibited items based on Improved YOLOv7",
    "Authors": [
        "Song Li",
        "Yasenjiang Musha"
    ],
    "Date": "2023-09-19",
    "Institution": [
        "Xinjiang University"
    ],
    "City": [
        "Urumqi"
    ],
    "Country": [
        "China"
    ],
    "Keywords": [
        "Image edge detection",
        "Local Features",
        "Prohibited items detection",
        "Convolution Module",
        "Transformers",
        "One-stage Detectors",
        "Convolution Kernel",
        "Time Complexity",
        "Head",
        "Feature Dimension",
        "Average Precision",
        "Self-attention Module",
        "Signal processing algorithms",
        "Global Information",
        "Local Feature Extraction",
        "Model Performance",
        "deep learning",
        "Attention Mechanism",
        "Computational modeling",
        "Target Detection Task",
        "Local Details",
        "Self-attention Mechanism",
        "Performance evaluation",
        "Artificial intelligence",
        "YOLOV7",
        "Convolution",
        "Vision Transformer"
    ]
}