{
    "Title": "A Distributed Energy Storage Aggregation Method Considering Power System Dispatching Requirements and SOC Equilibrium",
    "Authors": [
        "Xinyue Zhang",
        "Wei Hu",
        "Shumin Sun",
        "Guangqi Zhou",
        "Yan Cheng",
        "Shibai Wang"
    ],
    "Date": "2023-09-11",
    "Institution": [
        "State Grid Shandong Electric Power Research Institute",
        "Tsinghua University"
    ],
    "City": [
        "Jinan",
        "Beijing"
    ],
    "Country": [
        "China"
    ],
    "Keywords": [
        "Renewable energy sources",
        "Individual Clusters",
        "Energy Storage Units",
        "Stability analysis",
        "Distributed Energy Storage",
        "aggregation",
        "Industrial electronics",
        "Dispatching",
        "Performance Parameters",
        "Rated Power",
        "state of charge",
        "Total Power",
        "new energy storage",
        "Discharge Power",
        "Storage Area",
        "Wind Power",
        "State Of Charge",
        "Clustering Performance",
        "Typical Scenario",
        "Total Storage Capacity",
        "Large-scale Energy Storage",
        "Limited Power",
        "Energy Storage Capacity",
        "Type Of Storage",
        "Liquid crystal on silicon",
        "Load Power",
        "Effective Theory",
        "Power System",
        "Lithium Batteries",
        "Levelized Cost Of Electricity",
        "Cycle Efficiency",
        "Net Power",
        "Duration Of Release",
        "Power system stability",
        "Internal Coordinates",
        "Boundary Value",
        "Stability Parameters",
        "Fluctuations",
        "Net Load",
        "Aggregation Method"
    ]
}