{
    "Title": "Fault feature extraction of rolling bearing based on GWO optimized SVMD",
    "Authors": [
        "Hang Wang",
        "Ling Zhao",
        "Darong Huang",
        "Jie Zou",
        "Jiaji Qin"
    ],
    "Date": "2023-09-12",
    "Institution": [
        "Anhui University",
        "Chongqing Jiaotong University"
    ],
    "City": [
        "Chongqing",
        "Hefei"
    ],
    "Country": [
        "China"
    ],
    "Keywords": [
        "Demodulation",
        "Balance Parameters",
        "Time-domain Waveform",
        "Fuzzy entropy",
        "Canis Lupus",
        "Fault Feature Extraction",
        "Rolling Bearing",
        "Optimization Algorithm",
        "Vibration Signals",
        "Random Noise",
        "Effective Method",
        "Original Signal",
        "Outer Setting",
        "Vibrations",
        "Extract Fault",
        "Center Frequency",
        "Empirical Mode Decomposition",
        "Western Reserve University",
        "Fault feature extraction",
        "Intrinsic Mode Functions",
        "Fitness Function",
        "Rolling bearings",
        "Outer Race",
        "Group Data",
        "GWO",
        "Data mining",
        "Time Frequency",
        "Signal Decomposition",
        "Grey Wolf Algorithm",
        "Feature extraction",
        "Theoretical Frequency",
        "Low Computational Complexity",
        "Fault Frequency",
        "SVMD",
        "Fault Features",
        "Constrained Minimization Problem",
        "Signal resolution",
        "Entropy"
    ]
}