{
    "Title": "Video Anomaly Detection Based on Multiple Instance 3D Channel Attention",
    "Authors": [
        "Chuang Xu",
        "Yun Yi",
        "Tinghua Wang",
        "Wenyu Hu",
        "Qi Zhong"
    ],
    "Date": "2023-09-19",
    "Institution": [
        "Gannan Normal University"
    ],
    "City": [
        "Ganzhou"
    ],
    "Country": [
        "China"
    ],
    "Keywords": [
        "Issue Of Continuity",
        "Feature Maps",
        "pseudo label",
        "Sparsity Constraint",
        "Abnormal Events",
        "Three-dimensional displays",
        "Multilayer Perceptron",
        "Feature Extraction Block",
        "Anomaly detection",
        "Multiple 3D",
        "3D channel attention",
        "multiple instance",
        "Video Anomaly",
        "Temporal Continuity",
        "Unsupervised Learning",
        "Video Anomaly Detection",
        "False Alarm Rate",
        "Multiple Attention",
        "Smoothness Constraint",
        "Learning Rate",
        "Computer vision",
        "Video Data",
        "Multiple Channels",
        "Anomaly Score",
        "Signal processing",
        "Channel Attention",
        "Pseudo Labels",
        "Anomaly Detection",
        "Deep Neural Network",
        "Baseline Methods",
        "Feature extraction",
        "Video Clips",
        "Multiple Instance Learning",
        "ReLU Layer",
        "Area Under Curve",
        "Field Of Computer Vision",
        "Loss Function",
        "Keywords-video anomaly detection",
        "Abnormal Scores"
    ]
}