{
    "Title": "Oyster Farming by Autonomous Surface Vehicles : An Implementation of Control and Perception Systems",
    "Authors": [
        "Daniel Klahn",
        "Fiona Gillespie",
        "Sebastian Monsalvo",
        "Annemarie Dapoz",
        "Andrew Bennett",
        "Michael S. Triantafyllou"
    ],
    "Date": "2023-09-12",
    "Institution": [
        "Cambridge"
    ],
    "City": [
        "MA"
    ],
    "Country": [
        "USA"
    ],
    "Keywords": [
        "ASV",
        "Target Velocity",
        "Visualization",
        "Motor Control",
        "autonomy",
        "Color Space",
        "Control System",
        "Autonomous Surface Vehicles",
        "HSV Color",
        "Raspberry Pi",
        "Implementation Of Control Systems",
        "Varying Lighting Conditions",
        "Camera Data",
        "Control systems",
        "Remote Control",
        "Camera View",
        "oyster",
        "Statistics",
        "Surface treatment",
        "Robot Operating System",
        "Perceptual Integration",
        "Output Control",
        "Sociology",
        "Safety",
        "Corresponding Points",
        "Sea surface",
        "low level control",
        "Aquaculture",
        "Biofouling",
        "Redesign",
        "Perceptual System",
        "aquaculture",
        "perception",
        "robotics",
        "Electric Power",
        "Positive Control",
        "Autonomic System",
        "Oyster Farming"
    ]
}