{
    "Title": "Organic Thermal Interface Materials Delamination Analysis of Large Size FCBGA Package during Reflow Process",
    "Authors": [
        "Zhuolun Wu",
        "Xixiong Wei",
        "Zhuqiu Wang",
        "Xinyi Lin",
        "Dan Yang",
        "Na Mei"
    ],
    "Date": "2023-09-19",
    "Institution": [
        "State Key Laboratory of Mobile Network and Mobile Multimedia Technology",
        "Ltd."
    ],
    "City": [
        "Shenzhen"
    ],
    "Country": [
        "China"
    ],
    "Keywords": [
        "Finite Element Analysis",
        "Manufacturing Process",
        "Pack Size",
        "Influence Of Thickness",
        "Influence Of Ratio",
        "High Temperature",
        "Temperature distribution",
        "acoustic microscope",
        "Simulation Results",
        "Maximum Stress",
        "Thermal analysis",
        "ultrasonic cutting technology",
        "Finite Element",
        "Increase In Thickness",
        "Integrated circuits",
        "Acoustic Imaging",
        "Temperature Rise",
        "Tensile stress",
        "Larger Package",
        "delamination",
        "Board Level",
        "Thermal Expansion",
        "Thermal Conductivity",
        "Curing Temperature",
        "Flip-chip Ball Grid Array",
        "Tensile Stress",
        "Stress Distribution",
        "Coverage Ratio",
        "Heat Dissipation",
        "thermal interface material",
        "Printed Circuit Board",
        "Central Stress",
        "Thermal Interface Materials",
        "Temperature Drop",
        "Edge Area",
        "Scanning Electron Microscopy",
        "Acoustics",
        "Failure Analysis",
        "finite element analysis",
        "Microscopy",
        "Materials reliability"
    ]
}