{
    "Title": "Popularization and Advancement of Cybersecurity in China: Status and Measures",
    "Authors": [
        "Junhao Yao",
        "Guoming Lai",
        "Huabin Wang",
        "Kwok L. Chung",
        "Sibo Huang",
        "Jun Chen"
    ],
    "Date": "2023-09-22",
    "Institution": [
        "Huizhou University"
    ],
    "City": [
        "Huizhou"
    ],
    "Country": [
        "China"
    ],
    "Keywords": [
        "network security",
        "Big Data",
        "Relevant Departments",
        "Computer System",
        "cybersecurity",
        "Information and communication technology",
        "Misinformation",
        "Security Awareness",
        "Distributed Denial Of Service",
        "Chinese Science",
        "Current measurement",
        "Cybersecurity Issues",
        "Cyberspace",
        "Current Status",
        "public awareness",
        "Information Leakage",
        "information security",
        "Computer security",
        "Information Security",
        "Data Security",
        "cyberspace",
        "Cyberattack",
        "Popular Science",
        "Law",
        "Hardware Security",
        "Education",
        "Related Departments",
        "science popularization",
        "Issue In China",
        "Privacy Protection"
    ]
}