{
    "Title": "Composition Analysis and Identification of Ancient Glass Products Based on Spectral Clustering Algorithm",
    "Authors": [
        "Yiheng Chen",
        "Jiaxing Chu",
        "Tengfei Wang",
        "Shaoquan Yu"
    ],
    "Date": "2023-09-27",
    "Institution": [
        "Wuhan"
    ],
    "City": [
        "Wuhan"
    ],
    "Country": [
        "China"
    ],
    "Keywords": [
        "Glass",
        "Spectral Clustering Algorithm",
        "Correlation Values",
        "Lead Oxide",
        "Sensitivity Test",
        "Sensitivity Of The Algorithm",
        "Hyperkalemia",
        "Silicon compounds",
        "Sensitivity",
        "Typical Glass",
        "Class Averages",
        "Classification algorithms",
        "Cluster Analysis Method",
        "Distance Formula",
        "Contribution Of Elements",
        "Fused Silica",
        "Spectral Analysis Methods",
        "Classification Methods",
        "Chemical Composition",
        "Results Of Model Analysis",
        "Glass Composition",
        "Clustering",
        "Cultural Relics",
        "Barium",
        "class averaging",
        "ancient glass",
        "Qualitative Methods",
        "Correlation Matrix",
        "Classification Results",
        "Clustering algorithms",
        "principal component analysis",
        "Similarity Matrix",
        "Lead",
        "Correlation Coefficient",
        "Classification Rules",
        "Cluster Map",
        "Chemical Components",
        "Spectral Analysis",
        "Calcium Oxide",
        "Spectral Clustering",
        "Pressure Sensor"
    ]
}