{
    "Title": "Cascaded-Mode Resonators",
    "Authors": [
        "Vincent Ginis",
        "Ileana-Cristina Benea-Chelmus",
        "Jinsheng Lu",
        "Marco Piccardo",
        "Federico Capasso"
    ],
    "Date": "2023-09-27",
    "Institution": [
        "Harvard University",
        "Center for Nano Science and Technology",
        "Data Lab / Applied Physics",
        "Hybrid Photonics Laboratory"
    ],
    "City": [
        "Vrije Universiteit Brussel",
        "Cambridge",
        "Istituto Italiano di Tecnologia",
        "École Polytechnique Fédérale de Lausanne"
    ],
    "Country": [
        "Lausanne",
        "MA",
        "Milan",
        "Brussel"
    ],
    "Keywords": [
        "Optical Modes",
        "Optical Cavity",
        "Optical resonators",
        "Quantum cascade lasers",
        "Waveguide",
        "Resonators",
        "Laser modes",
        "Reflection Phase",
        "Electrooptical waveguides",
        "Resonance Spectra",
        "Lasers and electrooptics"
    ]
}