{
    "Title": "Communication Networks with Multiple SDN Controllers",
    "Authors": [
        "Peter Trúchly",
        "Jakub Kubica"
    ],
    "Date": "2023-09-22",
    "Institution": [
        "Slovak University of Technology in Bratislava"
    ],
    "City": [
        "Bratislava"
    ],
    "Country": [
        "Slovakia"
    ],
    "Keywords": [
        "Spanning Tree",
        "Production",
        "Types Of Messages",
        "Communication Module",
        "Control Plane",
        "Load management",
        "Multiple SDN controllers",
        "Control systems",
        "Dijkstra’s Algorithm",
        "Test Scenarios",
        "Load Distribution",
        "Individual Domains",
        "Flat Model",
        "Types Of Rules",
        "Single Point Of Failure",
        "Prototypes",
        "Load balancing",
        "Protocols",
        "Load Balancing",
        "Center For Control",
        "Shortest Path",
        "Delays",
        "SDN",
        "Computer architecture"
    ]
}