{
    "Title": "Impact of Bottom Electrode Crystallinity on Ferroelectricity of La-Doped HfO2",
    "Authors": [
        "Jianguo Li",
        "Mingji Su",
        "Zeping Weng",
        "Zhangsheng Lan",
        "ChoongHyun Lee",
        "Yi Zhao"
    ],
    "Date": null,
    "Institution": [
        "East China Normal University",
        "Zhejiang University"
    ],
    "City": [
        "Hangzhou",
        "Shanghai",
        "Haining"
    ],
    "Country": [
        "China"
    ],
    "Keywords": [
        "Electrode Substrate",
        "Grazing Incidence X-ray Diffraction",
        "Substrates",
        "Grain Size",
        "Thermal Annealing Process",
        "X-ray Photoelectron Spectroscopy",
        "Hafnium oxide",
        "La Content",
        "Thermal Expansion",
        "Tin",
        "Surface Energy",
        "Interfacial Layer",
        "Explanation For Effects",
        "Effect Of Electrode",
        "Ferroelectric Films",
        "Annealing",
        "Remanent Polarization",
        "Tin Electrodes",
        "P-type Si",
        "crystallinity",
        "Electrodes",
        "La-doped HfO₂",
        "bottom electrode",
        "Germanium",
        "Si Substrate",
        "Capacitors",
        "ferroelectricity"
    ]
}