{
    "Title": "Thermal tuning of Brillouin Lasing in Silica Microspheres",
    "Authors": [
        "Leticia S. Magalhaes",
        "Thiago Pedro Mayer Alegre",
        "Gustavo S. Wiederhecker"
    ],
    "Date": "2023-09-27",
    "Institution": [
        "Campinas",
        "Cambridge"
    ],
    "City": [
        "MA",
        "SP"
    ],
    "Country": [
        "Brazil",
        "USA"
    ],
    "Keywords": [
        "Lasers",
        "Laser tuning",
        "Frequency Separation",
        "Silicon compounds",
        "Optical Modes",
        "Optical Spectrum Analyzer",
        "Brillouin Lasing",
        "Transparent Medium",
        "Electrooptical waveguides",
        "Temperature Gradient",
        "Electrical Spectrum",
        "Second Harmonic Generation",
        "Scattering",
        "Phase-matching Condition",
        "Quality Factor",
        "Frequency conversion",
        "Optical Spectra",
        "Thermo-optic Effect",
        "Acoustic Phonons",
        "Silica Microspheres",
        "Thermal Tuning",
        "Pump Wavelength"
    ]
}