{
    "Title": "Deep Fake Face Detection using Convolutional Neural Networks",
    "Authors": [
        "Mj Alben Richards",
        "E Kaaviya Varshini",
        "N Diviya",
        "P Prakash",
        "P Kasthuri",
        "A Sasithradevi"
    ],
    "Date": "2023-09-19",
    "Institution": [
        "Vellore Institute of Technology",
        "Madras Institute of Technology Anna University"
    ],
    "City": [
        "Chennai"
    ],
    "Country": [
        "India"
    ],
    "Keywords": [
        "Fake Face Detection",
        "Stability analysis",
        "Dropout Layer",
        "Deepfakes",
        "Convolutional neural networks",
        "Real Faces",
        "Convolutional Neural Network",
        "Confusion Matrix",
        "Deep fake",
        "Convolutional Neural Network Model",
        "F1 Score",
        "Face Recognition",
        "Fake Images",
        "Computer Vision",
        "Machine Learning",
        "Generative Adversarial Networks",
        "Fake Faces",
        "Feature Maps",
        "Identity Theft",
        "Deepfake",
        "Generators",
        "Deep Models",
        "Deep Learning Techniques",
        "Advances In The Identification",
        "Deep Learning",
        "Feature extraction",
        "Validation Loss",
        "Data Pre-processing",
        "Pooling Layer",
        "Input Image",
        "Computational modeling",
        "Neural Network",
        "Face Images",
        "Data Augmentation",
        "Training Loss",
        "Convolutional Layers",
        "Facial Features",
        "Visualization",
        "Detection Techniques"
    ]
}