{
    "Title": "Research on data security risk of intelligent and connected vehicles",
    "Authors": [
        "Yujia Li",
        "Yueyou Wang",
        "Jue Wang",
        "Hanbing Wu",
        "Xianzhao Xia"
    ],
    "Date": "2023-09-25",
    "Institution": [
        "Ltd"
    ],
    "City": [
        "Tianjin"
    ],
    "Country": [
        "China"
    ],
    "Keywords": [
        "Encrypted Data",
        "Data Security",
        "Use Of Data",
        "data security testing",
        "intelligent and connected vehicle",
        "Data Lifecycle",
        "Data Privacy",
        "Memory",
        "Intersection Over Union",
        "Data collection",
        "Human Faces",
        "Sensitive Data",
        "Risk Data",
        "Risk Of Leakage",
        "Public Key",
        "Encryption",
        "Pop-up Window",
        "Data Processing",
        "Data privacy",
        "Personal Information",
        "Sensitive Personal Data",
        "Phase Field",
        "Verification Test",
        "Cloud Platform",
        "Information Leakage",
        "Data Storage",
        "Data security",
        "Collection Of Personal Information",
        "Local Information",
        "Intelligence",
        "Cockpit",
        "data security protection",
        "data security risk",
        "Security Risks",
        "Symmetric Encryption",
        "Personal Data",
        "Data Transmission",
        "Data Security Issues",
        "Program processors",
        "Connected vehicles",
        "Data Providers"
    ]
}