{
    "Title": "A Data Clustering and Machine Learning Based Approach to Measuring Urban Carbon Emissions",
    "Authors": [
        "Linghan Xu",
        "Jiaqi Zhang"
    ],
    "Date": "2023-09-26",
    "Institution": [
        "Ltd"
    ],
    "City": [
        "Guangzhou"
    ],
    "Country": [
        "China"
    ],
    "Keywords": [
        "Cluster Centers",
        "Electricity Consumption",
        "Machine learning",
        "Average Vector",
        "artificial neural networks",
        "carbon emissions calculation",
        "Multilayer Perceptron",
        "Clustering Algorithm",
        "clustering algorithm",
        "Urban Carbon Emissions",
        "Current measurement",
        "multilayer perceptron",
        "Simulation",
        "Data Clustering",
        "Mean Square Error",
        "Multilayer Perceptron Model",
        "Artificial Neural Network",
        "Total Carbon Emissions",
        "User Clustering",
        "Mapping Relationship",
        "Water Consumption",
        "Urban Emissions",
        "Multilayer Model",
        "Indicator Vector",
        "Urban areas",
        "Artificial neural networks",
        "Clustering algorithms",
        "Greenhouse Gas",
        "User Data",
        "Carbon dioxide",
        "Machine Learning",
        "Neural Network",
        "K-fold Cross-validation Method"
    ]
}