{
    "Title": "Simulation Framework and Software Environment for Evaluating Automatic Ship Collision Avoidance Algorithms*",
    "Authors": [
        "Trym Tengesdal",
        "Tor A. Johansen"
    ],
    "Date": "2023-09-22",
    "Institution": [
        "Norwegian University of Science and Technology (NTNU)"
    ],
    "City": [
        "Trondheim"
    ],
    "Country": [
        "Norway"
    ],
    "Keywords": [
        "Ship Collision Avoidance",
        "Planning",
        "Scenario Generation",
        "Simulation Time",
        "Situational Awareness",
        "Evaluation Pipeline",
        "Uncertainty",
        "Sensor Measurements",
        "Dynamic Obstacles",
        "Historical Trajectory",
        "Target Tracking",
        "Artificial Potential Field",
        "Hazards",
        "Software",
        "Application Programming Interface",
        "Ship Targets",
        "Simulated Data",
        "Generation Pipeline",
        "Automatic Identification System",
        "Components Of The Framework",
        "Grounding",
        "Collision Avoidance System",
        "Target tracking",
        "Ship Model",
        "Software algorithms",
        "Time Step",
        "Evaluation Framework",
        "Presence Of Hazards",
        "Random Generation",
        "Robot Operating System",
        "Rapidly-exploring Random Tree",
        "Collision Avoidance Algorithm",
        "Probability Density Function",
        "Simulation Time Step"
    ]
}