{
    "Title": "Low-Carbon Economic Dispatch of Bulk Power Systems Using Nash Bargaining Game",
    "Authors": [
        "Xuyang Li",
        "Guangchun Ruan",
        "Haiwang Zhong"
    ],
    "Date": "2023-09-25",
    "Institution": [
        "Tsinghua University"
    ],
    "City": [
        "Beijing"
    ],
    "Country": [
        "China"
    ],
    "Keywords": [
        "Economics",
        "Nash Bargaining",
        "Weighted Sum Method",
        "Mainland China",
        "Bargaining Game",
        "Power System",
        "Economic Objectives",
        "Carbon Management",
        "Feed-in",
        "Power system dynamics",
        "Linear programming",
        "Linear Programming",
        "Games",
        "Carbon neutral",
        "Pareto Optimal",
        "Thermal Units",
        "game theory",
        "Pareto frontier",
        "Emissions Trading",
        "Equilibrium Point",
        "Nash Bargaining Game",
        "Dynamic Algorithm",
        "Carbon Tax",
        "Linear Problem",
        "Heuristic algorithms",
        "Objective Function",
        "Computational modeling",
        "Emission Levels",
        "Emission Reduction",
        "Economic Dispatch",
        "Multi-objective Optimization",
        "Base Point",
        "Constraint Method",
        "Pareto Front",
        "Greenhouse Gas",
        "parametric programming",
        "Carbon Reduction",
        "Power System Model",
        "Critical Region",
        "Optimal Solution Of Problem",
        "carbon neutral"
    ]
}