{
    "Title": "Topologically protected polarization singularities in four dimensions",
    "Authors": [
        "Christina M. Spaegele",
        "Michele Tamagnone",
        "Soon Wei Daniel Lim",
        "Marcus Ossiander",
        "Maryna Meretska",
        "Federico Capasso"
    ],
    "Date": "2023-09-27",
    "Institution": [
        "Cambridge",
        "Fondazione Istituto Italiano di Tecnologia"
    ],
    "City": [
        "Genova",
        "MA"
    ],
    "Country": [
        "USA",
        "Italy"
    ],
    "Keywords": [
        "Super-resolution",
        "Orbital Angular Momentum",
        "Structured Illumination",
        "Phase Singularities",
        "Wavelength Of Light",
        "Topological Charge",
        "Aspheric Lens",
        "Electrooptical waveguides",
        "Speckle Pattern",
        "Hypervolume",
        "Polarization Singularities",
        "Metasurfaces",
        "Lasers and electrooptics"
    ]
}