{
    "Title": "xMISC: Improved Sparse Linear Array via Maximum Inter-Element Spacing Concept",
    "Authors": [
        "Steven Wandale",
        "Koichi Ichige"
    ],
    "Date": null,
    "Institution": [
        "Yokohama"
    ],
    "City": [
        "Kanagawa"
    ],
    "Country": [
        "Japan"
    ],
    "Keywords": [
        "Couplings",
        "Maximum Spacing",
        "degrees-of-freedom",
        "Sparse matrices",
        "Mutual coupling",
        "Uniform Linear Array",
        "Sensor Locations",
        "Hole Location",
        "Root Mean Square Error",
        "Extra Sensors",
        "Direction-of-arrival estimation",
        "Maximum Interelement Spacing",
        "Numerical Examples",
        "Degrees Of Freedom",
        "Sparse Linear Array",
        "Number Of Holes",
        "mutual coupling",
        "direction-of-arrival estimation",
        "Sensors",
        "Array signal processing",
        "Mutual Coupling",
        "Sensor arrays",
        "Sparsity",
        "Array Design",
        "Inter-element Spacing",
        "Sparse linear arrays",
        "Weight Function",
        "Mutual Coupling Effect"
    ]
}