{
    "Title": "Deep Learning Agents for Efficient Dynamic Production Control in Semiconductor Manufacturing",
    "Authors": [
        "Christian John Immanuel S. Boydon",
        "Bin Zhang",
        "Cheng-Hung Wu"
    ],
    "Date": "2023-09-28",
    "Institution": [
        "National Taiwan University",
        "Taipei"
    ],
    "City": [
        "Taipei 106",
        "106"
    ],
    "Country": [
        "Taiwan"
    ],
    "Keywords": [
        "Deep Learning",
        "Efficient Control",
        "Production control",
        "Health Status",
        "Wide Range Of Parameters",
        "Markov Decision Process",
        "Types Of Products",
        "Semiconductor device modeling",
        "Large Datasets",
        "Cycle Time",
        "Optimal Control",
        "Efficient Production Control",
        "Process control",
        "Experimental System",
        "Dispatching",
        "Semiconductor Industry",
        "Parameter Settings",
        "Machine System",
        "Training",
        "Deep Neural Network Model",
        "Optimal Control Policy",
        "Queue Length",
        "Manufacturing Control",
        "Efficient Production",
        "Semiconductor device manufacture",
        "Processing Time",
        "Optimal Decision",
        "Optimal Policy",
        "Computation Time",
        "Numerical Experiments",
        "Deep Neural Network",
        "Learning Agent",
        "Deep learning",
        "Training Dataset",
        "Optimal Action",
        "Small Number Of Types",
        "Markov Decision Process Model"
    ]
}