{
    "Title": "OTFS Modulation for Non-Terrestrial Networks: Concepts, Applications, Benefits, and Challenges",
    "Authors": [
        "Thi My Chinh Chu",
        "Hans-Jürgen Zepernick",
        "Anders Hüük",
        "Alexander Westerhagen",
        "Bo Granbom"
    ],
    "Date": "2023-09-28",
    "Institution": [
        "Surveillance",
        "Blekinge Institute of Technology"
    ],
    "City": [
        "Gothenburg",
        "Karlskrona"
    ],
    "Country": [
        "Sweden"
    ],
    "Keywords": [
        "Satellites",
        "Internet Of Things Applications",
        "Potential Of Modulation",
        "Peak-to-average Power Ratio",
        "Low Earth Orbit",
        "Transmission Link",
        "6G mobile communication",
        "Multiple-input Multiple-output Systems",
        "Reconfigurable Intelligent Surface",
        "Doppler Shift",
        "Modulation Waveform",
        "Non-orthogonal Multiple Access",
        "Modulation",
        "Reflection",
        "Mobile Network",
        "Robust Link",
        "Time-varying Channel",
        "Ad Hoc Networks",
        "Non-terrestrial Networks",
        "5G mobile communication",
        "Airborne Platforms",
        "Bit Error Rate Performance",
        "High Communication",
        "Unmanned Aerial Vehicles",
        "Time Frequency",
        "5G Networks",
        "Internet Of Things",
        "Terrestrial Networks",
        "Doppler effect",
        "Massive Machine-type Communications",
        "Delays",
        "Orthogonal Time Frequency Space",
        "Satellite System",
        "Orthogonal Frequency Division Multiplexing",
        "Future Generations",
        "Low Energy Consumption",
        "Bit Error Rate"
    ]
}