{
    "Title": "Spectral Efficiency of Different Diversity Combiners Under Log-Normal Shadowing Channels- A Review",
    "Authors": [
        "Raghunath Mandal",
        "Shalini Sharma",
        "Mohammad Irfanul Hasan",
        "Aditi Chauhan",
        "Shalini Singh"
    ],
    "Date": "2023-09-29",
    "Institution": [
        "Department of Electronics and Communication Engineering",
        "Graphic Era Deemed to be University"
    ],
    "City": [
        "IIIT Una",
        "Dehradun"
    ],
    "Country": [
        "India"
    ],
    "Keywords": [
        "Moments Of Distribution",
        "Shadowing",
        "Maximal Ratio Combining",
        "Fenton’s Method",
        "Performance gain",
        "Costs",
        "Equal Gain Combining",
        "Shannon Capacity",
        "Market research",
        "Second Moment",
        "Data Rate",
        "Signal-to-noise",
        "Maximum Ratio Combining",
        "Log-normal Shadowing",
        "Channel capacity",
        "Fading channels",
        "Spectral Efficiency",
        "Diversity reception",
        "Spectral efficiency",
        "Optimum Rate Adaptation",
        "Channel Capacity",
        "Log-Normal"
    ]
}