{
    "Title": "Reconfigurable Intelligent Surface Aided Loopback Interference Suppression",
    "Authors": [
        "Yicheng Liu",
        "Zhao Li",
        "Yanyan Zhu",
        "Zhixian Chang",
        "Jia Liu"
    ],
    "Date": "2023-10-02",
    "Institution": [
        "Xidian University",
        "Xi’an University of Posts & Telecommun.",
        "National Institute of Informatics"
    ],
    "City": [
        "Xi’an",
        "Tokyo"
    ],
    "Country": [
        "Japan",
        "China"
    ],
    "Keywords": [
        "Reflection Coefficient",
        "Channel Matrix",
        "Data privacy",
        "Radio Waves",
        "Simulation",
        "Reconfigurable Intelligent Surface",
        "Reflection Signal",
        "Interference suppression",
        "Radio Frequency Signal",
        "Electronic Tags",
        "Base Station",
        "Singular Value Decomposition",
        "Multiple-input Single-output",
        "Signaling Overhead",
        "Phase measurement",
        "Interference Management",
        "Beamforming",
        "Direct Interference",
        "Wireless communication",
        "spectral efficiency",
        "Signal-to-interference-plus-noise Ratio",
        "Field Equipment",
        "Additive Noise",
        "Data Transmission",
        "Residual Interference",
        "Transmitters",
        "Incident Signal",
        "Terahertz",
        "Phase Difference",
        "Interference",
        "reconfigurable intelligent surface",
        "Spectral efficiency",
        "interference management",
        "Signal Detection",
        "Strong Interference"
    ]
}