{
    "Title": "Study on Pulse Low-Frequency Excitation Model and its Winding Technology",
    "Authors": [
        "Zhichao Li",
        "Chunguang Zhang",
        "Jiarui Liu",
        "Shuai Chu",
        "Yingjiao Gong",
        "Wei Geng"
    ],
    "Date": "2023-10-02",
    "Institution": [
        "SINOMACH Sensing Technology Co. Ltd."
    ],
    "City": [
        "Shenyang"
    ],
    "Country": [
        "CHINA"
    ],
    "Keywords": [
        "wireless communication",
        "Underwater Communication",
        "Low-frequency Excitation",
        "Wireless Communication Technologies",
        "Wind Technology",
        "Numerical models",
        "Sensor Networks",
        "Mathematical models",
        "In-pipe robots",
        "Analytical models",
        "Massachusetts Institute Of Technology",
        "Underground Network",
        "Wireless communication",
        "Lower Frequency",
        "Coil Resistance",
        "Solenoid",
        "Excitatory Currents",
        "Electromagnetic Wave",
        "Frequency Domain",
        "Phase Velocity",
        "Circuit Model",
        "electromagnetic induction",
        "Magnetic Field",
        "Ultra-low Frequency",
        "Integrated circuit modeling",
        "Resonant Capacitor",
        "Channel State",
        "Coupling Coefficient",
        "Acoustic Waves",
        "Electromagnetic Induction",
        "Inductance",
        "Frequency Shift",
        "Communication Rate",
        "Length Of Layer",
        "Factor In Eq",
        "Path Loss",
        "antennas",
        "Windings",
        "Internal Resistance",
        "Wireless Sensor",
        "Laplace Transform"
    ]
}