{
    "Title": "Multi-time Scale Fault Characteristics of HVDC-Connected Offshore Wind Farm and the Coordination with Different Protection Schemes: A Review",
    "Authors": [
        "Guoqing Gao",
        "Frede Blaabjerg",
        "Yanbo Wang"
    ],
    "Date": "2023-10-02",
    "Institution": [
        "Aalborg University"
    ],
    "City": [
        "Aalborg"
    ],
    "Country": [
        "Denmark"
    ],
    "Keywords": [
        "Protection device",
        "Modular Multilevel Converters (MMC)",
        "Offshore Wind",
        "Slow Timescale",
        "Offshore Wind Farms",
        "Power System",
        "Wind energy",
        "Current Dynamics",
        "Europe",
        "Power system dynamics",
        "Current Loop",
        "Phase-locked Loop",
        "Operating Characteristics",
        "Multilevel converters",
        "Protection Scheme",
        "High Voltage Direct Current",
        "Current Control",
        "High-voltage techniques",
        "Fault Location",
        "Relay Protection",
        "Wind Turbine",
        "Short-circuit Fault",
        "Point Of Common Coupling",
        "Grid Code",
        "Converter Control",
        "Equilibrium State",
        "Reactive Current",
        "Multi-time Scale",
        "Wind Farm",
        "Wind farms",
        "Wind turbines",
        "Ac Grid",
        "Flexible Control",
        "Grid Voltage",
        "Synchronization Dynamics",
        "Transient Dynamics",
        "Modular Multilevel Converter",
        "Power electronics",
        "Fast Timescale",
        "Overcurrent Protection"
    ]
}