{
    "Title": "The Research on FPGA-Based Real-Time Simulation for the Cascaded H-Bridge Multilevel Inverter",
    "Authors": [
        "Xiaowei Zhang",
        "Tianyu Wang",
        "Jinghua Zhou",
        "Shoubin Sun"
    ],
    "Date": "2023-10-03",
    "Institution": [
        "North China University of Technology"
    ],
    "City": [
        "Beijing"
    ],
    "Country": [
        "China"
    ],
    "Keywords": [
        "Switching frequency",
        "Multilevel inverters",
        "Real-time Platform",
        "Admittance Matrix",
        "Inductor Current",
        "Photovoltaic Power Generation",
        "System Generator",
        "Equivalent Source",
        "Multilevel Method",
        "Simulation Results",
        "Switches",
        "Real-time Simulation",
        "Control Board",
        "Simulation",
        "Static Synchronous Compensator",
        "Cascaded H-bridge Multilevel Inverter",
        "Waveform",
        "Power Units",
        "Switching States",
        "Design methodology",
        "Real-time systems",
        "Simulation Software",
        "Wave Mode",
        "switching-function model",
        "Digital Interface",
        "Hierarchical Regression",
        "System Architecture",
        "Multilevel Inverters",
        "Cascaded H-bridge",
        "Optical Fiber",
        "Multi-level System",
        "Nonlinear Devices",
        "Hardware",
        "FPGA",
        "Carrier Frequency",
        "Simulation Model",
        "Switching Function",
        "Equivalent Circuit",
        "Photovoltaic Power",
        "Real-time Model"
    ]
}