{
    "Title": "Hot Spots, Frontiers and Trends of International EDM/LA Research",
    "Authors": [
        "Mengxiong Xiao",
        "Yuzhen Bai",
        "Wanshu Liu"
    ],
    "Date": "2023-09-29",
    "Institution": [
        "Yunnan Normal University"
    ],
    "City": [
        "Kunming"
    ],
    "Country": [
        "China"
    ],
    "Keywords": [
        "Data visualization",
        "Higher Education",
        "Depth Of Research",
        "Education Research",
        "Databases",
        "Web Of Science",
        "EDM/LA",
        "Number Of Articles",
        "Adaptive Learning",
        "Academic Performance",
        "Spot In The Field",
        "Visual analytics",
        "Conceptual Framework For Analysis",
        "Frequency measurement",
        "Bibliometric",
        "Main Center",
        "International Research",
        "Learning Management System",
        "Development Trend",
        "Research In The Field",
        "Process Mining",
        "Transforms",
        "Big Data Analytics",
        "visual analytics",
        "Student Performance",
        "Market research",
        "Keyword Co-occurrence",
        "Data Mining",
        "Conceptual Framework",
        "literature measurement",
        "Intelligence",
        "Technology Today",
        "Learning Analytics",
        "Hot Spots",
        "Field Of Education",
        "Citespace",
        "Big Data",
        "Visual Analysis",
        "Main Research Directions",
        "Data mining"
    ]
}