{
    "Title": "Novel C-shaped loop rectenna arrays for LED accessories",
    "Authors": [
        "Tamami Maruyama",
        "Noa Ebita",
        "Akari Kamada",
        "Masashi Nakatsugawa",
        "Masaya Tamura"
    ],
    "Date": "2023-10-03",
    "Institution": [
        "Toyohashi",
        "National Institute of Technology"
    ],
    "City": [
        "Aichi",
        "Hakodate College"
    ],
    "Country": [
        "Iapan",
        "Japan"
    ],
    "Keywords": [
        "Element Spacing",
        "Loop Antenna",
        "Yagi-Uda",
        "Lighting",
        "Waveguide",
        "Dipole Antenna",
        "Wireless Power Transfer",
        "Rectenna Array",
        "Results Of Experiments",
        "Design Parameters",
        "Diode Rectifier",
        "Rectennas",
        "Microwave ovens",
        "Rectifier Circuit",
        "Prototypes",
        "Light-emitting Diodes",
        "Microwave antennas",
        "Short-circuit",
        "Yagi-Uda antennas",
        "Transmission Power",
        "Wireless Transmission",
        "Microwave Oven",
        "Radio Waves",
        "Time-frequency analysis",
        "Wave Source"
    ]
}