{
    "Title": "AGV-Based Transformable Wheel Obstacle-Crossing Robot",
    "Authors": [
        "Zhiteng Wang",
        "Yu Wang",
        "Li Chen"
    ],
    "Date": "2023-10-03",
    "Institution": [
        "Zhengzhou University of Economics and Business",
        "The 713 Research Institute of CSSC"
    ],
    "City": [
        "Zhengzhou"
    ],
    "Country": [
        "China"
    ],
    "Keywords": [
        "Obstacle-Crossing Robot",
        "Automation",
        "Automated Guided Vehicles",
        "Control System",
        "Control Mode",
        "Material Transport",
        "Obstacle Avoidance",
        "Fuzzy System",
        "Fuzzy Rules",
        "Automated Guided Vehicle",
        "Transportation",
        "Turning",
        "Fuzzy Control",
        "Wheels",
        "Wireless Module",
        "Deformation",
        "Remote Unit",
        "Wheeled Robot",
        "Transport Function",
        "Path Planning",
        "Transforming Wheeled System",
        "Road Surface",
        "Magnetometer",
        "Transmission Images",
        "Robot sensing systems",
        "Control Unit",
        "Roads"
    ]
}