{
    "Title": "Modeling of Thermoelectric Module for Generating Power",
    "Authors": [
        "Aarti Kane",
        "Sumedh Kane",
        "Amritesh Kumar"
    ],
    "Date": "2023-09-29",
    "Institution": [
        "Netaji Subhas University of Technology",
        "Silchar",
        "Bharati Vidyapeeth’s College of Engineering"
    ],
    "City": [
        "New Delhi",
        "Assam"
    ],
    "Country": [
        "India"
    ],
    "Keywords": [
        "Temperature",
        "Heat Source",
        "Thermoelectric Effect",
        "Thermoelectric Properties",
        "Heat Transfer",
        "Energy Conversion",
        "Balance Equation",
        "Behavioral sciences",
        "Energy conservation",
        "Output Power",
        "thermoelectric effect",
        "Heat Sink",
        "Electrical Energy",
        "Mathematical Modelling",
        "Device Efficiency",
        "Thermoelectric Materials",
        "Temperature Gradient",
        "Steady state analysis",
        "Voltage",
        "Peltier Effect",
        "General Mode",
        "Hot Side",
        "Electrical Insulation",
        "Thermoelectric technology",
        "Electromotive Force",
        "Thermal Conductivity",
        "Bismuth",
        "Power Efficiency",
        "clean technology",
        "Waste Heat Recovery",
        "Software",
        "Power Generation",
        "Waste Heat",
        "MATLAB",
        "Mathematical Model",
        "Mathematical models",
        "Electric Power",
        "Thermoelectric Generators",
        "Seebeck Coefficient",
        "Thermoelectric generation",
        "Thermoelectric materials",
        "Temperature Difference",
        "Conductive Metal",
        "Output Parameters",
        "Hot Temperature"
    ]
}