{
    "Title": "Design and Magnetic Analysis of A Grounding Transformer Compatible with Wind Power System",
    "Authors": [
        "Elif Demiral",
        "Erdal Bekiroğlu",
        "Muhammed Duran Yazar"
    ],
    "Date": "2023-10-06",
    "Institution": [
        "Astor Enerji",
        "Bolu Abant Izzet Baysal University"
    ],
    "City": [
        "Bolu",
        "Ankara"
    ],
    "Country": [
        "Turkey"
    ],
    "Keywords": [
        "Core Loss",
        "Finite Element Modeling",
        "2D Model",
        "Short-circuit",
        "Three-dimensional displays",
        "Transformer Loss",
        "Solid modeling",
        "Step-up Transformer",
        "Grounding transformer",
        "Wind Power Systems",
        "Ground Fault",
        "Zig-Zag Transformer",
        "Leakage Reactance",
        "Transformation In Order",
        "Wind Power",
        "Energy System",
        "Grounding",
        "Wind Farm",
        "Wind power generation",
        "Magnetic Flux",
        "Power System",
        "Core loss",
        "Renewable Energy Systems",
        "Doubly Fed Induction Generator",
        "Wind energy",
        "Finite Element Analysis",
        "Static Synchronous Compensator",
        "Transformer Design",
        "Finite Element Method",
        "Windings",
        "Grounding Transformer",
        "Finite Element"
    ]
}