{
    "Title": "XGBoost-based Voltage Stability Margin Prediction for Power Systems",
    "Authors": [
        "Anqi He",
        "Wei Xiong",
        "Youlin Bai"
    ],
    "Date": "2023-09-29",
    "Institution": [
        "Ltd.",
        "Wuhan Railway Vocational and Technology"
    ],
    "City": [
        "Wuhan"
    ],
    "Country": [
        "China"
    ],
    "Keywords": [
        "Generator Output",
        "Fault-tolerant",
        "Coefficient Of Determination R2",
        "Power System",
        "Power system stability",
        "Bayesian optimization",
        "Voltage Stability Margin",
        "Voltage measurement",
        "Fault tolerant systems",
        "Training Set",
        "XGBoost Algorithm",
        "Predictive models",
        "XGBoost",
        "Voltage",
        "Bayesian Optimization",
        "Fault tolerance",
        "Computational modeling",
        "Power System Simulation",
        "Voltage Regulation",
        "Load Level",
        "Model Fit",
        "Accuracy Of Model",
        "XGBoost Model",
        "Activation Of System",
        "Voltage stability",
        "Machine Learning",
        "Actual Operating Conditions",
        "Operation Mode",
        "Input Features",
        "Bayesian Algorithm",
        "Prediction Model",
        "Regression Model"
    ]
}