{
    "Title": "The Spreading Prediction and Severity Analysis of Blood Cancer Using Scale-Invariant Feature Transform",
    "Authors": [
        "Vazeer Ali Mohammed",
        "Mehmood Ali Mohammed",
        "Murtuza Ali Mohammed",
        "Rakesh Ramakrishnan",
        "J. Logeshwaran"
    ],
    "Date": "2023-10-17",
    "Institution": [
        "Williamsburg",
        "Lewis University",
        "Union City",
        "Coimbatore"
    ],
    "City": [
        "KY",
        "Illinois",
        "CA",
        "Tamil Nadu"
    ],
    "Country": [
        "USA",
        "INDIA"
    ],
    "Keywords": [
        "Bone Marrow",
        "Need For Prediction",
        "Local Features",
        "Learning Algorithms",
        "Transforms",
        "Prediction Accuracy",
        "Early Diagnosis",
        "Local Image Features",
        "Cancer Types",
        "Abnormal Cell",
        "Image Features",
        "Spread Of Cancer",
        "Severity Of Cancer",
        "Medical Image Datasets",
        "Cancer Cells",
        "Treatment Plan",
        "Computer Vision Techniques",
        "Analysis Of Cancer",
        "Machine Learning",
        "Severe Tumor",
        "Local Feature Extraction",
        "Cancer detection",
        "Prediction Analysis",
        "accurate",
        "Feature Tracking",
        "Shape",
        "Technological Advances",
        "Prediction algorithms",
        "Protocols",
        "Feature extraction",
        "diagnosis",
        "computer vision",
        "Cancer Prediction",
        "Scale-invariant Feature Transform",
        "Feature Transformation",
        "blood cancer",
        "health",
        "Medical services",
        "Advances In Medical Technology",
        "Artificial Neural Network",
        "Abnormal Cell Growth",
        "Hematological Malignancies"
    ]
}