{
    "Title": "Deep Learning for Real-Time Leaf Disease Detection: Revolutionizing Apple Orchard Health",
    "Authors": [
        "Maherun Nessa Isty",
        "Nishat Vasker",
        "Fahmida Anjum",
        "Warda Ruhin Parsub",
        "Amit Roy",
        "Akibul Haque",
        "Mahamudul Hasan",
        "Maheen Islam"
    ],
    "Date": "2023-10-06",
    "Institution": [
        "East West University"
    ],
    "City": [
        "Dhaka"
    ],
    "Country": [
        "Bangladesh"
    ],
    "Keywords": [
        "Real-time Detection",
        "Digital Image Processing",
        "Failure Detection",
        "Deep Learning",
        "Inception Module",
        "Image annotation",
        "Analytical models",
        "INAR-SSD model",
        "Rainbow",
        "Role In The Field",
        "ResNet Model",
        "Brown Spots",
        "Digital images",
        "Detectors",
        "Frames Per Second",
        "Convolutional Network",
        "orchard management",
        "Leaf Disease Detection",
        "Apple leaf diseases",
        "Deep-learning",
        "Learning Algorithms",
        "Apple Production",
        "Image Processing",
        "Training",
        "Single Shot Multibox Detector",
        "Mean Average Precision",
        "Real-time diseases detection",
        "Apple Orchards",
        "Object Recognition",
        "Leaf Diseases",
        "Leaf Spot",
        "Deep Neural Network",
        "Feature extraction",
        "Data Augmentation",
        "Convolutional Neural Network",
        "Deep learning",
        "Disease Detection",
        "Gray Spot",
        "Image Annotation",
        "Neural Network",
        "Machine Learning"
    ]
}