{
    "Title": "A Realization of QZSS Time Synchronized with UTC(NICT)",
    "Authors": [
        "Shigeki Murakami",
        "Kazunori Someya",
        "Motoyuki Miyoshi",
        "Erika Myojin",
        "Akihiro Matsumoto"
    ],
    "Date": "2023-10-09",
    "Institution": [
        "Japan Aerospace Exploration Agency (JAXA)"
    ],
    "City": [
        "Tsukuba"
    ],
    "Country": [
        "Japan"
    ],
    "Keywords": [
        "Time Synchronization",
        "Satellites",
        "Time Difference",
        "Quasi-Zenith Satellite System",
        "Europe",
        "UTC(NICT)",
        "Synchronization",
        "QZSS",
        "Frequency synchronization",
        "Calibration Results",
        "satellite navigation system",
        "Uncertainty",
        "time synchronization",
        "Clock Estimates",
        "QZSST (QZSS Time)",
        "Satellite navigation systems",
        "Time-frequency analysis"
    ]
}