{
    "Title": "Video SAR Target Detection and Tracking Method Based on Yolov5+Bytetrack",
    "Authors": [
        "Boxu Wei",
        "Anxi Yu",
        "Zhen Dong",
        "ZhiHua He"
    ],
    "Date": "2023-10-09",
    "Institution": [
        "National University of Defense Technology (NUDT)"
    ],
    "City": [
        "Changsha"
    ],
    "Country": [
        "China"
    ],
    "Keywords": [
        "Kalman filters",
        "Tracking Results",
        "Dynamic Tracking",
        "video SAR",
        "Image Enhancement",
        "multi-target tracking",
        "Target Detection Method",
        "Dynamic Target",
        "Tracking Algorithm",
        "Radar Technology",
        "Kalman Filter",
        "Video Synthetic Aperture Radar",
        "Input End",
        "Use Of Boxes",
        "Synthetic Aperture Radar Images",
        "False Alarm Rate",
        "Vehicle dynamics",
        "Heuristic algorithms",
        "Synthetic Aperture Radar",
        "Attention Mechanism",
        "Tracking Performance",
        "shadow detection",
        "deep learning",
        "Target tracking",
        "Multi-object Tracking",
        "Target Tracking",
        "Conventional Convolutional Neural Networks",
        "Detection Accuracy",
        "Feature Pyramid Network",
        "Video Tracking",
        "Detection Task",
        "Tracking Task",
        "Image sequences",
        "Detection Boxes",
        "Convolutional Neural Network",
        "Registry Data",
        "Deep learning",
        "Radar tracking",
        "Height Ratio",
        "Temporal Information",
        "Detection Results"
    ]
}