{
    "Title": "Data Mining and Visualization to Understand Employee Attrition and Work Performance",
    "Authors": [
        "Mohammed Gollapalli",
        "Ata-Ur Rahman",
        "Abdurrahman Osama",
        "Ahmad Alfaify",
        "Muhammad Yassin",
        "Ahmad Alabdullah"
    ],
    "Date": "2023-10-10",
    "Institution": [
        "Imam Abdulrahman Bin Faisal University"
    ],
    "City": [
        "Dammam"
    ],
    "Country": [
        "Saudi Arabia"
    ],
    "Keywords": [
        "Data visualization",
        "Attrition Rate",
        "Job Satisfaction",
        "Doctoral Degree",
        "Machine learning",
        "employee attrition",
        "Female Employees",
        "Number Of Years",
        "Majority Of Employees",
        "Patterns In Data",
        "Proportion Of Employees",
        "knowledge discovery",
        "Engineering profession",
        "Bayesian Classifier",
        "data mining",
        "Knowledge Discovery",
        "K-nearest Neighbor",
        "Younger Employees",
        "weka",
        "Work Environment",
        "Information technology",
        "Employee Performance",
        "data science",
        "Bachelor Degree",
        "machine learning",
        "pattern analysis",
        "Employee Attrition",
        "Overtime Work",
        "Knowledge discovery",
        "Data Visualization",
        "Data Mining",
        "Software",
        "Single Employer",
        "Turnover Intention",
        "Percentage Of Employees",
        "Data Mining Software",
        "Support Vector Machine",
        "Part Of Future Work",
        "employee turnover",
        "Monthly Income",
        "Business Travel",
        "Job Role",
        "Job Involvement",
        "Data mining",
        "Data Mining Methods"
    ]
}