{
    "Title": "A QMSIW Cavity-Backed Self-Diplexing Antenna With Tunable Resonant Frequency Using CSRR Slot",
    "Authors": [
        "Divya Chaturvedi",
        "Arvind Kumar"
    ],
    "Date": null,
    "Institution": [
        "SRM University-AP",
        "Visvesvaraya National Institute of Technology"
    ],
    "City": [
        "Nagpur",
        "Guntur"
    ],
    "Country": [
        "India"
    ],
    "Keywords": [
        "Circular Complementary Split Ring Resonator",
        "dual-band antenna",
        "Split-ring Resonator",
        "Radiation Pattern",
        "Frequency F1",
        "Resonant Frequency Of Mode",
        "Distinct Size",
        "Slot antennas",
        "Radius R1",
        "Compact Antenna",
        "WiMAX",
        "isolation",
        "complementary split ring resonator (CSRR)",
        "Dielectric Constant",
        "Scattering parameters",
        "Frequency Shift",
        "Self-diplexing Antenna",
        "Frequencies F2",
        "Surface impedance",
        "Higher Frequency",
        "Impedance Matching",
        "Microstrip Feed Line",
        "Tunable Resonance Frequency",
        "Resonant frequency",
        "Substrate Integrated Waveguide",
        "Lower Band",
        "Resonance Frequency",
        "Frequency Band",
        "Substrates",
        "Cavity Length",
        "Low-frequency Band",
        "Dominant Mode",
        "Compact-antenna",
        "Slot Antenna",
        "Varactor",
        "substrate integrated waveguide (SIW)",
        "Magnetic resonance"
    ]
}