{
    "Title": "A Flexible Wave Velocity Measurement Method Applied to Low Pressure Load Condition",
    "Authors": [
        "Bing Xue",
        "Deren Kong",
        "Chunyan Zhang",
        "Zhenyu Xiong",
        "Zijun Huang"
    ],
    "Date": "2023-10-10",
    "Institution": [
        "Nanjing University of Science and Technology"
    ],
    "City": [
        "Nanjing"
    ],
    "Country": [
        "P.R.China"
    ],
    "Keywords": [
        "Continuous Velocity",
        "Shock Wave",
        "Pressure Load",
        "Kinds Of Methods",
        "Velocity Measurement Method",
        "Basic Module",
        "Low pressure Condition",
        "Transonic",
        "Conductive Layer",
        "Flexible Sensor",
        "Shock Tube",
        "Combustion",
        "Short-circuit",
        "Analytical models",
        "Fluids",
        "Reaction Time",
        "Conductive",
        "Velocity measurement",
        "Velocity Sensors",
        "Low-pressure Conditions",
        "Physical Vapor Deposition",
        "Measurement Methods",
        "Instruments",
        "Sensor Size",
        "Velocity Measurements",
        "Pressure Conditions",
        "Impedance",
        "Electric shock",
        "Flexible Sensors",
        "Discrete Method",
        "Sensor Structure",
        "Electron tubes",
        "Wave Velocity",
        "Flexible Method",
        "Resistance Of Layer",
        "Velocity Measurement",
        "Response Time",
        "Manometer",
        "Pressure measurement"
    ]
}