{
    "Title": "SCMA Detection in MIMO Systems with Low Complexity EP using QRD",
    "Authors": [
        "Adam Mekhiche",
        "Antonio Maria Cipriano",
        "Charly Poulliat"
    ],
    "Date": "2023-10-10",
    "Institution": [
        "IRIT / INP Toulouse",
        "Thales - IRIT / INP Toulouse",
        "Thales"
    ],
    "City": [
        "Toulouse",
        "Gennevilliers"
    ],
    "Country": [
        "France"
    ],
    "Keywords": [
        "Low Complexity",
        "Channel Matrix",
        "Variable Nodes",
        "Multiple Receivers",
        "Non-orthogonal Multiple Access",
        "NOMA",
        "Forward Error Correction",
        "Successive Interference Cancellation",
        "Complexity Analysis",
        "Base Station",
        "Local Graph",
        "Functional Nodes",
        "Sparse Code Multiple Access",
        "Set Of Distributions",
        "Message passing",
        "QR Decomposition",
        "Sparsity",
        "Expectation Propagation",
        "Additive Noise",
        "Multiple Input Multiple Output",
        "Codes",
        "Computational Complexity",
        "Invertible",
        "Processor scheduling",
        "Matrix Inequalities",
        "Error analysis",
        "QR",
        "Posteriori Probability",
        "Maximum A Posteriori",
        "Complex Detection",
        "Multiple Access",
        "Factorization",
        "Message Passing",
        "Scheduling",
        "Matrix Factorization",
        "Orthogonal Frequency Division Multiplexing",
        "Codebook",
        "Factor Graph",
        "Graphical Representation",
        "Detectors"
    ]
}