{
    "Title": "Depletion of Torque Ripple in Induction Motor Using Direct Torque Control Technique Incorporating Novel Multilevel Inverter Topology",
    "Authors": [
        "Ahna S Fathima",
        "M. Roykumar",
        "Elizabeth Cherian"
    ],
    "Date": "2023-10-10",
    "Institution": [
        "Department of Electrical Engineering"
    ],
    "City": [
        "College of Engineering"
    ],
    "Country": [
        "Trivandrum"
    ],
    "Keywords": [
        "Robustness",
        "Constant switching frequency (CSF)",
        "Switching frequency",
        "Torque Values",
        "Total harmonic distortion",
        "Torque Response",
        "Total Harmonic Distortion (THD)",
        "Multilevel Inverter Topology",
        "Neutral Point Clamped",
        "Torque",
        "Hysteresis Control",
        "Total Harmonic Distortion",
        "Torque Ripple",
        "Reference Speed",
        "Switching States",
        "Actual Torque",
        "Stationary Reference Frame",
        "Multilevel Inverters",
        "Future Scope",
        "Harmonic Distortion",
        "Number Of Switches",
        "Technological innovation",
        "Three Level Inverter (TLI)",
        "Sectoral Distribution",
        "Stator Resistance",
        "Comparable Yields",
        "Switching Frequency",
        "Induction motors",
        "Load Changes",
        "Direct Torque Control",
        "Torque control",
        "Induction Motor",
        "Equivalent Circuit",
        "Direct Torque Control (DTC)",
        "Voltage Source Inverter",
        "Voltage Vector"
    ]
}