{
    "Title": "Hardware Architecture of a Beam Alignment Module for D-band Fronthaul and Backhaul",
    "Authors": [
        "Johan Laurent",
        "Nicolas Cassiau"
    ],
    "Date": "2023-10-23",
    "Institution": [
        "Université Grenoble Alpes"
    ],
    "City": [
        "Grenoble"
    ],
    "Country": [
        "France"
    ],
    "Keywords": [
        "backhaul",
        "5G mobile communication",
        "Beam Direction",
        "Output Line",
        "Alignment Procedure",
        "phased array antenna",
        "Beam Configuration",
        "Software Running",
        "ARM Processor",
        "Alignment Algorithm",
        "alignment procedure",
        "hardware architecture",
        "FPGA implementation",
        "6G mobile communication",
        "Wireless",
        "Hardware Architecture",
        "Wireless communication",
        "Vibrations",
        "Part Of System",
        "Task analysis",
        "Digital Signal Processing",
        "Serial Peripheral Interface",
        "Processing Time",
        "Hardware",
        "Computation Time",
        "fronthaul",
        "Lookup Table",
        "Basic Architecture",
        "D-band",
        "RISC-V",
        "Beamforming",
        "State Machine",
        "Frame Duration",
        "Phased Array Antenna",
        "Directive antennas",
        "beyond 5G / 6G"
    ]
}