{
    "Title": "Inline Substrate Integrated Waveguide Trisection Filter With Quasi-Elliptic Response",
    "Authors": [
        "Peng Chu",
        "Peng Zhu",
        "Jianguo Feng",
        "Kai-Lai Zheng"
    ],
    "Date": "2023-10-17",
    "Institution": [
        "Nanjing University of Posts and Telecommunications"
    ],
    "City": [
        "Nanjing"
    ],
    "Country": [
        "China"
    ],
    "Keywords": [
        "Quasi-elliptic Response",
        "Circuits and systems",
        "Bandpass filter",
        "quasi-elliptic response",
        "Substrate Integrated Waveguide",
        "Trisection",
        "mixed coupling",
        "Band-pass filters",
        "Microwave integrated circuits",
        "Magnetic Coupling",
        "cross coupling",
        "Millimeter wave integrated circuits",
        "Coplanar Waveguide",
        "Transmission Zeros",
        "Resonator filters",
        "substrate integrated waveguide (SIW)",
        "Microwave circuits",
        "Prototypes"
    ]
}