{
    "Title": "UAV-Assisted MEC System Considering UAV Trajectory and Task Offloading Strategy",
    "Authors": [
        "Kun Xiang",
        "Yejun He"
    ],
    "Date": "2023-10-23",
    "Institution": [
        "College of Electronics and Information Engineering"
    ],
    "City": [
        "Shenzhen University"
    ],
    "Country": [
        "China"
    ],
    "Keywords": [
        "Autonomous aerial vehicles",
        "Time Slot",
        "Simulation",
        "Trajectory Optimization",
        "Computational Resources",
        "UAV-assited",
        "Total Energy Consumption",
        "UAV-assisted Mobile Edge Computing",
        "Reinforcement Learning Algorithm",
        "System Delay",
        "Differential Evolution Algorithm",
        "Optimization Algorithm",
        "Reduce Energy Consumption",
        "Solution Space",
        "Communication Range",
        "High-quality Services",
        "Task Offloading Strategy",
        "Energy Consumption",
        "Mobile Edge Computing Server",
        "Unmanned Aerial Vehicle Flies",
        "Mobile edge computing (MEC)",
        "Offloading Strategy",
        "Energy consumption",
        "Quality of service",
        "Channel Gain",
        "Crossover Rate",
        "Mobile Edge Computing",
        "Ultra-high-definition",
        "Unmanned Aerial Vehicles",
        "Sum Of Delay",
        "differential evolution (DE)",
        "Delays",
        "Unmanned Aerial Vehicles Communication",
        "Multi-access edge computing",
        "State-action Value Function",
        "Trajectory Optimization Problem",
        "3D Coordinates",
        "Training",
        "Convergence Of Algorithm",
        "optimistic actor-critic (OAC)",
        "Task Offloading"
    ]
}