{
    "Title": "Comparison of Authentication Systems Based on a Cluster of Algorithms with Polyphonic and Monophonic Types of Biometric Images",
    "Authors": [
        "Yelena Belova"
    ],
    "Date": "2023-10-09",
    "Institution": [
        "Ufa University of Science and Technology"
    ],
    "City": [
        "Ufa"
    ],
    "Country": [
        "Russian Federation"
    ],
    "Keywords": [
        "cluster of algorithms",
        "Authentication Process",
        "formant characteristics",
        "Automation",
        "Biometrics (access control)",
        "Multilayer Perceptron",
        "Worst Results",
        "Training Set",
        "Biometric Image",
        "Support vector machines",
        "Random Forest",
        "K-nearest Neighbor",
        "Logistic regression",
        "Training",
        "Formal Features",
        "Authentication",
        "Authentication System",
        "voice authentication",
        "Comparable Results",
        "Logistic Regression",
        "Average Precision",
        "Biometric Systems",
        "biometric authentication",
        "Clustering algorithms",
        "Support Vector Machine",
        "Average Of Precision",
        "Biometric Identification"
    ]
}