{
    "Title": "Data Acquisition System for Forecasting Applications of Photovoltaic Power Production",
    "Authors": [
        "Vladimir Voicu",
        "Dorin Petreus",
        "Emil Cebuc",
        "Radu Etz"
    ],
    "Date": "2023-10-11",
    "Institution": [
        "Technical University of Cluj-Napoca"
    ],
    "City": [
        "Cluj-Napoca"
    ],
    "Country": [
        "Romania"
    ],
    "Keywords": [
        "Temperature sensors",
        "data acquisition",
        "photovoltaic",
        "Photovoltaic Power Production",
        "Observers",
        "Open-source",
        "Pyranometer",
        "Internet Of Things Systems",
        "Sensors",
        "Data acquisition",
        "Raspberry Pi",
        "Data Acquisition System",
        "Satellite Tracking",
        "Sensor systems",
        "Production",
        "Internet Of Things",
        "Fisheye Lens",
        "solar radiation",
        "Photovoltaic Power",
        "Atmospheric Factors",
        "Photovoltaic systems",
        "software defined radio",
        "Power Production",
        "Time Series Data",
        "Open-source Solutions",
        "Internet of Things"
    ]
}