{
    "Title": "RIS-Based Steerable Beamforming Antenna with Near-Field Eigenmode Feeder",
    "Authors": [
        "Krishan K. Tiwari",
        "Giuseppe Caire"
    ],
    "Date": "2023-10-23",
    "Institution": [
        "Technische Universität Berlin"
    ],
    "City": [
        "Berlin"
    ],
    "Country": [
        "Germany"
    ],
    "Keywords": [
        "Phased Array",
        "Radiation Pattern",
        "Beam Steering",
        "Optimal Distance",
        "Phased arrays",
        "RF beamforming",
        "Shape",
        "Narrow Beam",
        "Far-field",
        "Beampattern",
        "Sidelobe Level",
        "Antenna feeds",
        "Phase shifters",
        "Low Sidelobe",
        "Antenna Array",
        "Millimeter waves and sub-TeraHertz communications",
        "dB Increase",
        "Array signal processing",
        "Hardware",
        "monopulse",
        "Power Consumption",
        "Power Efficiency",
        "Active Antenna",
        "User Equipment",
        "Linear Subspace",
        "Carrier Frequency",
        "reflective intelligent surfaces",
        "Diagonal Matrix",
        "DC Power",
        "Phase Shift",
        "Half-power Beamwidth",
        "Digital Beamforming",
        "Parabolic Mirror",
        "Radar tracking",
        "multiple antenna systems",
        "RF Power",
        "Sidelobe",
        "Line-of-sight"
    ]
}