{
    "Title": "Deontological Ethics for Safe and Ethical Algorithms for Navigation of Autonomous Vehicles (C-NAV) on a Highway",
    "Authors": [
        "James Pickering",
        "Joshua D'Souza"
    ],
    "Date": "2023-10-24",
    "Institution": [
        "Aston University"
    ],
    "City": [
        "Birmingham"
    ],
    "Country": [
        "UK"
    ],
    "Keywords": [
        "modelling and simulation",
        "Yaw Angle",
        "autonomous vehicles",
        "Model Predictive Control Algorithm",
        "MPC",
        "Navigation",
        "Trajectory Planning",
        "Dangerous Effects",
        "Road Users",
        "Obstacle Avoidance",
        "Longitudinal Velocity",
        "Bicycle Model",
        "Model Predictive Control",
        "Lane Change",
        "Vehicle Mass",
        "Adaptive Control System",
        "Autonomous Vehicles",
        "navigation",
        "Vehicle dynamics",
        "Heuristic algorithms",
        "Safe Navigation",
        "Rear Tyre",
        "Public Trust",
        "Adaptive Control Algorithm",
        "Front Tyre",
        "Adaptation models",
        "Road transportation",
        "Bicycles",
        "Center Of Mass",
        "Longitudinal Distance",
        "Ethics",
        "Sufficient Space",
        "Adaptive Control",
        "Deontological Ethics",
        "Dynamic Model",
        "ethics"
    ]
}