{
    "Title": "Realizing Anapole-FP Cavity Strong Coupling in a Silicon-Based Metasurface Hybrid System",
    "Authors": [
        "Wei Liu",
        "Yu Tang",
        "Zhengqi Liu",
        "Junjie Li",
        "Yang Cheng",
        "Guiqiang Liu"
    ],
    "Date": null,
    "Institution": [
        "Nanchang"
    ],
    "City": [
        "Jiangxi"
    ],
    "Country": [
        "China"
    ],
    "Keywords": [
        "Couplings",
        "Light-matter interactions",
        "Role Of Mode",
        "Obvious Red Shift",
        "Optical Modes",
        "Electric Dipole Moment",
        "strong coupling",
        "Optical Switching",
        "Large Splitting",
        "Optoelectronic Devices",
        "Finite-difference Time-domain",
        "Cavity Mode",
        "Silicon",
        "Polar Angle",
        "Spectrum Of System",
        "Coupling Constant",
        "Hybrid System",
        "Mode Coupling",
        "Cavity Length",
        "Rectangular Array",
        "Absorption",
        "Electric fields",
        "Absorption Peak",
        "Electric Field Distribution",
        "Quantum Information",
        "Strong Coupling",
        "Metasurfaces",
        "Nanoscale",
        "rabi splitting",
        "SiO2 Film",
        "Nanoscale devices",
        "Optical modulation"
    ]
}