{
    "Title": "Sea Ice Screening Ability in Ku-Band and C-Band Wind Scatterometry",
    "Authors": [
        "Xingou Xu",
        "Ad Stoffelen"
    ],
    "Date": "2023-10-20",
    "Institution": [
        "CAS",
        "Royal Netherlands Meteorological Institute (KNMI)"
    ],
    "City": [
        "Utrecht",
        "Beijing"
    ],
    "Country": [
        "The Netherlands",
        "China"
    ],
    "Keywords": [
        "Polar ocean regions",
        "Tropical Regions",
        "Northern Hemisphere",
        "Maximum Likelihood Estimation",
        "Polar Regions",
        "Geoscience and remote sensing",
        "Sea surface",
        "quality control",
        "Wind scattermeters",
        "Rain",
        "Rain Rate",
        "Sea Ice Surface",
        "C-band",
        "Maximum likelihood estimation",
        "Lag Distance",
        "Rain Events",
        "Sea Ice",
        "Radar measurements",
        "Empirical Model",
        "sea ice screening",
        "Sea Ice Concentration",
        "Bayes methods",
        "sea ice concentration"
    ]
}