{
    "Title": "Analysis of Decoy Strategies for Detecting Ransomware",
    "Authors": [
        "Byron Denham",
        "Dale R. Thompson"
    ],
    "Date": "2023-10-27",
    "Institution": [
        "Fayetteville"
    ],
    "City": [
        "AR"
    ],
    "Country": [
        "USA"
    ],
    "Keywords": [
        "Static Analysis",
        "Target Environment",
        "Learning Algorithms",
        "Specific Implementation",
        "Type Of Access",
        "decoy",
        "Successful Detection",
        "Behavioral sciences",
        "Writing",
        "Ransomware",
        "Decoy Strategy",
        "Normal Process",
        "ransomware",
        "Behavioral Analysis",
        "Information Leakage",
        "File System",
        "Network security",
        "Computer security",
        "Encrypted File",
        "Calculation Of Metrics",
        "Detection Results",
        "Hash Function",
        "Monitoring",
        "deception",
        "Encryption",
        "malware",
        "Supply Chain"
    ]
}