{
    "Title": "Exploiting Ambiguities for Along-Track Baseline Calibration of SIMO SAR Formations",
    "Authors": [
        "Naomi Petrushevsky",
        "Andrea Monti-Guarnieri",
        "Stefano Tebaldini"
    ],
    "Date": "2023-10-20",
    "Institution": [
        "Politecnico di Milano"
    ],
    "City": [
        "Milan"
    ],
    "Country": [
        "Italy"
    ],
    "Keywords": [
        "SIMO",
        "SAR",
        "Focusing",
        "Achievable Accuracy",
        "Ambiguity",
        "Point Target",
        "Stability analysis",
        "Slant Range",
        "Satellites",
        "Task analysis",
        "Doppler",
        "Interferometry",
        "Aliasing Effect",
        "False Targets",
        "Interferometric Phase",
        "Calibration",
        "Spaceborne Synthetic Aperture Radar",
        "Geoscience and remote sensing",
        "Target Location",
        "Estimation",
        "Defocus"
    ]
}