{
    "Title": "A Robust Multiple Honeybee Tracking Method from Videos Captured at Beehive Entrance",
    "Authors": [
        "Thi-Nhung Le",
        "Duc-Ngoc Tran",
        "Thi-Thu-Hong Phan",
        "Hong-Thai Pham",
        "Thi-Lan Le",
        "Hai Vu"
    ],
    "Date": "2023-10-26",
    "Institution": [
        "FPT University",
        "Vietnam National University of Agriculture",
        "Hanoi University of Science and Technology"
    ],
    "City": [
        "Hanoi",
        "Danang"
    ],
    "Country": [
        "Vietnam"
    ],
    "Keywords": [
        "High Performance",
        "High Speed",
        "Important Metrics",
        "Detection Challenge",
        "Streaming media",
        "Track Model",
        "Object Tracking",
        "Switches",
        "Translational Motion",
        "Real-time systems",
        "Measurement",
        "Kalman Filter",
        "Task analysis",
        "Results Of Experiments",
        "Multiple Object Tracking",
        "multiple object tracking",
        "Robust Tracking",
        "Bounding Box",
        "Tracking Error",
        "OC-SORT",
        "Object tracking",
        "Video Capture",
        "Bee Colonies",
        "Convolutional Neural Network",
        "Multiple Tracking",
        "Object Detection",
        "honeybee",
        "Pattern recognition",
        "Background Subtraction"
    ]
}