{
    "Title": "A General Target Tracking and Sample Generation Framework for Satellite Videos Leveraging on Geometry-Aware Low-Rank Representation",
    "Authors": [
        "Xuhui Zhao",
        "Ziqian Huang",
        "Anqi Zhao",
        "Ziyao Li",
        "Zhi Gao"
    ],
    "Date": "2023-10-20",
    "Institution": [
        "Wuhan University"
    ],
    "City": [
        "Wuhan"
    ],
    "Country": [
        "China"
    ],
    "Keywords": [
        "Satellites",
        "Annotations",
        "Tracking Framework",
        "Video Satellite",
        "Template Matching",
        "Video sequences",
        "Sparse Imaging",
        "Remote sensing",
        "Target Tracking Framework",
        "Target tracking",
        "Years Of Research",
        "Static Background",
        "Earth",
        "Video Tracking",
        "Gaussian Mixture Model",
        "Tracking Results",
        "High Spatial Temporal Resolution",
        "Low-rank Representation",
        "Elevation Difference",
        "Bounding Box",
        "Optical Flow",
        "Distortion",
        "Satellite Video",
        "Target Tracking"
    ]
}