{
    "Title": "Audio Data Augmentation for Acoustic-to-Articulatory Speech Inversion",
    "Authors": [
        "Yashish M. Siriwardena",
        "Ahmed Adel Attia",
        "Ganesh Sivaraman",
        "Carol Espy-Wilson"
    ],
    "Date": "2023-11-01",
    "Institution": [
        "College Park",
        "Pindrop"
    ],
    "City": [
        "MD",
        "GA"
    ],
    "Country": [
        "USA"
    ],
    "Keywords": [
        "Articulators",
        "Logic gates",
        "Improvement In Correlation",
        "Data Augmentation Methods",
        "Bidirectional Long Short-term Memory",
        "noise-robust speech inversion",
        "Training data",
        "Data augmentation",
        "Feed-forward Network",
        "Tip-of-the-tongue",
        "Multiple Datasets",
        "Data Subject",
        "Correlation",
        "Training Set",
        "Automatic Speech",
        "BiGRNN",
        "vocal tract variables",
        "Speech Data",
        "Learning Rate",
        "Acoustic Features",
        "Mel-frequency Cepstral Coefficients",
        "Signal processing",
        "Pearson Correlation",
        "Temporal Convolutional Network",
        "Deep Neural Network",
        "Audio Files",
        "Clean Data",
        "Gated Recurrent Unit",
        "Model Architecture",
        "Recurrent neural networks",
        "Noisy Data",
        "Background Noise",
        "Inverse System",
        "Clear Speech",
        "Audio Data",
        "Data Augmentation",
        "Neural Network",
        "Low-pass",
        "data augmentation",
        "TV",
        "Gaussian Noise"
    ]
}