{
    "Title": "Non-Contact Machine Vibration Sensing and Fault Diagnosis Method Based on Event Camera",
    "Authors": [
        "Ruiyi Guang",
        "Xiang Li",
        "Yaguo Lei",
        "Naipeng Li",
        "Bin Yang"
    ],
    "Date": "2023-11-03",
    "Institution": [
        "Xi’an Jiaotong University"
    ],
    "City": [
        "Xi’an"
    ],
    "Country": [
        "People’s Republic of China"
    ],
    "Keywords": [
        "Brightness Changes",
        "Event Frames",
        "Cameras",
        "Wavelet packets",
        "Standard Camera",
        "Sensor phenomena and characterization",
        "Accelerometers",
        "event frame",
        "Bright Pixels",
        "Dynamic Vision Sensor",
        "Wavelet Packet",
        "Role In The Field",
        "Frequency Domain Information",
        "Vibrations",
        "Rolling Bearing",
        "Contact Sensors",
        "Vibration Signals",
        "Event Stream",
        "Extreme Environments",
        "Rolling bearings",
        "Event Data",
        "fault diagnosis",
        "Machine Fault",
        "Machine Fault Diagnosis",
        "Residual Network",
        "Fault diagnosis",
        "Image Frames",
        "Filter Bandwidth",
        "rotating machinery",
        "Gabor Filters",
        "Signal In The Frequency Domain",
        "machine vision",
        "Fault Diagnosis Method",
        "Accelerometer",
        "Broad Application Prospects",
        "event camera",
        "Aspect Ratio",
        "Short-time Fourier Transform",
        "Fault Diagnosis",
        "Time-domain Signal"
    ]
}