{
    "Title": "A Framework for the Concept of Social Transcript As a Part of Smart University",
    "Authors": [
        "Muge Olucoglu",
        "Onur Dogan",
        "Omer Faruk Gurcan"
    ],
    "Date": "2023-10-31",
    "Institution": [
        "Izmir Bakircay University",
        "Sivas Cumhuriyet University"
    ],
    "City": [
        "Izmir",
        "Sivas"
    ],
    "Country": [
        "Turkiye"
    ],
    "Keywords": [
        "Social Development",
        "Interconnected World",
        "Intelligent systems",
        "Labour Market",
        "smart university",
        "Academic Performance",
        "global citizen",
        "Number Of Participants",
        "Business World",
        "21st Century Skills",
        "Personal Development",
        "Related Entities",
        "Leadership Experience",
        "Learning Experiences",
        "Job Postings",
        "Extracurricular Activities",
        "Language Proficiency",
        "Technological innovation",
        "Active Involvement",
        "Digital Transformation",
        "Social Skills",
        "Student Participation",
        "Community Services",
        "Intelligent Systems",
        "social transcript",
        "Employment",
        "Leadership Potential"
    ]
}