{
    "Title": "Heavy Haptics: Simulating Weight in Virtual Reality Applications",
    "Authors": [
        "Oliver Schober",
        "Jeremiah Diephuis",
        "Philipp Wintersberger",
        "Wolfgang Hochleitner"
    ],
    "Date": "2023-10-31",
    "Institution": [
        "University of Applied Sciences Upper Austria"
    ],
    "City": [
        "Hagenberg"
    ],
    "Country": [
        "Austria"
    ],
    "Keywords": [
        "Video Games",
        "Vibration Intensity",
        "Haptic interfaces",
        "User's Hand",
        "Virtual Reality Applications",
        "virtual reality",
        "Pressure sensors",
        "Grip Force",
        "simulation",
        "Force Feedback",
        "Tracking Sensors",
        "Plausibility",
        "Degrees Of Freedom",
        "Virtual reality",
        "Angular Deviation",
        "Hardware",
        "Vibrational Levels",
        "haptics",
        "Weight Perception",
        "Differences In Weight",
        "Industries",
        "Light Objects",
        "Feedback System",
        "Actuator",
        "Virtual Reality System",
        "Virtual Hand",
        "Heavy Objects",
        "Grip Strength",
        "Virtual Objects",
        "Pressure Sensor"
    ]
}