{
    "Title": "Global Topology of 3D Symmetric Tensor Fields",
    "Authors": [
        "Shih-Hsuan Hung",
        "Yue Zhang",
        "Eugene Zhang"
    ],
    "Date": null,
    "Institution": [
        "School of Electrical Engineering and Computer Science"
    ],
    "City": [
        "Oregon State University"
    ],
    "Country": [
        "USA"
    ],
    "Keywords": [
        "Graph Topology",
        "Symmetric Tensor Field",
        "Topological Features",
        "neutral surfaces",
        "wedges and trisectors",
        "Solid Mechanics",
        "Data visualization",
        "Tensors",
        "Neutral Surface",
        "Symmetric Tensor",
        "Tensor field visualization",
        "3D Tensor",
        "Three-dimensional displays",
        "Field Of Analysis",
        "Three-fold Symmetry",
        "Nodes In The Graph",
        "Betti Numbers",
        "Field Curves",
        "Poisson’s Ratio",
        "Topology",
        "Planar Regions",
        "Recent Advances In Analysis",
        "global tensor field topology",
        "Symmetric Field",
        "3D symmetric tensor fields",
        "Global Topology",
        "Air Bubbles",
        "Magnitude Of Load",
        "Global Analysis",
        "Feature extraction",
        "Winding Number",
        "Stress",
        "Surface Curvature",
        "3D Field",
        "degenerate curves",
        "Degenerate Points",
        "Positive Eigenvalues",
        "Top Face",
        "Red Segments",
        "Materials Science",
        "topological graphs",
        "Vector Field",
        "Structural rings"
    ]
}