{
    "Title": "Near-field Focusing with Transmitarrays: Impact of Phase Quantization",
    "Authors": [
        "Marie Defives",
        "Ronan Sauleau",
        "Manuel Arrebola",
        "Antonio Clemente"
    ],
    "Date": "2023-10-31",
    "Institution": [
        "Universidad de Oviedo",
        "CNRS IETR - UMR CNRS 6164",
        "Leti Univ Grenoble Alpes"
    ],
    "City": [
        "Grenoble",
        "Rennes",
        "Gijón"
    ],
    "Country": [
        "France",
        "Spain"
    ],
    "Keywords": [
        "phase gradient aperture",
        "Radiation Pattern",
        "sub-THz",
        "Quantization (signal)",
        "Phased arrays",
        "Full-wave Simulation",
        "Linearly Polarized",
        "Transmitting antennas",
        "Power system measurements",
        "phase quantization",
        "Finite Element",
        "Figure Of Merit",
        "Discrete Fourier Transform",
        "Density measurement",
        "Phase Distribution",
        "Depth Of Focus",
        "Geometry",
        "Near-field focusing",
        "Near-field Region",
        "Transmission Coefficient",
        "Phase Shift",
        "Incident Polarization",
        "Phase Quantization",
        "Shift In Focus",
        "Focal Length",
        "transmitarray antennas",
        "Focusing",
        "Spot Size",
        "Near-field Focusing"
    ]
}