{
    "Title": "A Machine Learning-Based Algorithm for Early Detection of Sepsis in Hospitalized Patients: Development and Evaluation",
    "Authors": [
        "Venkata Raghuveer Burugadda",
        "Priyanka Makrand Mane",
        "Abhishek Kumar",
        "Neha Bhati"
    ],
    "Date": "2023-10-27",
    "Institution": [
        "Gharuan",
        "Sr. Solution Architect Western Union Financial Services",
        "Karad",
        "Ajmer"
    ],
    "City": [
        "Punjab",
        "Rajasthan",
        "Austin",
        "Maharashtra"
    ],
    "Country": [
        "India",
        "US"
    ],
    "Keywords": [
        "Healthcare Costs",
        "Costs",
        "Early Detection",
        "Learning Algorithms",
        "Decision Support System",
        "Machine Learning Systems",
        "Early Diagnosis",
        "Gradient Boosting",
        "Lower Healthcare Costs",
        "Machine Learning (ML)",
        "F1 Score",
        "Sepsis Patients",
        "Clinical Decision Support Systems",
        "Septic Shock",
        "Decision making",
        "Prediction Algorithms",
        "Vital Signs",
        "Target Variable",
        "Ethics",
        "Decision Tree",
        "Patient Outcomes",
        "Sepsis Survivors",
        "Early Diagnosis Of Sepsis",
        "Patient Care",
        "Legionella",
        "Clinical Decision-making",
        "Complex Statistical Models",
        "Machine learning algorithms",
        "Prediction Time",
        "Weak Learners",
        "Sepsis",
        "Detection Of Sepsis",
        "Early Sepsis",
        "Fast Prediction",
        "Medical services",
        "Training Time",
        "Training",
        "Performance Of Algorithm",
        "Hospital Patients",
        "Early Sepsis Detection"
    ]
}