{
    "Title": "Multivariate Time Series Forecasting Using Multiscale Recurrent Networks With Scale Attention and Cross-Scale Guidance",
    "Authors": [
        "Qiang Guo",
        "Lexin Fang",
        "Ren Wang",
        "Caiming Zhang"
    ],
    "Date": null,
    "Institution": [
        "Shandong Provincial Laboratory of Future Intelligence and Financial Engineering",
        "Shandong University of Finance and Economics",
        "Shandong University"
    ],
    "City": [
        "Yantai",
        "Jinan"
    ],
    "Country": [
        "China"
    ],
    "Keywords": [
        "recurrent neural networks (RNNs)",
        "Computational modeling",
        "Task analysis",
        "Time series analysis",
        "Forecasting",
        "Predictive models",
        "multiscale decomposition",
        "Recurrent neural networks",
        "cross-scale guidance",
        "time series forecasting",
        "Attention mechanism",
        "Matrix decomposition"
    ]
}