{
    "Title": "A Weighted Evaluation Model for Fault Prediction of Medium Voltage Switchgear Based on BP Neural Network",
    "Authors": [
        "Yuefei Xu",
        "Xin Zhang",
        "Xiaohuan Wu",
        "Jin Zhang"
    ],
    "Date": "2023-10-30",
    "Institution": [
        "State Grid"
    ],
    "City": [
        "Hangzhou"
    ],
    "Country": [
        "China"
    ],
    "Keywords": [
        "Correlation",
        "Defect Prediction",
        "Multiple Devices",
        "Analytic Hierarchy Process",
        "Current Parameters",
        "Structural rings",
        "Combined Weight",
        "Model Evaluation",
        "Fuzzy Analytic Hierarchy Process",
        "Operation And Maintenance",
        "Simulation",
        "Ring Topology",
        "Indicator Weights",
        "Fault prediction",
        "BP neural network",
        "Switchgear",
        "Back Propagation Neural Network",
        "Internal Components",
        "Target Layer",
        "Analytic Hierarchy",
        "Objective Function",
        "Combination weighting",
        "Neural networks",
        "Subjective Weight",
        "Objective Evaluation",
        "Judgment Matrix",
        "Weight Method",
        "Evaluation Method",
        "Operation State",
        "Voltage Parameters",
        "Neural State",
        "Medium-voltage Switchgear",
        "Equipment Conditions",
        "Deep learning",
        "Medium voltage",
        "Attention Values",
        "Neural Network",
        "Medium voltage switchgear",
        "Fuzzy Method",
        "Healthy Conditions",
        "Load Switching"
    ]
}