{
    "Title": "A Wideband Colinearly Polarized Composite Antenna With High Isolation",
    "Authors": [
        "Ruo Bin Gao",
        "Li Ying Nie",
        "Fei Cheng",
        "Zhao Neng Jiang",
        "Xiao Hui Zhang",
        "Shang Xiang"
    ],
    "Date": null,
    "Institution": [
        "Hefei University of Technology",
        "Savannah",
        "Lund University",
        "Sichuan University"
    ],
    "City": [
        "Lund",
        "GA",
        "Chengdu",
        "Hefei"
    ],
    "Country": [
        "Sweden",
        "USA",
        "China"
    ],
    "Keywords": [
        "Massive Array",
        "Radiation Pattern",
        "Orthogonal Modes",
        "Dipole Array",
        "Substrate Side",
        "Equal Amplitude",
        "Compact Array",
        "Scattering parameters",
        "Low Correlation",
        "Dipole Mode",
        "multiple-input–multiple-output (MIMO)",
        "Direct Radiation",
        "Envelope Correlation Coefficient",
        "Port Isolation",
        "Frequency measurement",
        "Feeding Network",
        "Microstrip",
        "high isolation",
        "Antenna Array",
        "Antenna measurements",
        "Antenna arrays",
        "copolarized",
        "Array Size",
        "Shared Structure",
        "Wideband Antenna",
        "Frequency Band",
        "Composite",
        "Gain",
        "Antennas",
        "Dipole antennas",
        "Base Station",
        "Composite Structure"
    ]
}