{
    "Title": "Multi-User MIMO Based on Millimeter Wave Massive Analog Relay Stations",
    "Authors": [
        "Suwen Ke",
        "Kei Sakaguchi",
        "Gia Khanh Tran",
        "Masashi Iwabuchi",
        "Tomoki Murakami"
    ],
    "Date": "2023-10-31",
    "Institution": [
        "NTT Access Network Service Systems Laboratories",
        "Tokyo Institute of Technology"
    ],
    "City": [
        "Yokosuka",
        "Tokyo"
    ],
    "Country": [
        "Japan"
    ],
    "Keywords": [
        "Block Diagonal",
        "High Path Loss",
        "Artificial Channels",
        "Resource management",
        "Noise Vector",
        "Channel Capacity",
        "Multi-input Multi-output",
        "Capacity Of System",
        "Multi-user Multi-input Multi-output",
        "Inter-user Interference",
        "Communication Systems",
        "Selection Algorithm",
        "Channel Matrix",
        "Resource Allocation Method",
        "Precoding Vector",
        "Channel capacity",
        "massive MIMO",
        "Throughput",
        "Singular Value Decomposition",
        "Number Of Beams",
        "Transmission Speed",
        "Relay System",
        "Resource Block",
        "Numerical simulation",
        "Directional Antenna",
        "Multi-input Multi-output Systems",
        "Channel Response",
        "5G Communication Systems",
        "mmWave",
        "5G",
        "User Groups",
        "Path Loss",
        "Relay Station",
        "Intelligent Reflecting Surface",
        "Base Station",
        "Beamforming",
        "relay",
        "Millimeter wave technology",
        "Multi-user System",
        "Base stations",
        "resource block",
        "multi-user",
        "Massive MIMO"
    ]
}