{
    "Title": "Women in radio science: Progress within women in radio science - WIRS",
    "Authors": [
        "Asta Pellinen-Wannberg"
    ],
    "Date": null,
    "Institution": [
        "Department of Physics and Swedish Institute of Space Physics"
    ],
    "City": [
        "S-90187 Umeå"
    ],
    "Country": [
        "Sweden"
    ],
    "Keywords": [
        "Conferences",
        "Engineering profession",
        "Radar",
        "Leadership",
        "Physics",
        "History",
        "Pandemics"
    ]
}