{
    "Title": "A Light- and Heat-Seeking Vine-Inspired Robot With Material-Level Responsiveness",
    "Authors": [
        "Shivani Deglurkar",
        "Charles Xiao",
        "Luke Gockowski",
        "Megan T. Valentine",
        "Elliot W. Hawkes"
    ],
    "Date": null,
    "Institution": [
        "San Francisco",
        "Santa Barbara"
    ],
    "City": [
        "CA"
    ],
    "Country": [
        "USA"
    ],
    "Keywords": [
        "Heat Source",
        "soft robot materials and design",
        "Semi-empirical Model",
        "Pipe Network",
        "Biologically-inspired robots",
        "Internal Pressure",
        "Heat Transfer",
        "Firefighters",
        "Infrared Light",
        "Robots",
        "Equilibrium Temperature",
        "Force Gauge",
        "Light Flux",
        "Convective Coefficient",
        "Distance Function",
        "Robot Pose",
        "Heat Seal",
        "Double-sided Tape",
        "Pneumatic systems",
        "Robot Body",
        "Temperature measurement",
        "Local Response",
        "Heating systems",
        "mechanism design",
        "Light Source",
        "soft sensors and actuators",
        "Seals",
        "Robot sensing systems",
        "Shape In Fig",
        "Actuators",
        "Coal-fired",
        "Soft Robots"
    ]
}