{
    "Title": "Enhanced Decision Mechanism for RAN Subslicing in Management Closed Control Loop",
    "Authors": [
        "Marika Kulmar",
        "Ivo Müürsepp",
        "Muhammad Mahtab Alam"
    ],
    "Date": "2023-11-08",
    "Institution": [
        "Tallinn University of Technology"
    ],
    "City": [
        "Tallinn"
    ],
    "Country": [
        "Estonia"
    ],
    "Keywords": [
        "Clustering Results",
        "Neural Network Classifier",
        "clustering",
        "Service Quality",
        "Logical Networks",
        "Slice Size",
        "Packet Size",
        "Machine learning",
        "Multi-access edge computing",
        "Clustering Algorithm",
        "Gaussian Mixture Model",
        "Bandwidth Utilization",
        "Agglomerative Clustering",
        "Quality of service",
        "Network slicing",
        "K-nearest Neighbor",
        "subslicing",
        "Network Slicing",
        "Quality Of Service Requirements",
        "Neurons In Layer",
        "Neural networks",
        "Subcarrier Spacing",
        "Resource Block",
        "Hidden Layer",
        "User Equipment",
        "neural network",
        "Small Group",
        "Cross-entropy Loss",
        "performance",
        "Key Performance Indicators",
        "Support Vector Machine",
        "Davies-Bouldin Index",
        "Neural Network",
        "Training data",
        "Bandwidth"
    ]
}