{
    "Title": "Resolution Improvement of ULM Images Applying a Rauch-Tung-Striebel Smoother",
    "Authors": [
        "Thomas Lisson",
        "Jannine Salewski",
        "Stefanie Dencks",
        "Georg Schmitz"
    ],
    "Date": "2023-11-07",
    "Institution": [
        "Ruhr-Universität Bochum"
    ],
    "City": [
        "Bochum"
    ],
    "Country": [
        "Germany"
    ],
    "Keywords": [
        "Loss Of Resolution",
        "Motion Model",
        "Inaccurate Positioning",
        "Prediction Step",
        "interpolation",
        "Low Flow Velocity",
        "Microscopy",
        "Fourier Shell Correlation",
        "Consecutive Positions",
        "Individual Tracks",
        "Threshold Curve",
        "resolution",
        "Vessel Reconstruction",
        "Ultrasound Localization Microscopy",
        "Rauch-Tung-Striebel smoother",
        "Localization Accuracy",
        "Ground Truth Position",
        "Kalman filter",
        "Straight Line",
        "Intermediate Position",
        "Local Position",
        "Pixel Size",
        "High Flow Velocity",
        "visualization",
        "Kalman Filter",
        "Location awareness",
        "Ultrasonic imaging",
        "Time Step",
        "Image resolution",
        "Low Flow",
        "Forward Direction",
        "super resolution imaging",
        "Computational modeling",
        "Ultrasound Localization Microscopy Imaging",
        "Correction Step",
        "Flow Velocity",
        "Covariance Matrix",
        "Tracking",
        "Smoothing",
        "ultrasound localization microscopy",
        "Post-processing Strategy",
        "Filtering"
    ]
}