{
    "Title": "Institutional Readiness to adopt Block Chain Technology in Higher Education",
    "Authors": [
        "Sunita Dwivedi",
        "Shinu Vig"
    ],
    "Date": "2023-11-23",
    "Institution": [
        "Noida Symbiosis International (Deemed) University"
    ],
    "City": [
        "Pune"
    ],
    "Country": [
        "India"
    ],
    "Keywords": [
        "Education institutes",
        "Higher Education",
        "Companies",
        "Business",
        "Top Management",
        "Technology In Higher Education",
        "Education",
        "Nascent Stage",
        "Thematic Analysis",
        "Encryption",
        "Blockchain Applications",
        "Educational Technology",
        "Security",
        "Data privacy",
        "Institutional Size",
        "Environment",
        "Institutional Readiness",
        "Data Storage",
        "Industries",
        "Education Sector",
        "Education System",
        "Blockchain Technology",
        "In-depth Interviews",
        "Higher Education Institutions",
        "Blockchain",
        "Adoption Of Blockchain Technology",
        "Technology Adoption",
        "Adoption Of New Technologies",
        "Technological Context",
        "Technological Advances",
        "Education Institutions",
        "Ecosystems",
        "Big Data",
        "Routing",
        "Teaching Methods",
        "Higher Education System"
    ]
}