{
    "Title": "Image Recognition Using Machine Learning Techniques",
    "Authors": [
        "Kumari Chandni",
        "Aditya Pratap Singh",
        "Avnish Kumar Rai",
        "Alok Singh Chauhan"
    ],
    "Date": "2023-11-07",
    "Institution": [
        "Galgotias University"
    ],
    "City": [
        "Greater Noida"
    ],
    "Country": [
        "India"
    ],
    "Keywords": [
        "Face Recognition",
        "Work In This Paper",
        "Opportunities For Future Research",
        "Convolutional Layers",
        "Deep Belief Network",
        "Deep Learning",
        "Machine learning",
        "Intensity Transformation",
        "Image Processing Steps",
        "Shape",
        "Image Recognition",
        "Diagnostic Methods",
        "Fraud Detection",
        "Types Of Models",
        "Security",
        "Image Processing",
        "Restricted Boltzmann Machine",
        "Convolutional Neural Networks",
        "Lossy Compression",
        "Artificial Neural Network",
        "Research In Recent Years",
        "Lossless Compression",
        "Image Pixels",
        "Machine Learning Techniques",
        "Medical Imaging",
        "Geometric Transformation",
        "Histogram Equalization",
        "Technological innovation",
        "Deep Neural Network",
        "Final Layer",
        "Feature extraction",
        "Convolutional Neural Network",
        "Image recognition",
        "Deep learning",
        "Deep Network",
        "Action Labels",
        "Machine Learning",
        "Neural Network",
        "Convolutional neural networks"
    ]
}