{
    "Title": "A Comparative Study on Different Machine Learning Algorithms to Detect PCOS",
    "Authors": [
        "Rithwick Sethi",
        "Dinesh Kumar Vishwakarma",
        "Sreetam Ganguly",
        "Raj Ray"
    ],
    "Date": "2023-11-23",
    "Institution": [
        "Delhi Technological University",
        "SystemOnSilicon Corporation"
    ],
    "City": [
        "New Delhi",
        "Mumbai"
    ],
    "Country": [
        "India"
    ],
    "Keywords": [
        "Obesity",
        "Blood Sugar",
        "Dimensionality Reduction",
        "PCOS",
        "Medical tests",
        "Random Forest Classifier",
        "models",
        "accuracy",
        "Classification algorithms",
        "Random Forest",
        "Support vector machine classification",
        "Min-max Scaling",
        "K-nearest Neighbor",
        "Learning Algorithms",
        "Machine Learning Models",
        "algorithms",
        "Diastolic Blood Pressure",
        "XGBoost",
        "Systolic Blood Pressure",
        "F1 Score",
        "Ensemble Learning",
        "Dimensionality Reduction Analysis",
        "XGBoost Classifier",
        "Principal Component Analysis",
        "Object recognition",
        "Androgen",
        "Linear Discriminant Analysis",
        "Convolutional Neural Network",
        "Accuracy Of Model",
        "Support Vector Machine",
        "Static VAr compensators",
        "Machine learning algorithms",
        "Machine Learning"
    ]
}