{
    "Title": "Robots and Aged Care: A Case Study Assessing Implementation of Service Robots in an Aged Care Home",
    "Authors": [
        "Damith C. Herath",
        "Lee Martin",
        "Sharni Doolan",
        "Janie Busby Grant"
    ],
    "Date": "2023-11-13",
    "Institution": [
        "Tanunda",
        "Collaborative Robotics Lab",
        "Faculty of Health"
    ],
    "City": [
        "Human Centered Technology Research Centre at the University of Canberra",
        "South Australia",
        "University of Canberra"
    ],
    "Country": [
        "Australia"
    ],
    "Keywords": [
        "Australia",
        "Site Visits",
        "Data Repository",
        "Staff Need",
        "Service robots",
        "Manual Handling",
        "Service Robots",
        "Robotic Technology",
        "Aged Care Homes",
        "Contextual Factors",
        "Facility Managers",
        "Perception Of The Robot",
        "Implementation Of Robots",
        "Robotic Assistance",
        "Service Industry",
        "Aged Care",
        "Care Staff",
        "Archival Research",
        "Automated Guided Vehicles",
        "Residential Aged Care",
        "Human-robot Interaction",
        "Robotic System",
        "Industries",
        "Health and safety",
        "Technical Capacity",
        "Aging",
        "Aged Care Facilities",
        "Filling",
        "Elderly Care Services",
        "Old Age Homes",
        "Environmental Regulation",
        "Technical Support",
        "Residential Aged Care Facilities",
        "Management Staff"
    ]
}