{
    "Title": "PageRank Algorithm Based on Dynamic Damping Factor",
    "Authors": [
        "Zheng HaoLin",
        "Hu Jin",
        "Li WeiKai"
    ],
    "Date": "2023-11-06",
    "Institution": [
        "Chongqing Jiaotong University"
    ],
    "City": [
        "Chongqing"
    ],
    "Country": [
        "China"
    ],
    "Keywords": [
        "Ranking Algorithm",
        "N-dimensional Vector",
        "Exponential Method",
        "Experimental Analysis",
        "Web pages",
        "Smooth Distribution",
        "Query Results",
        "Dynamic Damping",
        "Search Engine",
        "dynamic damping coefficient",
        "Markov Chain",
        "Iterative Process",
        "Social intelligence",
        "Original Algorithm",
        "Rapid Development Of Networks",
        "Idea Of Algorithm",
        "Learning Rate",
        "Dynamic Damping Factor",
        "Search engines",
        "Search Results",
        "Probability Of Transfer",
        "Random Walk",
        "Social Networks",
        "Matrix M",
        "Noise measurement",
        "Transfer Matrix",
        "User experience",
        "coefficient optimization",
        "First-order Markov Chain",
        "Damping",
        "PageRank Algorithm",
        "Directed Graph",
        "Heuristic algorithms",
        "Dynamic Coefficient",
        "Web Page",
        "PageRank algorithm",
        "Configuration Parameters",
        "Damping Coefficient",
        "Damping Factor",
        "Unweighted Graph"
    ]
}