{
    "Title": "Low-field Mobility Degradation Factors Temperature Dependence in Two-level Stacked Nanowire MOSFETs from 120K to 400K",
    "Authors": [
        "Jaime Calçade Rodrigues",
        "Mikael Cassé",
        "Sylvain Barraud",
        "Maud Vinet",
        "Olivier Faynot",
        "Marcelo Antonio Pavanello"
    ],
    "Date": "2023-11-03",
    "Institution": [
        "Université Grenoble Alpes",
        "Centro Univeritário FEI"
    ],
    "City": [
        "Grenoble",
        "São Bernardo do Campo"
    ],
    "Country": [
        "Brazil",
        "France"
    ],
    "Keywords": [
        "Temporal Variation",
        "Logic gates",
        "Degradation",
        "Low-field Mobility",
        "Function Of Gate Voltage",
        "Voltage",
        "Nanowires",
        "Nanosheets",
        "MOSFET",
        "Degradation Factors",
        "Subthreshold Slope",
        "Silicon-on-insulator",
        "Decrease In Temperature",
        "Temperature distribution",
        "Temperature dependence",
        "Low-temperature",
        "2-level stacked nanosheets",
        "Function Of Voltage",
        "Voltage-gated",
        "Drain Current",
        "MOSFETs",
        "Carrier Mobility",
        "Transconductance",
        "Electrical Characterization",
        "Threshold Voltage",
        "Geometry",
        "Channel Width",
        "Gate Stack",
        "Current Flow"
    ]
}