{
    "Title": "High-Output Impedance CMOS Current Conveyor Driver design for Chest Electrical Impedance Tomography",
    "Authors": [
        "Walter Silva Oliveira",
        "Marcus Henrique Victor Júnior",
        "André Da Fontoura Ponchet",
        "Luiz Carlos Moreira",
        "Vitor Oliveira Kuribara",
        "Felipe Ferreira Nascimento"
    ],
    "Date": "2023-11-10",
    "Institution": [
        "Catholic University of Santos",
        "Department of Applied Electronics"
    ],
    "City": [
        "Santos",
        "Aeronautics Institute of Technology São José dos Campos"
    ],
    "Country": [
        "Brazil"
    ],
    "Keywords": [
        "Total harmonic distortion",
        "Distortion",
        "Gate-source Voltage",
        "Electrical Impedance Tomography",
        "Linearity",
        "Monte Carlo",
        "Electrodes",
        "CMOS",
        "Output Current",
        "High Resistance",
        "Differential Pair",
        "Semiconductor device modeling",
        "Low Total Harmonic Distortion",
        "Driver Design",
        "Total Harmonic Distortion",
        "Negative Feedback",
        "Unity Gain",
        "Significant Tissue",
        "Monte Carlo Simulation",
        "Current Mirror",
        "Differential Amplifier",
        "Low Distortion",
        "Output Impedance",
        "Microelectronics",
        "Typical Simulation",
        "Current Driver",
        "Electrical impedance tomography",
        "Chest Electrical Impedance Tomography",
        "Monte Carlo methods",
        "Active Electrode",
        "Unit Gain"
    ]
}