{
    "Title": "Age of Gossip on a Grid",
    "Authors": [
        "Arunabh Srivastava",
        "Sennur Ulukus"
    ],
    "Date": "2023-11-14",
    "Institution": [
        "University of Maryland"
    ],
    "City": [
        "College Park"
    ],
    "Country": [
        "MD"
    ],
    "Keywords": [
        "Ring Topology",
        "Fully-connected Network",
        "Community Structure",
        "Poisson Process",
        "Right-hand Side",
        "Subset Of Network",
        "Network Process",
        "Upper bound",
        "Information age",
        "Right-hand",
        "Measurement",
        "Total Rate",
        "Source Node",
        "Hand Side",
        "Floor Function",
        "Product Term",
        "Upper Bound",
        "Wireless Systems",
        "Two-dimensional Square",
        "Two-dimensional Grid",
        "Grid Scale",
        "Square Grid",
        "Neighboring Nodes",
        "Average Age",
        "Incoming Edges",
        "Age Of Information",
        "Two-dimensional Network",
        "Structural rings"
    ]
}