{
    "Title": "Features of Using the Prophet Package for Forecasting the Local Weather Situation",
    "Authors": [
        "Yuriy Korchak",
        "Bohdan Ivashko",
        "Yuriy Furgala"
    ],
    "Date": "2023-11-10",
    "Institution": [
        "Ivan Franko National University of Lviv"
    ],
    "City": [
        "Lviv"
    ],
    "Country": [
        "Ukraine"
    ],
    "Keywords": [
        "Economics",
        "Maximum A Posteriori",
        "Humidity",
        "Prophet",
        "City Environment",
        "Atmospheric Pressure",
        "Forecast Quality",
        "mathematical model",
        "time series",
        "Local Situation",
        "absolute error",
        "Prophet library",
        "Temperature Changes",
        "Predictive models",
        "Mean Square Error",
        "Linear Function",
        "Predictors Of Change",
        "Properties Of Series",
        "Forecast Accuracy",
        "Mean Absolute Error",
        "Influence Of Parameters",
        "Logistic Function",
        "Additive Model",
        "Time Series",
        "Market research",
        "exogenous parameter",
        "Urban areas",
        "Absolute Value Of Error",
        "forecasting quality",
        "Time Series Prediction",
        "Learning Speed",
        "Atmospheric modeling",
        "relative error",
        "Time series analysis",
        "Piecewise Linear Function"
    ]
}