{
    "Title": "Bootstrap-Based Layerwise Refining for Causal Structure Learning",
    "Authors": [
        "Guodu Xiang",
        "Hao Wang",
        "Kui Yu",
        "Xianjie Guo",
        "Fuyuan Cao",
        "Yukun Song"
    ],
    "Date": null,
    "Institution": [
        "Hefei University of Technology",
        "Shanxi University"
    ],
    "City": [
        "Taiyuan",
        "Hefei"
    ],
    "Country": [
        "China"
    ],
    "Keywords": [
        "Sample Dataset",
        "Optimization methods",
        "Causal Structure",
        "Observational Data",
        "Collective Orientation",
        "Stage 2",
        "Directed Acyclic Graph",
        "Directed acyclic graph",
        "Conditional Independence Tests",
        "Optimization Method",
        "directed acyclic graph",
        "Skeleton",
        "Layer-by-layer",
        "Local Structure",
        "Bootstrap Samples",
        "Search problems",
        "Hybrid Method",
        "Artificial intelligence",
        "Accuracy Error",
        "causal structure learning",
        "layerwise refining",
        "Values In The Dataset",
        "Directed Graph",
        "Target Variable",
        "Undirected Edges",
        "Maximum Mean Discrepancy",
        "Sum Of Matrices",
        "Learning Accuracy",
        "Average Rank",
        "Conditional Independence",
        "Causal Structure Learning",
        "Left Y-axis",
        "Value Of Layer",
        "Scoring Function",
        "Latent Variables",
        "Mathematical models",
        "Bootstrap sampling",
        "Error Structure",
        "Reproducing Kernel Hilbert Space",
        "Learning systems"
    ]
}