{
    "Title": "Injector and Extractor for transformations between business processes and business process models",
    "Authors": [
        "Andrés Wallberg",
        "Luis Silvestre"
    ],
    "Date": "2023-11-15",
    "Institution": [
        "Universidad de Talca"
    ],
    "City": [
        "Curicó"
    ],
    "Country": [
        "Chile"
    ],
    "Keywords": [
        "Business Processes",
        "Computational modeling",
        "Standards",
        "Business process",
        "Tailoring business process",
        "Transforms",
        "Projectors",
        "Computer science",
        "Manuals",
        "Task analysis",
        "Model-driven engineering",
        "Business Process Model",
        "Graphics"
    ]
}