{
    "Title": "Enhancing Peer-to-Peer Energy Trading Efficiency and Fairness Through a Hybrid Auction Mechanism in Decentralized Smart Grids",
    "Authors": [
        "Mayank Arora",
        "Gururaj M V",
        "Ankush Sharma",
        "Naveen Chilamkurti"
    ],
    "Date": "2023-11-16",
    "Institution": [
        "Department of Electrical Engineering",
        "Melbourne"
    ],
    "City": [
        "Indian Institute of Technology Kanpur",
        "VIC"
    ],
    "Country": [
        "Australia",
        "India"
    ],
    "Keywords": [
        "Energy Exchange",
        "Production",
        "Energy Flow",
        "Industrial electronics",
        "Energy Trading",
        "Auction Mechanism",
        "Smart Grid",
        "Science And Technology",
        "Hybrid Auction Mechanism",
        "Energy Market",
        "Energy Demand",
        "Power transmission lines",
        "Successful Bid",
        "Energy Cost",
        "Cost Coefficient",
        "Crucial Parameter",
        "Energy Source",
        "Iterative Phase",
        "Demand Capacity",
        "Renewable energy sources",
        "Iteration Count",
        "Efficient Allocation",
        "Costs",
        "Problem Description",
        "Bidding Process",
        "Exponential Distribution",
        "Optimal Allocation",
        "Energy Transmission",
        "Transmission Line",
        "Energy Distribution",
        "Energy Flow Optimization",
        "Peer-to-Peer Trading",
        "Bid Price",
        "Peer-to-peer computing",
        "Profitability",
        "Energy Allocation"
    ]
}