{
    "Title": "The Length of Flight Plan Calculation",
    "Authors": [
        "Ivan Ostroumov"
    ],
    "Date": "2023-11-15",
    "Institution": [
        "National Aviation University"
    ],
    "City": [
        "Kyiv"
    ],
    "Country": [
        "Ukraine"
    ],
    "Keywords": [
        "Euclidean distance",
        "Network Routing",
        "airplane",
        "Estimation",
        "Trajectory Planning",
        "Ground Station",
        "Route Length",
        "Longitude",
        "loxodromy",
        "Wind speed",
        "Line Length",
        "Total Flight",
        "flight plan",
        "navigation",
        "Arrival Time",
        "Air Pollution",
        "Leg Length",
        "civil aviation",
        "Great Circle",
        "Latitude",
        "Safety",
        "Jet Fuel",
        "Ground Speed",
        "Flight Plan",
        "Trajectory",
        "Greenhouse Gas",
        "Angle Tracking",
        "Wind Direction",
        "Airplanes",
        "flight plan calculation",
        "International Airport",
        "Euclidean Space",
        "Flight Path",
        "Airports",
        "Calculation Of Parameters"
    ]
}