{
    "Title": "Design and Simulation of a Novel MEMS Based Microfluidic Lab-on-a-Chip Device for Dengue Virus Detection",
    "Authors": [
        "D.M.A.P. Dunuwila",
        "Y.W.R. Amarasinghe",
        "W.A.D.M. Jayathilaka"
    ],
    "Date": "2023-11-16",
    "Institution": [
        "University of Moratuwa"
    ],
    "City": [
        "Moratuwa"
    ],
    "Country": [
        "Sri Lanka"
    ],
    "Keywords": [
        "Simulation Results",
        "Microfluidic Chip",
        "Electroosmotic Flow",
        "Microfluidic",
        "Simulation",
        "Dengue",
        "Electrode Layer",
        "Aegypti",
        "Viral Particles",
        "Serum Samples",
        "Lab-on-a-Chip",
        "Software",
        "Surface-to-volume",
        "Electric Current",
        "Viruses (medical)",
        "Electrode Array",
        "Micromechanical devices",
        "Pressure-driven Flow",
        "Non-uniform Electric Field",
        "Simulation Model",
        "MEMS",
        "Silica Beads",
        "Dengue Virus",
        "PDMS Layer",
        "Glass Syringe",
        "Micromixing",
        "AC Power",
        "Passive Flow",
        "Fluorescence Detection",
        "Square Wave",
        "Mobility Particle",
        "Microelectromechanical systems",
        "Dielectrophoresis",
        "COMSOL Simulation",
        "Performance evaluation",
        "Fluid Flow",
        "Loop-mediated Isothermal Amplification",
        "Detection Of Dengue Virus",
        "Μm Particle"
    ]
}