{
    "Title": "Comparison of Classic and Recent Multi-Agent Path Finding Methods via MAPFame",
    "Authors": [
        "Jiaqi Huang",
        "Yangming Zhou",
        "MengChu Zhou",
        "Wei Liu"
    ],
    "Date": "2023-11-20",
    "Institution": [
        "Zhejiang Gongshang University",
        "Macau University of Science and Technology",
        "Shanghai Jiao Tong University"
    ],
    "City": [
        "Macau",
        "Shanghai",
        "Hangzhou"
    ],
    "Country": [
        "China"
    ],
    "Keywords": [
        "Production facilities",
        "Conflict-Based Search",
        "Costs",
        "Robotic Simulation",
        "Lowest Cost",
        "Benchmark testing",
        "Multi-Agent Path Finding",
        "Child Nodes",
        "Open-source Software",
        "Sensors",
        "Path Planning",
        "Actual Deployment",
        "Time Step",
        "Average Cost",
        "Performance Comparison",
        "Computer languages",
        "Node Cost",
        "Pathfinding",
        "Undirected",
        "Performance Of Algorithm"
    ]
}