{
    "Title": "Estimating Ag+ Electrical Mobility Using Alkaline Ion Conductivity Data",
    "Authors": [
        "Viktor Markov",
        "Ivan Sokolov"
    ],
    "Date": "2023-11-21",
    "Institution": [
        "Peter the Great St.Petersburg Polytechnic University",
        "Institute of Silicate Chemistry of the Russian Academy of Sciences"
    ],
    "City": [
        "Saint Petersburg"
    ],
    "Country": [
        "Russia"
    ],
    "Keywords": [
        "Ion Diffusion",
        "External Sources",
        "Silver Content",
        "Concentration Profiles",
        "Glass",
        "Conductive",
        "Electric Vehicles",
        "electrical mobility coefficient",
        "Ions",
        "Field Strength",
        "Conductivity",
        "Endurance",
        "Changes In Content",
        "Optics",
        "Ionic Conductivity",
        "Diffusion Coefficient",
        "Ion diffusion",
        "Ion Mobility",
        "Lithium",
        "Silver",
        "Silver Ions",
        "Self-diffusion Coefficient",
        "Anodic Region",
        "Gradient Structure",
        "ionic conductivity",
        "Mathematical models",
        "Alkali Ions",
        "Electrolysis Process"
    ]
}