{
    "Title": "Quantum Transport Study of Contact Resistance of Edge- and Top-Contacted Two-Dimensional Materials",
    "Authors": [
        "Emeric Deylgat",
        "Edward Chen",
        "Bart Sorée",
        "William G. Vandenberghe"
    ],
    "Date": "2023-11-20",
    "Institution": [
        "The University of Texas at Dallas",
        "KU Leuven",
        "Taiwan Semiconductor Manufacturing Compamy Ltd.",
        "Dallas",
        "Univeristeit Antwerpen"
    ],
    "City": [
        "Dallas",
        "Hsinchu",
        "Leuven",
        "Antwerpen"
    ],
    "Country": [
        "Taiwan",
        "USA",
        "Belgium"
    ],
    "Keywords": [
        "Open Boundary",
        "2D material",
        "Contact Resistance",
        "2D Materials",
        "Effective Hamiltonian",
        "Image Charge",
        "Schottky barriers",
        "High Contact Resistance",
        "Poisson Equation",
        "Doping",
        "Resistance",
        "Low Resistance",
        "Dielectric Constant",
        "Low Doping Concentration",
        "Self-energy",
        "Silicon compounds",
        "Contact Region",
        "Dirichlet Boundary Conditions",
        "Schottky Barrier",
        "top and edge contact",
        "Electrostatic Potential",
        "Schottky Barrier Height",
        "Top Contact",
        "Sulfur",
        "Quantum Transport",
        "Fermi Level",
        "Monolayer MoS2",
        "Barrier Height",
        "Charge Carriers",
        "Carrier Density",
        "image-force barrier lowering",
        "QTBM",
        "Energy Barrier",
        "Transition Metal Dichalcogenides",
        "Barrier Width",
        "Edge Contact",
        "Doping Concentration",
        "Contact resistance",
        "High Doping Concentration",
        "Potential Energy Landscape",
        "Image edge detection"
    ]
}