{
    "Title": "Analysis of Differential Stripline Routing Approaches within a PCB Via Field for Crosstalk Mitigation",
    "Authors": [
        "Srijan Datta",
        "Yuechen Wang",
        "Junyan Tang",
        "Xianbo Yang",
        "Yanyan Zhang",
        "Pavel R. Paladhi",
        "Mahesh Bohra",
        "Joshua C. Myers",
        "Sungjun Chun",
        "Daniel M. Dreps"
    ],
    "Date": "2023-11-16",
    "Institution": [
        "Austin"
    ],
    "City": [
        "TX"
    ],
    "Country": [
        "USA"
    ],
    "Keywords": [
        "Stripline",
        "Routing",
        "Middle Layer",
        "Printed Circuit Board",
        "Transmission Line",
        "Crosstalk",
        "Channel Length",
        "Differential Pair",
        "Pins",
        "Electromagnetic Model",
        "Wires",
        "Multiple Layers",
        "Routing Approach",
        "Typical Route",
        "Behavioral sciences",
        "Wiring"
    ]
}