{
    "Title": "Quantum Machine Learning with Quantum Topological Data Analysis",
    "Authors": [
        "Ankit Khandelwal",
        "M Girish Chandra"
    ],
    "Date": "2023-11-30",
    "Institution": [
        "TCS Research"
    ],
    "City": [
        "Tata Consultancy Services"
    ],
    "Country": [
        "India"
    ],
    "Keywords": [
        "Quantum Algorithms",
        "quantum computing",
        "Data analysis",
        "Pipelines",
        "Machine learning",
        "Logic gates",
        "Betti Numbers",
        "Eigenvalues",
        "Point Cloud",
        "Quantum Circuit",
        "Quantum State",
        "Machine Learning Tasks",
        "Simplicial Complex",
        "Number Of Holes",
        "Qubit",
        "Topological Data Analysis",
        "Costs",
        "High Positive Value",
        "Classical Results",
        "Quantum Computing",
        "quantum topological data analysis",
        "Machine Learning Classifiers",
        "classification",
        "Time Series",
        "Quantum state",
        "Topological Analysis",
        "MNIST Dataset",
        "Eigenstates",
        "Machine Learning",
        "quantum machine learning",
        "Quantum Machine",
        "Time Series Dataset"
    ]
}