{
    "Title": "Identity Verification and Detection System Through Facial Recognition Technology",
    "Authors": [
        "Nazar Karpiuk",
        "Halyna Klym"
    ],
    "Date": "2023-11-10",
    "Institution": [
        "Lviv Polytechnic National University"
    ],
    "City": [
        "Lviv"
    ],
    "Country": [
        "Ukraine"
    ],
    "Keywords": [
        "Facial features",
        "Tracking System",
        "Learning Algorithms",
        "Biometric Systems",
        "Cameras",
        "Facial Recognition Technology",
        "eigenfaces",
        "System Performance",
        "Research And Development",
        "fisherfaces",
        "Convolutional Neural Network",
        "Cybersecurity",
        "Recognition Process",
        "Microcontroller Board",
        "Face Recognition",
        "Face Detection",
        "Multi-core",
        "Face Orientation",
        "Face Recognition Task",
        "Object Detection",
        "face recognition",
        "Video Surveillance",
        "Face recognition",
        "Classification algorithms",
        "Recognition System",
        "Automatic Recognition",
        "Detection Stage",
        "Local Histogram",
        "Lighting",
        "Machine learning algorithms",
        "Recognition Accuracy",
        "Robustness",
        "Neural Network",
        "Greater Accuracy",
        "Light Conditions",
        "Facial Features",
        "Protagonist",
        "Haar classifiers"
    ]
}