{
    "Title": "The Indoor People Tracking and Counting System",
    "Authors": [
        "Hao-Pu Lin",
        "Chin-Chuan Han",
        "Jun-Wei Liao",
        "Chong-Han Ciou",
        "Yi-Cheng Hong",
        "Ming-Lun Tan"
    ],
    "Date": "2023-11-27",
    "Institution": [
        "National United University"
    ],
    "City": [
        "MiaoLi"
    ],
    "Country": [
        "Taiwan"
    ],
    "Keywords": [
        "Buildings",
        "Deep Learning",
        "Density Map",
        "Tree Detection",
        "Epidemics",
        "Computer Vision",
        "Image Size",
        "People In Areas",
        "Real-time Access",
        "QR Code",
        "RGB Images",
        "System performance",
        "Travel History",
        "Execution Environment",
        "Real-time systems",
        "Source Task",
        "Number Of People",
        "Temperature Measurements",
        "Convolution",
        "Personal Information",
        "Bounding Box",
        "Rectangular Box",
        "Task Scheduling",
        "Hardware",
        "Pedestrian Detection",
        "Body Temperature",
        "Video Data",
        "Deep Neural Network",
        "Medical Facilities",
        "Object Boxes",
        "Temperature measurement",
        "Thermometers",
        "RGB Camera",
        "Object Detection",
        "Deep Network",
        "You Only Look Once",
        "Face Detection"
    ]
}