{
    "Title": "Multiscale, Multiphysics Modeling and Simulation of Single-Event Effects in Digital Electronics: From Particles to Systems",
    "Authors": [
        "J. L. Autran",
        "D. Munteanu"
    ],
    "Date": null,
    "Institution": [
        "IM2NP (UMR 7334)",
        "IPR (UMR 6251)"
    ],
    "City": [
        "Rennes",
        "Marseille"
    ],
    "Country": [
        "France"
    ],
    "Keywords": [
        "Linear Energy Transfer",
        "Target Material",
        "Single Particle",
        "radiation transport codes",
        "Electron Hole Pairs",
        "Main Approaches",
        "Digital circuits",
        "Radiation effects",
        "Poisson Equation",
        "Multiphysics",
        "Electric Simulation",
        "Single event upsets",
        "Depletion Region",
        "single-event effects (SEEs)",
        "Static Random Access Memory",
        "digital circuits",
        "Circuit simulation",
        "Charge Collection",
        "Integrated circuit modeling",
        "Charge Transport",
        "Particle Tracking",
        "Energy Deposition",
        "Radiative Transfer",
        "Circuit Architecture",
        "Computational modeling",
        "Memory Cells",
        "Single Event Effects",
        "Transient Pulse",
        "Numerical Simulations",
        "compact models",
        "Current Pulse",
        "Circuit Simulation",
        "soft error rate (SER)",
        "transport models",
        "digital single-event transient (SET)",
        "Digital Circuits",
        "device modeling and simulation",
        "Compact Model",
        "Single event transients",
        "Charge Collection Efficiency",
        "radiation effects",
        "Combinational Logic",
        "Digital Technologies",
        "Circuit Level",
        "Particle Interactions"
    ]
}