{
    "Title": "H∞ Dynamic Output Feedback Control for TCP/AQM Network Systems",
    "Authors": [
        "Pengfei Ma",
        "Linlin Hou",
        "Haibin Sun"
    ],
    "Date": "2023-12-01",
    "Institution": [
        "Qufu Normal University"
    ],
    "City": [
        "Rizhao"
    ],
    "Country": [
        "China"
    ],
    "Keywords": [
        "PI Controller",
        "Fuzzy Model",
        "T-S fuzzy model",
        "Gain Control",
        "Symmetric Matrix",
        "Control theory",
        "Simulation",
        "Fuzzy System",
        "Lyapunov–Krasovskii Functional",
        "Stability analysis",
        "Nonlinear Model",
        "External Disturbances",
        "Fuzzy Rules",
        "dynamic output feedback controller",
        "H∞ performance",
        "Round-trip Time",
        "Fuzzy Control",
        "TCP/AQM network system",
        "System In This Paper",
        "Linear matrix inequalities",
        "Queue Length",
        "Exponential Stability",
        "Dynamic Control",
        "Output Control",
        "Dynamic Output Feedback Controller",
        "Sufficient conditions",
        "Linear Matrix Inequalities",
        "Output Feedback Control",
        "Schur Complement",
        "Output feedback",
        "Time Delay",
        "Control Gain Matrix",
        "Linear Matrix Inequality Technique",
        "Network System",
        "Network Congestion",
        "Delay effects"
    ]
}