{
    "Title": "Transforming Big Data: A Novel Arithmetic Compression Method Based on Symbol Frequency",
    "Authors": [
        "Andrii Yarmilko",
        "Inna Rozlomii",
        "Yuliia Mysiura"
    ],
    "Date": "2023-11-27",
    "Institution": [
        "Bohdan Khmelnytsky National University of Cherkasy"
    ],
    "City": [
        "Cherkasy"
    ],
    "Country": [
        "Ukraine"
    ],
    "Keywords": [
        "Compression Approach",
        "Amount Of Information",
        "Embossing",
        "Volume Of Data",
        "digital data processing",
        "Applications In Various Areas",
        "arithmetic compression",
        "Type Of Integration",
        "Data integrity",
        "Large Volumes Of Data",
        "Stability analysis",
        "Data models",
        "Compression Efficiency",
        "Block Size",
        "Computer science",
        "Compression Method",
        "Frequency Analysis",
        "Probabilistic Model",
        "Data Block",
        "Symbols",
        "compression efficiency",
        "Degree Of Compression",
        "Symbol Frequency",
        "adaptive model",
        "Data Storage",
        "data encoding",
        "Mathematical Operations",
        "Real Numbers",
        "Frequency conversion",
        "Source Code",
        "big data",
        "Arithmetic Method",
        "Arithmetic Coding",
        "Software Capabilities",
        "frequency analysis",
        "Big Data"
    ]
}