{
    "Title": "Deep Unfolded Fractional Programming-Based Beamforming in RIS-Aided MISO Systems",
    "Authors": [
        "Wenchao Xia",
        "Yajing Jiang",
        "Ben Zhao",
        "Haitao Zhao",
        "Hongbo Zhu"
    ],
    "Date": null,
    "Institution": [
        "Nanjing University of Posts and Telecommunications"
    ],
    "City": [
        "Nanjing"
    ],
    "Country": [
        "China"
    ],
    "Keywords": [
        "Beamforming Vector",
        "Coordinate Descent Method",
        "Iterative algorithms",
        "Reconfigurable Intelligent Surface",
        "RIS",
        "Trainable Parameters",
        "Channel Realizations",
        "Block Coordinate Descent",
        "Iterative Process",
        "Joint Optimization",
        "Computational complexity",
        "Optimization Algorithm",
        "Multiple-input Single-output",
        "Computation Latency",
        "Step Size",
        "MISO communication",
        "Artificial neural networks",
        "Phase Shift",
        "Non-convex Problem",
        "Signal-to-interference-plus-noise Ratio",
        "Deep Neural Network",
        "deep unfolding",
        "Array signal processing",
        "High Latency",
        "Phase Vector",
        "Additive Noise",
        "beamforming",
        "Optimization",
        "Computational Complexity",
        "fractional programming",
        "Invertible",
        "Projected Gradient Descent",
        "Wireless",
        "Linear programming",
        "Alternating Optimization Algorithm",
        "Neural Network",
        "Scalable"
    ]
}