{
    "Title": "Design of power cycling for reliability testing of LED systems: Numerical and analytical approach",
    "Authors": [
        "Lisa Mitterhuber",
        "Julien Magnien",
        "Elke Kraker"
    ],
    "Date": "2023-11-24",
    "Institution": [
        "Materials Center Leoben Forschung GmbH"
    ],
    "City": [
        "Leoben"
    ],
    "Country": [
        "Austria"
    ],
    "Keywords": [
        "thermal transient calculation",
        "Thermal analysis",
        "Numerical Approach",
        "Heat Capacity",
        "Thermal Resistance",
        "Numerical Simulations",
        "Single Pulse",
        "Pulse Wave",
        "100th Cycle",
        "Numerical models",
        "Lifetime Model",
        "Average Temperature",
        "Transient Response",
        "Heat Accumulation",
        "Junction Temperature",
        "Thermal Model",
        "temperature accumulation",
        "Light-emitting Diode System",
        "reliability",
        "Heat Sink",
        "Computational Analysis",
        "Forward Bias",
        "Light emitting diodes",
        "Pulse Width",
        "Temperature measurement",
        "lifetime estimation",
        "Three-dimensional Numerical Model",
        "Thermal Stress",
        "Reaction Temperature",
        "Step Function",
        "Thermal Network",
        "Light-emitting Diode Chip",
        "Heat Source",
        "Thermal force",
        "Power Cycling",
        "Structure Function",
        "Performance evaluation",
        "Duty Cycle",
        "power cycling",
        "Visualization",
        "Thermal Response",
        "Highest Error"
    ]
}