{
    "Title": "NOMA Based Multiuser Uplink Signalling with Energy Harvesting IoT Nodes",
    "Authors": [
        "Rajiv Kumar",
        "Mayank Gupta",
        "Kamal Agrawal",
        "Shankar Prakriya"
    ],
    "Date": "2023-11-22",
    "Institution": [
        "Indian Institute of Technology Delhi"
    ],
    "City": [
        "New Delhi"
    ],
    "Country": [
        "India"
    ],
    "Keywords": [
        "Wireless Power",
        "Non-orthogonal Multiple Access",
        "Target Rate",
        "User Selection",
        "Quasi-concave",
        "Energy Harvesting",
        "time-switching (TS)",
        "Orthogonal Multiple Access",
        "Channel Coefficients",
        "Channel Gain",
        "throughput",
        "Random Variables",
        "Internet Of Things",
        "Power system reliability",
        "System Throughput",
        "Highest Signal-to-noise Ratio",
        "Probability",
        "Internet Of Things Nodes",
        "non-orthogonal multiple access (NOMA)",
        "Throughput",
        "Probability Density Function",
        "Spectral efficiency",
        "Information Transmission",
        "Outage Probability",
        "Energy harvesting (EH)",
        "Unlicensed Spectrum",
        "outage probability",
        "Network Performance",
        "Performance evaluation",
        "Order Statistics",
        "Internet Of Things Devices",
        "User Pairing",
        "Successive Interference Cancellation",
        "Protocols",
        "Communication Nodes",
        "NOMA"
    ]
}