{
    "Title": "Adaptive Path-Following Control for Ground Vehicles Using a Switching Non-Quadratic Lyapunov Function",
    "Authors": [
        "Xingyu Zhou",
        "Zejiang Wang",
        "Junmin Wang"
    ],
    "Date": "2023-11-29",
    "Institution": [
        "Oak Ridge",
        "Austin"
    ],
    "City": [
        "TN",
        "TX"
    ],
    "Country": [
        "USA"
    ],
    "Keywords": [
        "High Level Of Control",
        "Transient Performance",
        "Transfer Function",
        "Path Following",
        "Land vehicles",
        "Autonomous Driving",
        "Reference Model",
        "Control System",
        "Hierarchical Architecture",
        "Switches",
        "Uncertainty",
        "Hierarchical Control",
        "Closed-loop Stability",
        "Stability analysis",
        "Path-following Control",
        "Optimal Control",
        "Intelligent Vehicles",
        "Lyapunov Function",
        "Convergence Of The Tracking Error",
        "Closed-loop System",
        "Yaw Rate",
        "Tracking Error",
        "Switching Non-Quadratic Lyapunov Function",
        "Uniformly Continuous",
        "Standards",
        "Global Stability",
        "Tracking Performance",
        "Linear Model",
        "Adaptive control",
        "Update Law",
        "Matching Condition",
        "Linear Matrix Inequalities",
        "Adaptive System",
        "Quadratic Lyapunov Function",
        "Robust Control",
        "Parameter Uncertainty",
        "Switching Function",
        "Ground Vehicles",
        "Adaptive Control",
        "Transient analysis"
    ]
}