{
    "Title": "Joint Probabilistic Data Fusion for Pedestrian Detection in Multimodal Images",
    "Authors": [
        "Zuhaib Ahmed Shaikh",
        "David Van Hamme",
        "Peter Veelaert",
        "Wilfried Philips"
    ],
    "Date": "2023-11-28",
    "Institution": [
        "Ghent University - imec"
    ],
    "City": [
        "Ghent"
    ],
    "Country": [
        "Belgium"
    ],
    "Keywords": [
        "Late Fusion",
        "Decision-level Fusion",
        "Use Of Sensors",
        "Visualization",
        "Annotated Dataset",
        "Pixel Level",
        "Joint Probability",
        "Detection Probability",
        "Thermal sensors",
        "Probabilistic fusion",
        "Multiple Sensors",
        "Detectors",
        "Data integration",
        "Sensor fusion",
        "Kalman Filter",
        "Fusion Method",
        "Pedestrians",
        "Covariance Matrix",
        "Vision Sensors",
        "Infrared Imaging",
        "Non-maximum Suppression",
        "Heterogeneous Sensors",
        "Fusion Process",
        "Probabilistic logic",
        "Pedestrian Detection",
        "Feature-level Fusion",
        "Data Fusion",
        "Image color analysis",
        "Late fusion",
        "Single Sensor",
        "Probability Of Association",
        "Sensor Data",
        "Fine Registration",
        "Color Images"
    ]
}