{
    "Title": "Prediction of Active Cases of COVID-19 Based on small-scale-KNN-LSTM",
    "Authors": [
        "Xudong Liu",
        "Wei Wang",
        "Bohan Hou",
        "Ning Feng"
    ],
    "Date": "2023-12-01",
    "Institution": [
        "Chinese Center for Disease Control and Prevention",
        "Beijing University of Technology"
    ],
    "City": [
        "Beijing"
    ],
    "Country": [
        "China"
    ],
    "Keywords": [
        "COVID-19 Vaccine",
        "Severe Acute Respiratory Syndrome Coronavirus 2",
        "Cases In Africa",
        "Mechanistic Model",
        "Predictive models",
        "K-nearest Neighbor",
        "Fill Method",
        "Prediction Accuracy",
        "Prediction Of Cases",
        "Model In This Paper",
        "Market research",
        "Predictive Efficacy",
        "Convolutional Neural Network",
        "South Africa",
        "Effective Method",
        "anomaly detection",
        "Missing Values",
        "Government Intervention",
        "Number Of Cases",
        "Epidemic Trends",
        "Support Vector Machine",
        "Anomaly Data",
        "KNN",
        "Nested modeling",
        "LSTM",
        "Data In Africa",
        "COVID-19",
        "Prediction algorithms",
        "Missing Value Imputation",
        "Exponential Function",
        "Interpolation",
        "Short-term Memory",
        "Africa",
        "Long Short-term Memory",
        "Complete Vaccination",
        "Filling",
        "Lower Bound",
        "Number Of Active Cases",
        "Anomaly Detection",
        "Transmission Rate"
    ]
}