{
    "Title": "A Cloud-based Real-Time Traffic Monitoring System with Lidar-based Vehicle Detection",
    "Authors": [
        "Alexander Rose",
        "Icess Nisce",
        "Alondra Gonzalez",
        "Matthew Davis",
        "Brian Uribe",
        "Javier Carranza",
        "Jose Flores",
        "Xudong Jia",
        "Bingbing Li",
        "Xunfei Jiang"
    ],
    "Date": "2023-11-22",
    "Institution": [
        "Northridge Northridge",
        "Northridge"
    ],
    "City": [
        "CA"
    ],
    "Country": [
        "USA"
    ],
    "Keywords": [
        "Vehicle detection",
        "Vehicle Density",
        "3D LiDAR",
        "Traffic Flow",
        "Real-time Streaming",
        "Depth Camera",
        "Cameras",
        "3D Data",
        "vehicle detection",
        "Training Set",
        "2D Model",
        "Point Cloud Data",
        "LiDAR",
        "machine learning",
        "Three-dimensional displays",
        "intelligent transportation systems",
        "Real-time Detection",
        "Solid modeling",
        "Traffic System",
        "2D Datasets",
        "Intelligent Transportation Systems",
        "Amazon Web Services",
        "Object Detection",
        "Present Data",
        "Vehicle Type",
        "Machine Learning",
        "Web Application",
        "Streaming media",
        "Machine learning",
        "Vehicle Detection",
        "Traffic Data",
        "Web Development",
        "Real-Time System",
        "Adverse Weather Conditions",
        "Transportation",
        "Machine Learning Models",
        "3D Datasets",
        "Bounding Box",
        "You Only Look Once",
        "Traffic Monitoring System"
    ]
}