{
    "Title": "A 54-nA Quiescent Current Capless LDO With −39-dB PSRR at 1 MHz Using a Load-Tracking Bandwidth Extension Technique",
    "Authors": [
        "Taehyun Kim",
        "Byeongik Kim",
        "Jeongjin Roh"
    ],
    "Date": null,
    "Institution": [
        "Hanyang University"
    ],
    "City": [
        "Ansan"
    ],
    "Country": [
        "South Korea"
    ],
    "Keywords": [
        "Phase Margin",
        "Load Current",
        "Fast Path",
        "Low-dropout regulator (LDO)",
        "low-quiescent current",
        "Adaptive Bias",
        "Square Root",
        "capacitor-less LDO",
        "Circuit stability",
        "Heavy Load",
        "Light Stability",
        "Feedforward systems",
        "Power Supply Rejection Ratio",
        "Figure Of Merit",
        "Light Load",
        "Compensation Capacitor",
        "Feedforward Compensation",
        "Adaptive Control",
        "Transient Performance",
        "Transistors",
        "Wide Bandwidth",
        "Transient analysis",
        "Loading Conditions",
        "Transient Time",
        "Internet Of Things Devices",
        "Thermal stability",
        "Internet Of Things",
        "Light Load Conditions",
        "Small Capacity",
        "Quiescent Current",
        "Test Bench",
        "Conventional Structure",
        "Bandwidth Extension",
        "Bandwidth",
        "Turn Off",
        "Transconductance",
        "power supply rejection ratio (PSRR)",
        "Light Conditions",
        "Capacitors",
        "Bias Current",
        "Low-dropout Regulator"
    ]
}