{
    "Title": "An Alternative Learning Management System to Improve the Learning Accessibility of Merdeka Curriculum",
    "Authors": [
        "Dila Umnia Soraya",
        "Syaad Patmanthara",
        "Akhmad Bagus Satrio",
        "Gres Dyah Kusuma Ningrum"
    ],
    "Date": "2023-12-06",
    "Institution": [
        "State University of Malang"
    ],
    "City": [
        "Malang"
    ],
    "Country": [
        "Indonesia"
    ],
    "Keywords": [
        "Revision Process",
        "Instrument Items",
        "Mobile Learning",
        "Processing Field",
        "Previous Stage",
        "Data analysis",
        "Informatics",
        "Learning Sites",
        "Learning Process",
        "Learning management systems",
        "Observation Results",
        "Vocational School",
        "accessibility",
        "learning management system",
        "Mobile learning",
        "Media",
        "Merdeka curriculum",
        "Learning Management System",
        "Increase In Availability",
        "Discussion forums",
        "Local Network",
        "Vocational High School",
        "Student Access",
        "Learning Materials",
        "Internet Access"
    ]
}