{
    "Title": "A Model for the Analytical Performance of Data Lake in Stock Market Analysis with Databricks Delta Lake",
    "Authors": [
        "S. Kamalakkannan",
        "A. Yasmin",
        "Arunkumar. R",
        "P. Kavitha"
    ],
    "Date": "2023-12-06",
    "Institution": [
        "JBAS College for women",
        "Pallavaram",
        "University of South Wales"
    ],
    "City": [
        "Chennai",
        "Treforest/Newport Campus"
    ],
    "Country": [
        "United Kingdom",
        "India"
    ],
    "Keywords": [
        "Writing",
        "kNN Model",
        "Lakes",
        "ADLSG2",
        "Volume Of Data",
        "ELT",
        "Deep Learning Models",
        "Original Price",
        "stock market",
        "Forecasting",
        "Big Data applications",
        "LSTM",
        "Deep Learning Techniques",
        "Data Lake",
        "Delta Lake",
        "Cloud computing",
        "Apache Spark",
        "Stock Market Data",
        "Data Processing",
        "CPU Usage",
        "Mean Absolute Percentage Error",
        "Error Rate Performance",
        "Big data analytics",
        "Apache spark",
        "Costs",
        "Financial Services Industry",
        "Stock Market",
        "Mean Absolute Error",
        "Machine Learning Techniques",
        "Data Warehouse",
        "Stock Market Analysis",
        "Databricks Delta Lake",
        "Memory Usage",
        "Batch Mode",
        "Big Data Analytics",
        "Stock Price",
        "Fibonacci retracement",
        "CPU Utilization",
        "Load Data",
        "Runtime",
        "Cluster computing",
        "Data Sources",
        "Huge Volume Of Data",
        "Big Data",
        "Error Rate"
    ]
}