{
    "Title": "Development of an Educational Game Visual Novel Introduction to Traditional Dance Based on Android: Case Study of Typical Dance of Lombok Island",
    "Authors": [
        "Dyah Susilowati",
        "Dian Syafitri Chani Saputri",
        "Abdul Rahim",
        "Tomi Tri Sujaka",
        "Helna Wardhana",
        "Sausan Husnita",
        "Melati Rosanensi",
        "Kartarina Augustin"
    ],
    "Date": "2023-12-04",
    "Institution": [
        "Bumigora University"
    ],
    "City": [
        "Mataram"
    ],
    "Country": [
        "Indonesia"
    ],
    "Keywords": [
        "Study Subjects",
        "Data collection",
        "Narrative",
        "Depth Of Material",
        "Purposive Sampling Technique",
        "Early Education",
        "traditional dance",
        "Usability",
        "Humanities",
        "Previous Research Results",
        "Android Application",
        "Elementary School Students",
        "Game Users",
        "Lombok Island",
        "educational game",
        "Video Games",
        "Google Play Store",
        "android",
        "Effects Of Games",
        "Instruments",
        "User Satisfaction",
        "Media Literacy",
        "Research Results",
        "visual novel",
        "Data Collection Instruments",
        "Visual Learning",
        "Media",
        "Traditional Dance",
        "Animal Imaging",
        "Visualization",
        "Games",
        "Mass Media",
        "Black Box"
    ]
}