{
    "Title": "Machine Learning Based Approaches for Cough Detection From Acceleration Signal",
    "Authors": [
        "Ines Belhaj Messaoud",
        "Elyes Ben Cheikh",
        "Assaad Chiboub",
        "Karim Loulou",
        "Youssef Ouakrim",
        "Sofia Ben Jebara",
        "Philippe C. Dixon",
        "Neila Mezghani"
    ],
    "Date": "2023-12-06",
    "Institution": [
        "TELUQ university",
        "University of Tunis El Manar",
        "CHUM research center",
        "University of carthage",
        "University of Montreal"
    ],
    "City": [
        "Tunis",
        "Montréal"
    ],
    "Country": [
        "CANADA",
        "TUNISIA"
    ],
    "Keywords": [
        "Monitoring",
        "Hyperparameter Tuning",
        "Traditional Machine Learning Methods",
        "Raw Data",
        "Convolutional Layers",
        "Time Domain",
        "Deep Learning",
        "Acceleration Data",
        "Accelerometers",
        "Sniffles",
        "Cough detection",
        "Early Detection Of Infection",
        "supervised classification",
        "Accelerometer Measurements",
        "Hyperparameters",
        "Data Preparation",
        "Patterns In Data",
        "Synthetic Minority Oversampling Technique",
        "Laughter",
        "Lower Respiratory Tract Infections",
        "connected textile sensors",
        "Machine Learning Models",
        "acceleration signals",
        "Textiles",
        "Acceleration Signal",
        "Regularization Term",
        "Leaf Node",
        "Machine Learning-based Methods",
        "Gradient Boosting",
        "Mel-frequency Cepstral Coefficients",
        "Convolutional Neural Network",
        "Convolutional Neural Network Architecture",
        "Deep learning",
        "XGBoost Model",
        "Support Vector Machine",
        "Machine Learning",
        "Neural Network",
        "Physiological Sensors"
    ]
}