{
    "Title": "Scatter and Beam Hardening Correction of Cone Beam CT with a Convolutional Neural Network",
    "Authors": [
        "S. Yagi",
        "K. Usui",
        "K. Ogawa"
    ],
    "Date": "2023-12-13",
    "Institution": [
        "Hosei University",
        "Juntendo University"
    ],
    "City": [
        "Tokyo"
    ],
    "Country": [
        "Japan"
    ],
    "Keywords": [
        "Cone Beam",
        "Particle beams",
        "X-rays",
        "Convolutional Neural Network",
        "Computed tomography",
        "Project Data",
        "Scattering",
        "Beam Hardening",
        "Radiation hardening (electronics)",
        "Radiation therapy",
        "Training data"
    ]
}