{
    "Title": "Damping Injection Learning for Robots with Actor-Critic Driven by Integral Sliding Manifolds",
    "Authors": [
        "Alejandro Tevera-Ruiz",
        "Rodolfo Garcia-Rodriguez",
        "Vicente Parra-Vega"
    ],
    "Date": "2023-12-05",
    "Institution": [
        "Robotics and Advanced Manufacture-CINVESTAV",
        "Postgraduate Program in Aerospace Engineering"
    ],
    "City": [
        "Univ. Politécnica Metropolitana de Hidalgo",
        "Saltillo"
    ],
    "Country": [
        "Mexico"
    ],
    "Keywords": [
        "Learning Process",
        "Markov Decision Process",
        "Robot Dynamics",
        "Robot Manipulator",
        "Adaptive Law",
        "Model-free Reinforcement Learning",
        "Asymptotic stability",
        "Stability Analysis",
        "Self-tuning",
        "Stability analysis",
        "Recollection",
        "Robot",
        "Finite Time",
        "Measurement",
        "Damping",
        "Function Approximation",
        "Local Convergence",
        "Temporal Differences",
        "Asymptotically Stable",
        "Tracking Error",
        "Learning Mechanisms",
        "Convergence Of Error",
        "Computational modeling",
        "Dynamic Programming",
        "Sliding Mode",
        "Expert Users",
        "Proportional-integral-derivative",
        "Damping Injection",
        "Feedback Gain",
        "Orthogonal Basis",
        "Weight Vector",
        "Adaptation models",
        "Invariant Manifold",
        "Actor Critic",
        "Artificial neural networks",
        "Presence Of Disturbances",
        "Integral Sliding",
        "Value Function",
        "Centrifugal Force",
        "Motor Learning"
    ]
}