{
    "Title": "Helping Hand: An Interactive Mobile Application Featuring Underprivileged People Assistance With Donation and Beneficiary Selection Facilities",
    "Authors": [
        "Mahfuzulhoq Chowdhury",
        "Alve Ahmad"
    ],
    "Date": "2023-12-07",
    "Institution": [
        "Chittagong Univ. of Eng. and Tech."
    ],
    "City": [
        "Chittagong"
    ],
    "Country": [
        "Bangladesh"
    ],
    "Keywords": [
        "Security",
        "Donation",
        "Social Safety Net",
        "Emergency Help",
        "Mobile applications",
        "Police Reports",
        "Vulnerable Individuals",
        "Food Prices",
        "Home Page",
        "Voluntary Organisations",
        "Police Reporting",
        "Fourth Place",
        "Poverty Rate",
        "Underprivileged People Assistance",
        "Organizations",
        "Charitable Organizations",
        "Standards organizations",
        "Add Rating",
        "Support For People",
        "Food Donations",
        "Mobile Application",
        "Housing Conditions",
        "Underprivileged People",
        "Mobile App",
        "Blood Donors",
        "Law enforcement",
        "Medical services",
        "Poor Income",
        "Poor People",
        "Deep learning",
        "Monthly Income",
        "Selection Of Beneficiaries",
        "Beneficiary Selection",
        "Interactive Mobile Application"
    ]
}