{
    "Title": "Multi-Objective Topology Reconfiguration Strategy for Promoting PV Consumption of Distribution Systems",
    "Authors": [
        "Zhengxing Ren",
        "Xiaodong Chu",
        "Hua Ye"
    ],
    "Date": "2023-12-06",
    "Institution": [
        "Shandong University"
    ],
    "City": [
        "Jinan"
    ],
    "Country": [
        "China"
    ],
    "Keywords": [
        "Node Voltage",
        "topology reconfiguration",
        "Low-carbon",
        "Layer Model",
        "Topology Reconfiguration",
        "Network Cost",
        "Multi-objective Particle Swarm Optimization",
        "Evaluation Indicators",
        "Dynamic Reconfiguration",
        "Power quality",
        "Switching States",
        "Root Node",
        "Distribution system",
        "Security",
        "Multi-objective Model",
        "Voltage",
        "Topology",
        "Flow Distribution",
        "Photovoltaic System",
        "Distribution System",
        "Photovoltaic Consumption",
        "Operating System",
        "Generation Cost",
        "multi-objective optimization",
        "Particle Swarm",
        "Non-dominated Solutions",
        "Multi-objective Optimization",
        "Judgment Matrix",
        "Power Quality",
        "Reconfiguration Strategy",
        "Pareto optimization",
        "Decision Variables",
        "Topology Optimization",
        "multi-criteria decision",
        "Matrix Elements",
        "Power Generation",
        "Time Nodes",
        "Grey Relational Analysis",
        "Photovoltaic Plant",
        "Photovoltaic systems",
        "Particle swarm optimization",
        "photovoltaic"
    ]
}