{
    "Title": "A Review of Cyberbullying Detection Techniques and Exploration of Governance Strategies",
    "Authors": [
        "Xiangqin Dai",
        "Mohd Najwadi Yusoff",
        "Xiangguang Dai",
        "Yi Yang",
        "Minkang Liu",
        "Bingli Zhu"
    ],
    "Date": "2023-12-12",
    "Institution": [
        "Universiti Sains Malaysia",
        "Chongqing Three Gorges University"
    ],
    "City": [
        "Pulau Pinang",
        "Chongqing"
    ],
    "Country": [
        "Malaysia",
        "China"
    ],
    "Keywords": [
        "Area Approach",
        "Physical Health",
        "Deep Learning",
        "Machine learning",
        "Supervised Learning",
        "Cybercrime",
        "Bullying Behaviors",
        "Cyberbullying Governance",
        "Synthetic Minority Oversampling Technique",
        "Internet Service Providers",
        "Detection Methods",
        "Social Networking Sites",
        "Cloud computing",
        "Cybersecurity",
        "Textual Features",
        "Instagram",
        "F1 Score",
        "Sequential Minimal Optimization",
        "Attention Mechanism",
        "Transfer Learning",
        "Cyberspace",
        "Cyberbullying Detection Techniques",
        "Cyberbullying",
        "Convolutional Neural Network",
        "Digital Era",
        "Named Entity Recognition",
        "Support Vector Machine",
        "Long Short-term Memory",
        "Social Networks",
        "Surveys",
        "Machine Learning",
        "Stochastic Gradient Descent",
        "Extreme Learning Machine"
    ]
}