{
    "Title": "Gradient based Information Aggregation of GNN for Precoder Learning",
    "Authors": [
        "Shiyong Chen",
        "Shengqian Han",
        "Yang Li"
    ],
    "Date": "2023-12-11",
    "Institution": [
        "Beihang University"
    ],
    "City": [
        "Beijing"
    ],
    "Country": [
        "China"
    ],
    "Keywords": [
        "GNN",
        "Sum Rate",
        "Equivalent Properties",
        "Space Complexity",
        "Permutation Matrix",
        "Complex Training",
        "Behavioral sciences",
        "Time Complexity",
        "precoder",
        "Iterative Gradient Descent",
        "Simulation",
        "gradient descent",
        "Activation Function",
        "information aggregation",
        "Precoding Vector",
        "Gradient Descent",
        "Behavior Of Algorithm",
        "Learning Performance",
        "Gradient Descent Algorithm",
        "Trainable Parameters",
        "Optimization",
        "Graph neural networks",
        "User Equipment",
        "Types Of Vertices",
        "Optimization Algorithm",
        "Information Aggregation",
        "Different Numbers Of Samples",
        "Convolutional Neural Network",
        "Mathematical models",
        "Hidden Representation",
        "Generalization Performance",
        "Numerical Algorithm",
        "Neural Network",
        "Vehicular and wireless technologies",
        "Numerical models",
        "Graph Neural Networks"
    ]
}