{
    "Title": "Designing Researchmap: A Revolutionary Scholar Support Platform Achieved Through Human-AI Collaboration",
    "Authors": [
        "Noriko H. Arai",
        "Ryuji Masukawa",
        "Hiroshi Miyashita"
    ],
    "Date": "2023-12-04",
    "Institution": [
        "Ltd.",
        "National Institute of Informatics"
    ],
    "City": [
        "Tokyo"
    ],
    "Country": [
        "Japan"
    ],
    "Keywords": [
        "Collaboration",
        "Training data",
        "Artificial Intelligence Models",
        "Human-AI collaboration",
        "Competitive Funding",
        "SaaS",
        "Technology Investment",
        "Scientific Progress",
        "Citation Counts",
        "API",
        "F1 Score",
        "Technology Policy",
        "Policy Research",
        "Training Data",
        "Japanese Research",
        "Research Output",
        "scholar support system",
        "Software as a service",
        "Human intelligence",
        "Performance Of Artificial Intelligence",
        "User-friendly Interface",
        "Sociology",
        "Basic Information",
        "Technological innovation",
        "Support Platform",
        "Artificial intelligence",
        "Research Funding",
        "User Engagement",
        "Science And Technology",
        "Artificial Intelligence Systems",
        "human-AI Collaboration",
        "Recommender Systems"
    ]
}