{
    "Title": "Prototype Design of Automatic Switching Speed of Exhaust Fan For Indoor Air Quality Control With Warning Alarm System Based on IoT",
    "Authors": [
        "Ahmad Fauzan Adziimaa",
        "Egik Ardiatmajaya",
        "Riski Mulyaning Utami"
    ],
    "Date": "2023-12-06",
    "Institution": [
        "Sepuluh Nopember Institute of Technology"
    ],
    "City": [
        "Surabaya"
    ],
    "Country": [
        "Indonesia"
    ],
    "Keywords": [
        "Temperature sensors",
        "Warning alarm system",
        "R2 Values",
        "Control System",
        "Actuator",
        "Speed Level",
        "Sensor Readings",
        "Carbon Dioxide",
        "Influenza-like Illness",
        "Switching",
        "Arduino",
        "Indoor Air Quality",
        "Exhaust fan",
        "Carbon dioxide",
        "Fans",
        "Air Quality Control",
        "Temperature measurement",
        "Exhaust Fan",
        "Linear Graph",
        "Alarm systems",
        "CO2 Concentration",
        "Air Flow Rate",
        "Automatic Speed",
        "Online Monitoring",
        "Air Pollution",
        "Air Quality",
        "CO2 Sensor",
        "Indoor Air",
        "On-Off control system",
        "Formation Of CO2",
        "Indoor Air Pollution",
        "Switches",
        "Humidity",
        "Sensor Values",
        "Performance Of Control System"
    ]
}