{
    "Title": "Industrial IoT: Overview, Enabled Technologies, Recent Case Studies & Challenges",
    "Authors": [
        "Nirdosh Gandhi",
        "Prashant Giridhar Shambharkar"
    ],
    "Date": "2023-12-11",
    "Institution": [
        "Delhi Technological University"
    ],
    "City": [
        "Delhi"
    ],
    "Country": [
        "India"
    ],
    "Keywords": [
        "Smart cities",
        "Wireless sensor networks",
        "Jet Engine",
        "Control System",
        "RFID",
        "Artificial Intelligence Technology",
        "Internet Of Things Technology",
        "Smart City",
        "Industry 4.0",
        "Industrial Internet Of Things",
        "Real-time systems",
        "Industrial Systems",
        "Global Positioning System(GPS)",
        "Internet Of Things Applications",
        "Artificial Intelligence",
        "Internet Of Things",
        "Programmable Logic Controllers",
        "Industrial Internet of Things",
        "Global Positioning System",
        "Cloud computing",
        "Ubiquitous computing",
        "Cyber-physical Systems",
        "Sensors",
        "Intelligent Devices",
        "Advanced Driver Assistance Systems",
        "Wireless Sensor Networks",
        "Research initiatives",
        "Product Customer",
        "Internet Of Things Devices",
        "Radio Frequency Identification",
        "Supply Chain",
        "Blockchain Technology",
        "Internet Of Things Systems",
        "Cloud Computing",
        "Blockchain",
        "Cyber Physical System(CPS)",
        "Internet Of Things Platform",
        "Edge Server",
        "Digital Twin",
        "Surveys",
        "Ubiquitous Computing",
        "Big Data",
        "M2M Technology",
        "Computer architecture"
    ]
}