{
    "Title": "A Queuing Model for Computer-Communication Network Under Catastrophic Events and Retransmission of Dropped Packets",
    "Authors": [
        "Rakesh Kumar",
        "Sapana Sharma",
        "Pradeep Singh"
    ],
    "Date": "2023-12-18",
    "Institution": [
        "and Actuarial Science",
        "Maharishi Markandeshwar (Deemed to be University)"
    ],
    "City": [
        "Namibia University of Science and Technology",
        "Ambala"
    ],
    "Country": [
        "Windhoek",
        "Haryana"
    ],
    "Keywords": [
        "Service Rate",
        "Viral Attack",
        "Transient State",
        "Computer",
        "Catastrophic Events",
        "Queueing analysis",
        "Presence Of Network",
        "Restoration Time",
        "Supply Chain System",
        "Behavioral sciences",
        "Feedback",
        "Analytical models",
        "Transmission Control Protocol",
        "Time-dependent behavior",
        "Runge Kutta",
        "Time-dependent Probability",
        "Presence Of Attacks",
        "Broadband Network",
        "Computer viruses",
        "Correlated input",
        "Single Server",
        "Computational modeling",
        "Packet Loss",
        "Exponential Distribution",
        "Restoration",
        "Communication Network",
        "Model Analysis",
        "Service Time",
        "Arrival Process",
        "Correction Process",
        "Catastrophe",
        "Queueing System",
        "Network Congestion",
        "Communication network",
        "Sensitivity analysis",
        "Communications technology"
    ]
}