{
    "Title": "Introducing Quantum Computing in a Sophomore Signals and Systems Course",
    "Authors": [
        "Chao Wang",
        "Aradhita Sharma",
        "Glen Uehara",
        "Leslie Miller",
        "Deep Pujara",
        "Wendy Barnard",
        "Jean Larson",
        "Andreas Spanias"
    ],
    "Date": "2024-01-05",
    "Institution": [
        "Tempe"
    ],
    "City": [
        "AZ"
    ],
    "Country": [
        "USA"
    ],
    "Keywords": [
        "Signals and Systems",
        "Fourier Transform",
        "Frequency Components",
        "Science And Technology",
        "Undergraduate",
        "Simulation",
        "Master’s Degree",
        "Effect Of Noise",
        "Online Simulation",
        "Quantization Noise",
        "Digital Signal Processing",
        "Quantum mechanics",
        "Quantum Technologies",
        "Qubit",
        "Signal Representation",
        "Computational modeling",
        "Quantum Noise",
        "Systems Theory",
        "Electrical Engineering",
        "Quantum Computing",
        "Quantum Fourier Transforms",
        "Digital signal processing",
        "Fast Fourier transforms",
        "Software",
        "Image processing",
        "Computational Performance",
        "Quantum computing",
        "University Degree",
        "Quantum Information"
    ]
}