{
    "Title": "An idealized human cardiomyocyte finite element model for studying the interaction between the cross-bridge state and cell mechanical response *",
    "Authors": [
        "Taiwei Liu",
        "Sergey Simakov",
        "Fuyou Liang"
    ],
    "Date": "2023-12-11",
    "Institution": [
        "Marchuk Institute of Numerical Mathematics of the Russian Academy of Sciences",
        "Shanghai Jiao Tong University"
    ],
    "City": [
        "Shanghai",
        "Moscow"
    ],
    "Country": [
        "Russia",
        "China"
    ],
    "Keywords": [
        "Structural Analysis",
        "Static Analysis",
        "Stochastic Analysis",
        "Myocytes, Cardiac",
        "Actin-binding Site",
        "Heart",
        "Geometry",
        "State Structures",
        "Cardiomyocyte Model",
        "Power Stroke",
        "Cardiac disease",
        "Equivalent Stress",
        "Maximum And Minimum",
        "Mode Analysis",
        "Stochastic processes",
        "Thin Filaments",
        "Mechanical Response Of Cells",
        "Loading Conditions",
        "Myosin Heavy Chain",
        "Cross-bridge States",
        "Finite Element Analysis",
        "Mass Ratio",
        "Computational modeling",
        "Biological system modeling",
        "Human Cardiomyocytes",
        "Hypertrophic Cardiomyopathy",
        "Electrical Stimulation",
        "Humans",
        "Sarcomeres",
        "Cardiomyopathy",
        "Bridges",
        "Finite Element",
        "Passive Tension",
        "Resonance Frequency",
        "Myosin Heads"
    ]
}