{
    "Title": "Analysis of AC Receiving-end Fault Characteristics under MMC-MTDC Multi-combination Control Strategy",
    "Authors": [
        "Bo Xie",
        "Bingyuan Yang",
        "Yaguang Zhang",
        "Jiaxing Li"
    ],
    "Date": "2023-12-14",
    "Institution": [
        "Inner Mongolia"
    ],
    "City": [
        "Hohhot"
    ],
    "Country": [
        "China"
    ],
    "Keywords": [
        "Ring Topology",
        "Ac Grid",
        "Voltage Drop",
        "Short-circuit Current",
        "Dc System",
        "Fault Point",
        "Fault Occurrence",
        "Direct Current System",
        "Rated Voltage",
        "Distribution Coefficient",
        "Bus Voltage",
        "DC Line",
        "AC Fault Crossing",
        "DC Voltage",
        "Low voltage",
        "RTDS Simulation",
        "AC System",
        "System Voltage",
        "Modular Multilevel Converters",
        "Short-circuit Fault",
        "Negative Sequence",
        "Flexible System",
        "Control Strategy",
        "Multilevel Converter",
        "Power transmission",
        "Alternating Current",
        "Unbalanced Power",
        "Fault Characteristics",
        "Transmission System",
        "Contact Resistance",
        "High Voltage Direct Current",
        "Power system stability",
        "Negative Sequence Components",
        "Resistance",
        "Multilevel converters",
        "Network topology",
        "Output Current",
        "Reaction Scheme",
        "Fault Features",
        "Short-circuit currents",
        "Modular Multilevel Converter"
    ]
}