{
    "Title": "Hybrid Iron Loss Model for IPMSMs in Wide-Speed Range Applications",
    "Authors": [
        "Milica Banović",
        "Bratislav Iričanin",
        "Dejan Reljić",
        "Dejan Jerkan"
    ],
    "Date": "2023-12-15",
    "Institution": [
        "University of Belgrade",
        "University of Novi Sad"
    ],
    "City": [
        "Novi Sad",
        "Belgrade"
    ],
    "Country": [
        "Serbia"
    ],
    "Keywords": [
        "Hysteresis Loss",
        "Finite Element Analysis",
        "Magnetic Flux",
        "Total Loss",
        "iron loss",
        "Loss measurement",
        "Permanent Magnet",
        "loss distribution",
        "Flux Values",
        "Iron Loss Model",
        "Power Loss",
        "Preisach model",
        "FEA",
        "Wide Speed Range",
        "Magnetic Field",
        "Finite element analysis",
        "Predictive models",
        "Loss Model",
        "Waveform",
        "Finite Element",
        "Magnetic Circuit",
        "Finite Element Analysis Results",
        "Loss Of Components",
        "Iron",
        "Magnetic Field Strength",
        "Density measurement",
        "Synchronous Motor",
        "Loop Size",
        "Power Density",
        "IPMSM",
        "Iron Loss",
        "wide-speed range",
        "Loss Distribution",
        "Permanent Magnet Synchronous Motor",
        "Local Loss",
        "Magnetic hysteresis",
        "Eddy Current",
        "Mathematical models",
        "Hysteresis Loop",
        "Weight Function",
        "Ferromagnetic Materials"
    ]
}