{
    "Title": "Task-Specific Low-Power Beamforming MIMO Receiver Using 2-Bit Analog-to-Digital Converters",
    "Authors": [
        "Timur Zirtiloglu",
        "Peter Crary",
        "Eyyup Tasci",
        "Arslan Riaz",
        "Yonina C. Eldar",
        "Nir Shlezinger",
        "Rabia Tugce Yazicigil"
    ],
    "Date": "2023-12-18",
    "Institution": [
        "School of ECE",
        "Faculty of Math and CS",
        "ECE Department"
    ],
    "City": [
        "Boston University",
        "Ben-Gurion University of the Negev",
        "Weizmann Institute of Science"
    ],
    "Country": [
        "USA",
        "Israel"
    ],
    "Keywords": [
        "Noise Suppression",
        "Proximal Gradient",
        "Antenna Array",
        "Power demand",
        "Power Consumption",
        "Signal Processing",
        "Beamforming",
        "Hardware Complexity",
        "Iterative Optimization Algorithm",
        "Sparsity",
        "Array signal processing",
        "Successful Recovery",
        "Presence Of Interference",
        "Noise Figure",
        "Front End",
        "Digital signal processing",
        "Transimpedance Amplifier",
        "Signal Of Interest",
        "Receivers",
        "MIMO Receiver",
        "Powerful Hardware",
        "Solid state circuits",
        "Angle Of Arrival",
        "Radio frequency",
        "Spatial databases",
        "Vector Modulation",
        "Reduction In Power"
    ]
}