{
    "Title": "ANN Based Control of MPPT in a PV System",
    "Authors": [
        "Mohamed Ali Chemkhi",
        "Wahid Souhail",
        "Hedi Khammari"
    ],
    "Date": "2023-12-15",
    "Institution": [
        "National Engineering School of Monastir"
    ],
    "City": [
        "Monastir"
    ],
    "Country": [
        "Tunisia"
    ],
    "Keywords": [
        "Perturb &Observe (P&O)",
        "Reference Speed",
        "Stability analysis",
        "Power Point Tracking",
        "Inverter",
        "Simulink",
        "Hidden Layer",
        "Mathematical models",
        "Photovoltaic",
        "Maximum Power",
        "Photovoltaic System",
        "Water pumping system",
        "Artificial neural networks",
        "Matlab",
        "Pump System",
        "Multilayer Perceptron",
        "Maximum power point trackers",
        "Maximum Power Point Tracking",
        "Solar Cells",
        "MPPT",
        "Angular Speed",
        "Changes In Radiation",
        "Artificial Neural Network (ANN)",
        "Power System Stability",
        "Power Extraction",
        "Activation Function",
        "Artificial Neural Network",
        "Maximum Power Point",
        "Green products"
    ]
}