{
    "Title": "A Five-Channel Weighted Real-Time Algorithm for High-Density Electrodes Spike Sorting",
    "Authors": [
        "Jiaxin He",
        "Chongyuan Ren",
        "Yu Ma",
        "Yizhou Jiang",
        "Yajie Qin"
    ],
    "Date": "2023-12-11",
    "Institution": [
        "Shanghai Engineering Research Center of Assistive Devices",
        "Key Laboratory of Medical Imaging Computing and Computer Assisted Intervention (MICCAI) of Shanghai",
        "Fudan University"
    ],
    "City": [
        "Shanghai"
    ],
    "Country": [
        "China"
    ],
    "Keywords": [
        "Recording",
        "Real-time Algorithm",
        "Multichannel Detector",
        "Unsupervised learning",
        "Probes",
        "Channel Signal",
        "Electrodes",
        "Spike Detection",
        "Biology",
        "S-channel",
        "Adjacent Channels",
        "Average Accuracy",
        "Neurons",
        "Real-time systems",
        "Size Of Neurons",
        "Unsupervised Learning",
        "Action Potentials",
        "Neuronal Shape",
        "Template Matching Method",
        "Sorting Results",
        "Background Noise",
        "Algorithms",
        "Simulated Datasets",
        "Template Matching",
        "Central Focus",
        "High-density Electrode"
    ]
}