{
    "Title": "Monolithic Micro LED/ Semiconductor Metal Oxide Sensor Towards Ultra-Low-Power and Intelligent Gas Sensing",
    "Authors": [
        "Inkyu Park"
    ],
    "Date": "2023-12-12",
    "Institution": [
        "Korea Advanced Institute of Science and Technology (KAIST)"
    ],
    "City": [
        "Daejeon"
    ],
    "Country": [
        "South Korea"
    ],
    "Keywords": [
        "Surges",
        "Intelligent Gas",
        "Deep Convolutional Neural Network",
        "Learning Algorithms",
        "Wide Range Of Industries",
        "Gas Sensors",
        "Air Pollution",
        "Metal Oxide Semiconductor",
        "Power demand",
        "Sensors",
        "Mean Absolute Error",
        "Sensory Signals",
        "Convolutional Neural Network Algorithm",
        "Micromechanical devices",
        "Localized Surface Plasmon Resonance",
        "Power Consumption",
        "Industries",
        "Metals",
        "Convolutional Neural Network",
        "Machine learning algorithms",
        "Semiconductor Metal Oxide Sensors"
    ]
}