{
    "Title": "Optimal Design of No-load Characteristics of AFPM Machines Based on Improved Exact Subdomain Model",
    "Authors": [
        "Wenming Tong",
        "Deyi Cai",
        "Shengnan Wu"
    ],
    "Date": "2023-12-14",
    "Institution": [
        "Shenyang University of Technology"
    ],
    "City": [
        "Shenyang"
    ],
    "Country": [
        "China"
    ],
    "Keywords": [
        "Model Analysis",
        "Objective Function",
        "factional slot concentrated winding (FSCW)",
        "Predictive models",
        "Axial-flux Permanent Magnet",
        "Multi-objective Optimization",
        "Permanent Magnet",
        "Magnetic Field Distribution",
        "Machine Design",
        "Computation Time",
        "Air Gap",
        "2D Model",
        "Magnetomotive Force",
        "Vector Potential",
        "Winding Factor",
        "Analytical models",
        "Permanent magnets",
        "Analytical Methods",
        "Relative Permeability",
        "General Solution",
        "Evolutionary computation",
        "Axial flux permanent magnet (AFPM) machine",
        "hybrid optimization method",
        "Multi-objective Optimization Problem",
        "Magnetic Flux",
        "no-load",
        "Optimization methods",
        "Magnetic Field",
        "Periodic Boundary Conditions",
        "Electromotive Force",
        "Total Harmonic Distortion",
        "Evolutionary Algorithms",
        "Total harmonic distortion",
        "Machining Features",
        "Finite Element Method",
        "Flux Linkage",
        "Windings",
        "Back Electromotive Force",
        "Vector Field"
    ]
}