{
    "Title": "Initial Task Allocation for Multi-Human Multi-Robot Teams with Attention-Based Deep Reinforcement Learning",
    "Authors": [
        "Ruiqi Wang",
        "Dezhong Zhao",
        "Byung-Cheol Min"
    ],
    "Date": "2023-12-13",
    "Institution": [
        "West Lafayette",
        "Beijing University of Chemical Technology"
    ],
    "City": [
        "IN",
        "Beijing"
    ],
    "Country": [
        "USA",
        "China"
    ],
    "Keywords": [
        "Human Operator",
        "Multiple Robots",
        "Robot Characteristics",
        "Contextual Processing",
        "Gated Recurrent Unit",
        "Markov Decision Process",
        "Deep Reinforcement Learning",
        "Collaboration",
        "Multi-robot Team",
        "Deep Learning Approaches",
        "Large-scale Surveillance",
        "High Heterogeneity",
        "Skill Level",
        "Decision making",
        "Task Allocation",
        "Policy Learning",
        "Task Properties",
        "Surveillance",
        "Proximal Policy Optimization",
        "Types Of Robots",
        "Unmanned Aerial Vehicles",
        "Human Performance",
        "Levels Of Cognitive Ability",
        "Individual Differences",
        "Optimal Policy",
        "Adaptation models",
        "Representation learning",
        "Deep learning",
        "Reinforcement learning",
        "Diverse Capabilities",
        "Agentic",
        "Cognitive Function",
        "Task Scenarios",
        "State Representation",
        "Team Performance",
        "Unmanned Ground Vehicles",
        "Human Robot"
    ]
}