{
    "Title": "Development and Online Validation of an Intrinsic Fault Detector for a Powered Robotic Knee Prosthesis",
    "Authors": [
        "Amirreza Naseri",
        "Ming Liu",
        "I-Chieh Lee",
        "Helen He Huang"
    ],
    "Date": "2023-12-13",
    "Institution": [
        "Chapel Hill",
        "Raleigh"
    ],
    "City": [
        "NC"
    ],
    "Country": [
        "USA"
    ],
    "Keywords": [
        "Legged Robots",
        "Robotic Prostheses",
        "Fault detection",
        "Gaussian Process Model",
        "Kriging",
        "Differences In Sensitivity",
        "Detection Time",
        "Lower Limb Amputation",
        "Gaussian Process Regression Model",
        "Legged locomotion",
        "Process Model",
        "Axial Load",
        "Significant Difference In Sensitivity",
        "Knee",
        "Hyperparameters",
        "Angular Velocity",
        "Off-line Analysis",
        "Covariance Function",
        "Gaussian Process",
        "Prosthetic Limb",
        "Robot sensing systems",
        "Machine Learning Approaches",
        "False Alarm Rate",
        "Low False Alarm",
        "Detection Scheme",
        "Matérn Covariance Function",
        "Internal Control",
        "Time Scheme",
        "Performance evaluation",
        "Fault-tolerant",
        "Walking Speed",
        "Events In Real Time",
        "Safety",
        "Lower Limb",
        "Internal Defects",
        "Detectors",
        "False Alarm"
    ]
}