{
    "Title": "Experimental Benchmarking of Quantum Machine Learning Classifiers",
    "Authors": [
        "Mohamed Aly",
        "Salma Fadaaq",
        "Omnia Abu Warga",
        "Qassim Nasir",
        "Manar Abu Talib"
    ],
    "Date": "2023-12-12",
    "Institution": [
        "University of Sharjah"
    ],
    "City": [
        "Sharjah"
    ],
    "Country": [
        "UAE"
    ],
    "Keywords": [
        "Fine Needle Aspiration",
        "Systematics",
        "Support Vector Machine Classifier",
        "variational quantum circuit",
        "Quantum Algorithms",
        "Learning Algorithms",
        "Benchmark testing",
        "Optimization Task",
        "Dimensionality Reduction",
        "Highest Average Accuracy",
        "Classification Task",
        "Optimization Algorithm",
        "Classical Classifier",
        "Quantum Circuit",
        "quantum machine learning",
        "benchmark",
        "Quantum Computing",
        "Breast Cancer Dataset",
        "Support vector machine classification",
        "Machine Learning",
        "Quantum Advantage",
        "Breast Cancer",
        "Support Vector Machine",
        "Quantum State",
        "Machine learning",
        "Quantum Model",
        "Machine Learning Classifiers",
        "Feature Maps",
        "pegasos quantum support vector classifier",
        "Interdisciplinary Field",
        "Data Pre-processing",
        "neural network classifier",
        "Computational modeling",
        "Neural Network",
        "Classical Computer",
        "Quantum computing",
        "Benchmark Study",
        "quantum support vector classifier",
        "Training Time",
        "Training",
        "Quantum Machine",
        "Cancer Datasets"
    ]
}