{
    "Title": "E-Commerce Website: A Systematic Literature Review",
    "Authors": [
        "Caitlyn Eugenia Wihardja",
        "Mochammad Haldi Widianto"
    ],
    "Date": "2023-12-14",
    "Institution": [
        "Bina Nusantara University",
        "BINUS University"
    ],
    "City": [
        "Jakarta"
    ],
    "Country": [
        "Indonesia"
    ],
    "Keywords": [
        "Companies",
        "Business",
        "Behavioral sciences",
        "Customer Trust",
        "Systematic Literature Review",
        "User Experience",
        "Bibliographies",
        "Review Paper",
        "Repurchase Intention",
        "Consumer Trust",
        "E-commerce",
        "User Behavior",
        "Systematic Review",
        "Systematics",
        "Multimedia systems",
        "Website Design",
        "Solids",
        "Digital Marketing",
        "User experience",
        "Usability"
    ]
}