{
    "Title": "Power Line Fault Identification Based on Artificial Intelligence Technology",
    "Authors": [
        "Lingzhi Xia",
        "Chao Zhen",
        "Yang Cheng",
        "Yushun Liu",
        "Senlin Li"
    ],
    "Date": "2023-12-25",
    "Institution": [
        "Electric Power Research Institute",
        "Ltd."
    ],
    "City": [
        "Hefei"
    ],
    "Country": [
        "China"
    ],
    "Keywords": [
        "Fractals",
        "Iterative algorithms",
        "Convergence Factor",
        "Hunting Behavior",
        "Power Line",
        "Canis Lupus",
        "Fault identification",
        "Local Area",
        "Artificial Intelligence Technology",
        "Hessian Matrix",
        "Extreme Points",
        "Fault Location",
        "Accurate Identification",
        "Scale Space",
        "Power lines",
        "Electrical engineering",
        "Back Propagation Neural Network",
        "SIFT algorithm",
        "Feature Points",
        "Artificial intelligence",
        "Fault Identification",
        "Monitoring Points",
        "Fault diagnosis"
    ]
}