{
    "Title": "Programmable Graphene Metasurfaces for Smart Windows: achieving transparency and control",
    "Authors": [
        "G. Magno",
        "I. Marasco",
        "C. Cantore",
        "M. Grande",
        "G. V. Bianco",
        "G. Bruno"
    ],
    "Date": "2023-12-19",
    "Institution": [
        "CNR-NANOTEC",
        "Polytechnic University of Bari"
    ],
    "City": [
        "Bari"
    ],
    "Country": [
        "Italy"
    ],
    "Keywords": [
        "Radiation Pattern",
        "Graphene",
        "Indoor Surfaces",
        "optical transparency",
        "Pellucida",
        "Millimeter wave radar",
        "TE Polarization",
        "Beam Splitter",
        "Sheet Resistance",
        "Surface waves",
        "graphene",
        "Chemical Vapor Deposition",
        "Programmable Metasurface",
        "Antenna measurements",
        "Coding Patterns",
        "Square Wave",
        "Normal Incidence",
        "beam steering",
        "Electromagnetic Wave",
        "Optical reflection",
        "reflecting intelligent surface",
        "Radar cross-sections",
        "Metasurfaces",
        "metasurfaces",
        "Radar Cross Section"
    ]
}