{
    "Title": "OCViTnet: Pulse Wave Learning for Cuffless Blood Pressure Estimation of Medical Service Robots",
    "Authors": [
        "Yuhui Cen",
        "Jingjing Luo",
        "Hongbo Wang",
        "Li Chen",
        "Xing Zhu",
        "Jingchun Luo"
    ],
    "Date": "2023-12-22",
    "Institution": [
        "The Institute of AI and Robotics",
        "Fudan University",
        "Engineering Research Center of AI & Robotics"
    ],
    "City": [
        "Shanghai",
        "Academy for Engineering and Technology"
    ],
    "Country": [
        "P.R.China",
        "Fudan University",
        "China"
    ],
    "Keywords": [
        "Blood Pressure Measurements",
        "Forehead",
        "Photoplethysmography",
        "Radial Wave",
        "Local Features",
        "Waveform Features",
        "Cuffless Blood Pressure",
        "Transformers",
        "Pulse Wave",
        "Service Robots",
        "Market research",
        "Convolutional Neural Network",
        "Network Model",
        "Convolution Kernel",
        "Convolutional Network",
        "Force Sensor",
        "Phenotypic Information",
        "Multilayer Perceptron",
        "Original Signal",
        "Cuffless Blood Pressure Estimation",
        "Model Performance",
        "Pulse Waveform",
        "Systolic Blood Pressure",
        "Feature extraction",
        "Deep Learning Models",
        "Data Pre-processing",
        "Blood Pressure",
        "Radial Artery",
        "PPG Signal",
        "Model Design",
        "Diastolic Blood Pressure",
        "Medical services",
        "Estimation",
        "Convolutional Layers",
        "Vision Transformer",
        "Pulse Wave Velocity"
    ]
}