{
    "Title": "A Study of EV and PV Effects in Residential Distribution Networks using Monte Carlo Simulation and Smart Meter Dataset",
    "Authors": [
        "Supachai Vorapojpisut",
        "Nithipat Makumpon",
        "Chanatip Srirattanatapee"
    ],
    "Date": "2023-12-19",
    "Institution": [
        "Thammasat University"
    ],
    "City": [
        "Pathumthani"
    ],
    "Country": [
        "Thailand"
    ],
    "Keywords": [
        "Economics",
        "Power systems",
        "Peak Demand",
        "Flow Data",
        "Distribution Network",
        "Photovoltaic Effect",
        "Electric vehicle charging",
        "Residential Areas",
        "EV charging station",
        "Long Short-term Memory Model",
        "Natural language processing",
        "load flow analysis",
        "Monte Carlo simulation",
        "smart meter dataset",
        "Residential Distribution Networks",
        "Smart Meters",
        "Mean Absolute Percentage Error",
        "Time Series Data",
        "Photovoltaic System",
        "Distribution System",
        "Monte Carlo Simulation",
        "Factor Loadings",
        "Simulation Environment",
        "Recurrent Neural Network",
        "Power Distribution Network",
        "Electric Vehicles Charging",
        "Solar Panels",
        "PV solar panel",
        "Transformer",
        "DNA-based",
        "Transmission Line",
        "Electric Distribution",
        "Smart meters",
        "Smart Meter Dataset",
        "Impact Assessment",
        "Long Short-term Memory",
        "Techniques In Conjunction",
        "Distribution System Operator",
        "Monte Carlo methods",
        "Focusing",
        "Power Demand"
    ]
}