{
    "Title": "High-Voltage Nanosecond Pulse Generator Based on DSRD Series Components",
    "Authors": [
        "Yunlong Liu",
        "Liang Yu",
        "Xiandong Li",
        "Huadong Li",
        "Tao Ma",
        "Shengyuan Guan",
        "Zixin Nie",
        "Chenguo Yao"
    ],
    "Date": "2023-12-20",
    "Institution": [
        "State Grid Chongqing Shibei Electric Power Supply Branch",
        "Chongqing University"
    ],
    "City": [
        "Chongqing"
    ],
    "Country": [
        "China"
    ],
    "Keywords": [
        "Resistors",
        "Magnetic Flux",
        "saturable pulse transformer",
        "Voltage Waveforms",
        "Input Voltage",
        "drift step recovery diode(DSRD)",
        "Rise Time",
        "Semiconductor device modeling",
        "Knee Point",
        "Output Pulse",
        "Switches",
        "Magnetic Core",
        "Primary Side",
        "High-voltage Pulse Generator",
        "High-voltage techniques",
        "Reverse Current",
        "Renewable energy sources",
        "Voltage",
        "inductive energy storage",
        "High Output Voltage",
        "Circuit Design",
        "Primary Storage",
        "Parameter Selection",
        "Pulse Amplitude",
        "High-voltage Pulses",
        "SPICE",
        "High-voltage Generator",
        "Nanosecond Pulses",
        "Secondary Side",
        "Circuit Parameters",
        "High-voltage Nanosecond Pulses",
        "Relative Permeability"
    ]
}