{
    "Title": "Continuous Wavelet Transform based Visualization of Transient and Short Duration Voltage Variations",
    "Authors": [
        "M. S. Priyadarshini",
        "D. Krishna",
        "M. Bhaskara Reddy",
        "Ankit Bhatt",
        "Mohit Bajaj",
        "Mohamed Metwally Mahmoud"
    ],
    "Date": "2023-12-19",
    "Institution": [
        "Faculty of Energy Engineering",
        "Graphic Era (Deemed to be University)",
        "K.S.R.M College of Engineering",
        "Graphic Era Hill University",
        "Anurag University"
    ],
    "City": [
        "Dehradun",
        "Kadapa",
        "Hyderabad",
        "Aswan University"
    ],
    "Country": [
        "India",
        "Aswan"
    ],
    "Keywords": [
        "Voltage Signal",
        "Disturbance Signal",
        "Types Of Disturbances",
        "Continuous Wavelet",
        "Voltage Imbalance",
        "Coefficient Plots",
        "Power Quality",
        "Signal Processing",
        "Electric Power",
        "Voltage Loss",
        "Mother Wavelet",
        "Original Signal",
        "Transient Voltage",
        "Wavelet toolbox",
        "Signal processing",
        "Voltage Sag",
        "Continuous wavelet transform",
        "Continuous wavelet transforms",
        "Voltage Spikes",
        "Graphical User Interface",
        "Wavelet Analysis",
        "RMS Voltage",
        "Morlet Wavelet",
        "Morlet wavelet",
        "Command line interface",
        "Function Of Time",
        "Command Line",
        "Voltage fluctuations",
        "Voltage Quality",
        "Voltage Variation",
        "Wavelet Transform",
        "Time Domain",
        "Functional Scale",
        "Graphical Tool",
        "Transient Signal",
        "Power quality",
        "Smart grids",
        "Voltage Rise",
        "Visualization",
        "Continuous Wavelet Transform",
        "Voltage variations",
        "Wavelet analysis"
    ]
}