{
    "Title": "Research on Multi-Timescale Optimal Economic Model of Rural Integrated Energy System",
    "Authors": [
        "Hu Tan",
        "Tingting Xu",
        "Xiaoliang Wang",
        "Ke Zhao"
    ],
    "Date": "2023-12-25",
    "Institution": [
        "State Grid Shandong Electric Power Company"
    ],
    "City": [
        "Weifang"
    ],
    "Country": [
        "China"
    ],
    "Keywords": [
        "Supply And Demand",
        "Particle Swarm Optimization",
        "Wind Power",
        "Energy Storage Technologies",
        "Energy Conversion",
        "Combined Heat And Power",
        "Optimal Model",
        "Linear programming",
        "Renewable Sources",
        "Simulation Results",
        "Rural Areas",
        "Electrical Energy",
        "Energy System",
        "Renewable Energy",
        "Energy Demand",
        "Environmental Protection",
        "Gas Turbine",
        "State Of Charge",
        "Configuration Scheme",
        "Wind Turbine",
        "Heating System",
        "Renewable energy sources",
        "Thermal Energy",
        "Photovoltaic System",
        "Objective Function",
        "Energy Storage Systems",
        "Optimization",
        "Time scale",
        "Comprehensive Optimization",
        "Diesel Generators",
        "Electrical engineering",
        "Power Generation",
        "Rural areas",
        "Wind power generation",
        "Greenhouse Gas",
        "Photovoltaic systems",
        "Particle swarm optimization",
        "Power Generation System",
        "Energy Supply"
    ]
}