{
    "Title": "Research on Intelligent Analysis and Judgment of English Word Part of Speech Based on Improved GLR Algorithm",
    "Authors": [
        "Ting Mei"
    ],
    "Date": "2023-12-22",
    "Institution": [
        "Hubei Business College"
    ],
    "City": [
        "Wuhan"
    ],
    "Country": [
        "China"
    ],
    "Keywords": [
        "English Sentences",
        "Recognition Results",
        "Noun Phrase",
        "Input String",
        "Part Of The Sentence",
        "Grammatical Function",
        "Vocabulary",
        "Foreign Language",
        "English words",
        "Postage",
        "Semantic Components",
        "Syntactic Analysis",
        "Sentence Completion",
        "Incremental Learning",
        "Part-of-speech intelligence analysis",
        "Real-time systems",
        "Manuals",
        "Machine Translation",
        "English Learners",
        "Word Spelling",
        "Syntactics",
        "Confidence In Learning",
        "Semantics",
        "Scientific computing",
        "Intelligent Systems",
        "Automatic Recognition",
        "Grammar Rules",
        "Part-of-speech",
        "Semantic Similarity",
        "Daily Life",
        "Global Economy",
        "Improved GLR algorithm",
        "Role In Analysis",
        "Adaptation models",
        "Morphemes",
        "Syntactic Ambiguity",
        "Technological Progress"
    ]
}