{
    "Title": "Efficient Implementation of Peak Detection Algorithm for X-Ray Fluorescence Systems",
    "Authors": [
        "Yulu Wang",
        "Zheyan Piao"
    ],
    "Date": "2023-12-29",
    "Institution": [
        "Shandong Jiaotong University"
    ],
    "City": [
        "Jinan"
    ],
    "Country": [
        "China"
    ],
    "Keywords": [
        "High-energy X-ray",
        "Peak Detection",
        "peak detection",
        "Word Length",
        "Filtering algorithms",
        "X-ray Fluorescence",
        "Circuits and systems",
        "Approximation algorithms",
        "XRF system",
        "FPGA",
        "Input Signal",
        "Flat Part",
        "Shape",
        "Peak Detection Algorithm",
        "Peak Value",
        "Pulse Shape",
        "trapezoidal filter",
        "Fluorescence",
        "Cyclones",
        "Filtration Efficiency",
        "Chemical elements"
    ]
}