{
    "Title": "Design and Testing of Plate Heat Exchanger for a High Temperature Superconducting Motor with Oil-cooling Air-core Stator",
    "Authors": [
        "Zicheng Yan",
        "Qi Dong",
        "Yong Zhou"
    ],
    "Date": "2024-01-09",
    "Institution": [
        "Wuhan Institute of Marine Electric Propulsion"
    ],
    "City": [
        "Wuhan"
    ],
    "Country": [
        "China"
    ],
    "Keywords": [
        "Plate Heat Exchanger",
        "Heat Capacity",
        "HTS motor",
        "Actual Working Conditions",
        "Working Conditions",
        "Superconductivity",
        "Heat Exchange",
        "Electromagnetic devices",
        "Cold Water",
        "Heat Transfer Performance",
        "Heat Exchanger",
        "Employee welfare",
        "Heat Transfer Coefficient",
        "Cold Fluid",
        "Heat Transfer Area",
        "High-temperature superconductors",
        "Atmospheric modeling",
        "Flow Meter",
        "Outlet Water",
        "Transformer Oil",
        "Cold Side",
        "Cooling system",
        "Heat Transfer Calculations",
        "High-temperature Superconductors",
        "Heat Transfer",
        "Cooling",
        "Electromagnetic heating"
    ]
}