{
    "Title": "Workload Allocation in Fog Environment Using Multi-Objective Evolutionary Algorithms for Internet of Things",
    "Authors": [
        "Hafsa Raissouli",
        "Ahmad Alauddin Bin Ariffin",
        "Samir Brahim Belhaouari"
    ],
    "Date": "2023-12-22",
    "Institution": [
        "University Putra Malaysia",
        "Hamad Bin Khalifa University"
    ],
    "City": [
        "Serdang",
        "Doha"
    ],
    "Country": [
        "Malaysia",
        "Qatar"
    ],
    "Keywords": [
        "Non-dominated Sorting Genetic Algorithm",
        "Swarming Behavior",
        "Fog computing",
        "Resource management",
        "Energy consumption",
        "Internet of things",
        "Simulation",
        "Renewable Energy",
        "Smart City",
        "Multi-objective Evolutionary Algorithms",
        "Sum Of Delay",
        "Internet Of Things",
        "Types Of Delays",
        "Fog Nodes",
        "Increase In Workload",
        "Performance Of Algorithm",
        "Evolutionary Algorithms",
        "evolutionary algorithms",
        "multi-objective optimization",
        "Stochastic Method",
        "Power Devices",
        "Power Consumption",
        "Performance evaluation",
        "Pareto Front",
        "Internet Of Things Devices",
        "Internet of Things",
        "Load Model",
        "Fog Computing",
        "Machine Learning Methods",
        "Mathematical Methods",
        "Energy Consumption",
        "Load Balancing",
        "Field Scenarios",
        "Evolutionary computation",
        "Transmission Power",
        "Terminal Nodes",
        "Fog Environment",
        "Delays",
        "workload allocation",
        "Workload Allocation"
    ]
}