{
    "Title": "HVAC System Fault Diagnosis via Feature Selection and Classification",
    "Authors": [
        "Xuntan Ye",
        "Hongzong Li",
        "Jun Wang"
    ],
    "Date": "2023-12-29",
    "Institution": [
        "City University of Hong Kong"
    ],
    "City": [
        "Kowloon",
        "Shenzhen"
    ],
    "Country": [
        "China",
        "Hong Kong"
    ],
    "Keywords": [
        "Information Gain",
        "Feature Selection Methods",
        "heating ventilation and air conditioning (HVAC) systems",
        "Types Of Defects",
        "Negative Infinity",
        "Types Of Values",
        "Training Set",
        "Mutual Information",
        "Energy Waste",
        "Base Classifiers",
        "K-nearest Neighbor",
        "Neurodynamics",
        "Stacking",
        "Maintenance engineering",
        "HVAC",
        "Degrees Of Freedom",
        "XGBoost",
        "Mean Accuracy",
        "Random Initialization",
        "Model-based Approach",
        "Feature Subset",
        "Mean Accuracy Values",
        "Two-stage Approach",
        "classification",
        "Feature Selection Algorithm",
        "Fault detection and diagnosis",
        "Fault detection",
        "Air conditioning",
        "Support Vector Machine",
        "feature selection",
        "Redundant Features",
        "Rule-based Approach",
        "Fault Diagnosis Method",
        "LightGBM",
        "Target Label",
        "Ventilation",
        "Fault Diagnosis"
    ]
}