{
    "Title": "Event-Based Frequency Analysis in an African Transmission System Using Phasor Measurement Data",
    "Authors": [
        "Julius Abayateye",
        "Daniel Zimmerle"
    ],
    "Date": "2023-12-22",
    "Institution": [
        "Colorado State University",
        "Collins"
    ],
    "City": [
        "Fort Collins",
        "CO"
    ],
    "Country": [
        "U.S.A.",
        "U.S.A"
    ],
    "Keywords": [
        "Transmission System Operator",
        "Sustained Oscillations",
        "Variable Renewable Energy (VRE)",
        "Wide Area Monitoring System (WAMS)",
        "Power System",
        "Response Metrics",
        "Interconnected Systems",
        "National Code",
        "Phasor Measurement Units",
        "Solar Photovoltaic",
        "Transmission System",
        "System Frequency",
        "Frequency measurement",
        "Responses In Areas",
        "Stability",
        "Grid Code",
        "Renewable energy sources",
        "Frequency Drop",
        "Frequency Response",
        "Primary Frequency",
        "Governor Response",
        "Secondary Frequency",
        "West Africa",
        "Frequency Control",
        "Phasor measurement units",
        "Wind Variability",
        "Automatic generation control",
        "Manuals",
        "Transmission Network",
        "Primary Control",
        "Energy Transmission",
        "Decline In Frequency",
        "Active Control",
        "Frequency response",
        "Reliability",
        "Load Shedding",
        "Phasor Measurement Data",
        "Secondary Control"
    ]
}