{
    "Title": "Non-parametric Bayesian Network for Surrogate Data",
    "Authors": [
        "Nikita S. Pyko"
    ],
    "Date": "2024-01-01",
    "Institution": [
        "Saint Petersburg Electrotechnical University “LETI”"
    ],
    "City": [
        "Saint Petersburg"
    ],
    "Country": [
        "Russia"
    ],
    "Keywords": [
        "Correlation",
        "Spearman's rank correlation",
        "Form Of Distribution",
        "Hydrological",
        "Spearman Correlation",
        "Child Nodes",
        "Directed Acyclic Graph",
        "Root Mean Square Error",
        "Expert Assessment",
        "Surrogate Marker",
        "Domain Experts",
        "Gaussian Copula",
        "directed acyclic graph",
        "Root Node",
        "Measurement",
        "Random Variables",
        "Bayesian Model",
        "Seminars",
        "Directed graphs",
        "Probabilistic logic",
        "Cross-correlation",
        "Bayesian Network",
        "Signal processing",
        "copula",
        "Rank Correlation",
        "Probability Density",
        "Mathematical models",
        "Joint Distribution Of Variables",
        "Euclidean Space",
        "Marginal Distribution",
        "RMSE Error",
        "Diagnostic Accuracy",
        "Non-Parametric Bayesian Networks"
    ]
}