{
    "Title": "Integrated Spectrometer by Using Counter-Propagating Arrayed Waveguide Grating and Interleaved Micro-Ring Resonators",
    "Authors": [
        "Zunyue Zhang",
        "Yi Wang",
        "Zhenzhou Cheng",
        "Hon Ki Tsang"
    ],
    "Date": "2024-01-01",
    "Institution": [
        "The Chinese University of Hong Kong",
        "Tianjin University"
    ],
    "City": [
        "Hong Kong",
        "Tianjin"
    ],
    "Country": [
        "China"
    ],
    "Keywords": [
        "Microring Resonators",
        "Photocurrent",
        "Output Channels",
        "Germanium",
        "Waveguide Width",
        "Spectral Resolution",
        "Asia",
        "High Spectral Resolution",
        "micro-ring resonators",
        "arrayed waveguide grating",
        "Gratings",
        "Photodetectors",
        "High-resolution Spectrometer",
        "Channel spacing",
        "Resonators",
        "Spectral Response",
        "Photodetector",
        "High-resolution",
        "Channel Spacing",
        "Resonance Wavelength",
        "Broadband communication",
        "Output Ports",
        "Wavelength Channels",
        "Arrayed Waveguide Grating",
        "integrated spectrometers"
    ]
}