{
    "Title": "A new approach for monitoring disease progression in Multiple Sclerosis Lesions using 3D Magnetic Brain Image",
    "Authors": [
        "Samah Yahia",
        "Yassine Ben Salem",
        "Mohamed Naceur Abdelkrim"
    ],
    "Date": "2023-12-29",
    "Institution": [
        "University of Gabes"
    ],
    "City": [
        "Gabes"
    ],
    "Country": [
        "Tunisia"
    ],
    "Keywords": [
        "Multiple Sclerosis Lesion evolution",
        "Quality Of Life",
        "3D Magnetic Resonance Images",
        "Neuroimaging",
        "Brain",
        "Mechatronics",
        "Chronic Inflammatory Autoimmune Disease",
        "Orthogonal Planes",
        "Three-dimensional displays",
        "3D Brain Image",
        "Features extraction",
        "Orthogonal planes",
        "Multiple Sclerosis",
        "Image Analysis",
        "Brain Magnetic Resonance Imaging",
        "Support vector machines",
        "Magnetic resonance imaging",
        "Multiple Sclerosis Lesions",
        "Image Descriptors",
        "Single Feature Vector",
        "Multiple sclerosis",
        "Spinal cord",
        "3D Images",
        "Support Vector Machine",
        "Support Vector Machine Classifier",
        "3D Image Analysis",
        "Magnetic Resonance Imaging"
    ]
}