{
    "Title": "Bidirectional Asymmetric CLLLC Resonant DC-DC Converter for Onboard Electric Vehicle Chargers",
    "Authors": [
        "Angshuman Sharma",
        "Alvaro Cardoza",
        "Kartikeya J. P. Veeramraju",
        "Oroghene Oboreh-Snapps",
        "Jonathan W. Kimball"
    ],
    "Date": "2023-12-29",
    "Institution": [
        "Rolla"
    ],
    "City": [
        "MO"
    ],
    "Country": [
        "USA"
    ],
    "Keywords": [
        "Power Flow Direction",
        "Switching frequency",
        "Passive Components",
        "Electric Vehicles",
        "DC-DC power converters",
        "Switched Capacitor",
        "Asymmetric resonant tank",
        "Electric vehicles",
        "Electric Vehicles Battery",
        "onboard charger",
        "Capacitor Size",
        "Power system measurements",
        "Resonant Capacitor",
        "Dcdc Converter",
        "Frequency modulation",
        "voltage gain equation",
        "Model Of Converter",
        "DC Voltage",
        "CLLLC resonant converter",
        "Bidirectional DC-DC Converter",
        "Resonant Tank",
        "Converter Output",
        "Voltage",
        "Sine Wave",
        "Bidirectional Converter",
        "Variant Frequency",
        "Fundamental Frequency",
        "Output Resistance",
        "Power Density",
        "electric vehicle",
        "Capacitance Ratio",
        "Resonance Frequency",
        "Resonant DC-DC Converter",
        "Electromagnetic Interference",
        "Conversion Gain",
        "Switching Frequency",
        "Resonant Converter",
        "Flow Direction",
        "Active Bridge",
        "Bandwidth",
        "High Power Efficiency"
    ]
}