{
    "Title": "User-Centric Security and Privacy Threats in Connected Vehicles: A Threat Modeling Analysis Using STRIDE and LINDDUN",
    "Authors": [
        "Beáta Stingelová",
        "Clemens Thaddäus Thrakl",
        "Laura Wrońska",
        "Sandra Jedrej-Szymankiewicz",
        "Sajjad Khan",
        "Davor Svetinovic"
    ],
    "Date": "2023-12-25",
    "Institution": [
        "Vienna University of Economics and Business",
        "Khalifa University"
    ],
    "City": [
        "Abu Dhabi",
        "Vienna"
    ],
    "Country": [
        "Austria",
        "UAE"
    ],
    "Keywords": [
        "Potential Privacy",
        "Driver Assistance",
        "Privacy",
        "Smart Devices",
        "Privacy Threats",
        "Automobiles",
        "IoT",
        "Internet Devices",
        "Vehicular ad hoc networks",
        "Denial Of Service",
        "Threat Modeling",
        "Potential Attacks",
        "Predictive Maintenance",
        "Security Vulnerabilities",
        "Communication Technologies",
        "Types Of Connections",
        "Artificial Intelligence",
        "Internet Of Things",
        "Autonomous Vehicles",
        "Security Threats",
        "Types Of Threats",
        "Personal Information",
        "Advanced Driver Assistance Systems",
        "User Acceptance",
        "Artificial Intelligence Systems",
        "Robust Mechanism",
        "Cyberphysical Systems",
        "Threat modeling",
        "Connected Cars",
        "Object recognition",
        "Internet of Things",
        "User Privacy",
        "Threat Model",
        "Controller Area Network",
        "Control Unit",
        "Connected vehicles"
    ]
}