{
    "Title": "Sport DB 2.0: A New Database of Data Acquired by Wearable and Portable Devices While Practicing Sport",
    "Authors": [
        "Sofia Romagnoli",
        "Agnese Sbrollini",
        "Antonio Nocera",
        "Micaela Morettini",
        "Ennio Gambi",
        "Danilo Bondi",
        "Tiziana Pietrangelo",
        "Vittore Verratti",
        "Laura Burattini"
    ],
    "Date": "2023-12-26",
    "Institution": [
        "Università Politecnica delle Marche",
        "Università degli studi ‘G. d'Annunzio’ Chieti-Pescara"
    ],
    "City": [
        "Chieti",
        "Ancona"
    ],
    "Country": [
        "Italy"
    ],
    "Keywords": [
        "Wearable Devices",
        "Alcohol Consumption",
        "Training",
        "Signal processing algorithms",
        "Wearable Sensors",
        "Mobile Devices",
        "Acquisition Protocol",
        "Reliability",
        "Consumption Of Dietary Supplements",
        "Caffeine Consumption",
        "Device Reliability",
        "Protocols",
        "Technological innovation",
        "Sports Practice",
        "Wearable computers",
        "Presence Of Disease",
        "Basketball",
        "Databases"
    ]
}