{
    "Title": "The Impact of CTLE Poles on Receiver Eye Diagrams",
    "Authors": [
        "Haowei Niu",
        "Weixin Gai",
        "Bingyi Ye",
        "Boyang Zhang"
    ],
    "Date": "2023-12-25",
    "Institution": [
        "Peking University"
    ],
    "City": [
        "Beijing"
    ],
    "Country": [
        "China"
    ],
    "Keywords": [
        "Simulation Results",
        "Simulation",
        "Increase In Width",
        "Eye Diagram",
        "Continuous-time Linear Equalizer",
        "Eye Diagrams",
        "Frequency Response",
        "Eyes Open",
        "Random Noise",
        "Micromechanical devices",
        "Eye Width",
        "Time-domain Model",
        "Data communication",
        "DC Gain",
        "Insertion loss",
        "Time-frequency analysis",
        "Eye Height",
        "Waveform",
        "Receivers",
        "Decision feedback equalizers",
        "Quantization Noise",
        "Channel Parameters",
        "Nyquist Frequency",
        "Continuous Time Linear Equalizer",
        "Channel Loss",
        "Wireline Receiver",
        "Insertion Loss",
        "Bit Error Rate"
    ]
}